Business Name,Category,City,Customer ID,Date,State,Number of Records,Spend
Nora's Cuisine,Cafes,Enterprise,XqtcjU9d8bDccPQ3O1EQVA,1/1/2015,NV,1,
Nora's Cuisine,Restaurants,Enterprise,XqtcjU9d8bDccPQ3O1EQVA,1/1/2015,NV,1,
Nora's Cuisine,Bars,Enterprise,XqtcjU9d8bDccPQ3O1EQVA,1/1/2015,NV,1,56.55
Scarpetta,Cafes,Henderson,Lc9LmBuK24mSrDluIs_8Gg,1/1/2015,NV,1,
Scarpetta,Restaurants,Henderson,Lc9LmBuK24mSrDluIs_8Gg,1/1/2015,NV,1,
Scarpetta,Bars,Henderson,Lc9LmBuK24mSrDluIs_8Gg,1/1/2015,NV,1,98.3
The Chandelier,Cafes,Las Vegas,3k9YWC9ukhnGPVuDb-erSQ,1/1/2015,NV,1,
The Chandelier,Bars,Las Vegas,3k9YWC9ukhnGPVuDb-erSQ,1/1/2015,NV,1,
The Chandelier,Restaurants,Las Vegas,3k9YWC9ukhnGPVuDb-erSQ,1/1/2015,NV,1,330.89
Frankie's Tiki Room,Cafes,Paradise,3qOJVyTUfjpbyHy8lhqhog,1/1/2015,NV,1,
Frankie's Tiki Room,Bars,Paradise,3qOJVyTUfjpbyHy8lhqhog,1/1/2015,NV,1,
Frankie's Tiki Room,Restaurants,Paradise,3qOJVyTUfjpbyHy8lhqhog,1/1/2015,NV,1,300.36
Brio Tuscan Grille,Restaurants,Enterprise,80-MYGu3roY5eXHAvO0OAw,1/2/2015,NV,1,
Brio Tuscan Grille,Cafes,Enterprise,80-MYGu3roY5eXHAvO0OAw,1/2/2015,NV,1,
Brio Tuscan Grille,Bars,Enterprise,80-MYGu3roY5eXHAvO0OAw,1/2/2015,NV,1,77.92
LAVO Italian Restaurant & Lounge,Restaurants,Enterprise,rI7vKfmCUmlCyrJ6edz-5w,1/2/2015,NV,1,
LAVO Italian Restaurant & Lounge,Cafes,Enterprise,rI7vKfmCUmlCyrJ6edz-5w,1/2/2015,NV,1,
LAVO Italian Restaurant & Lounge,Bars,Enterprise,rI7vKfmCUmlCyrJ6edz-5w,1/2/2015,NV,1,50.68
Margaritaville,Restaurants,Enterprise,VQn4csaGtX0mhr-VaZzREg,1/2/2015,NV,1,
Margaritaville,Cafes,Enterprise,VQn4csaGtX0mhr-VaZzREg,1/2/2015,NV,1,
Margaritaville,Bars,Enterprise,VQn4csaGtX0mhr-VaZzREg,1/2/2015,NV,1,21.9
SUSHISAMBA Las Vegas,Bars,Enterprise,zL3J_eG0S2X4XgSmaMqwYQ,1/2/2015,NV,1,
SUSHISAMBA Las Vegas,Cafes,Enterprise,zL3J_eG0S2X4XgSmaMqwYQ,1/2/2015,NV,1,
SUSHISAMBA Las Vegas,Restaurants,Enterprise,zL3J_eG0S2X4XgSmaMqwYQ,1/2/2015,NV,1,164.51
The Bagel Café,Restaurants,Enterprise,5zvluUo88izxKboCLoBUgw,1/3/2015,NV,1,
The Bagel Café,Bars,Enterprise,5zvluUo88izxKboCLoBUgw,1/3/2015,NV,1,
The Bagel Café,Cafes,Enterprise,5zvluUo88izxKboCLoBUgw,1/3/2015,NV,1,21.25
The Peppermill Restaurant & Fireside Lounge,Cafes,Enterprise,cdhIOG9HKJKBtRC-AXckEg,1/3/2015,NV,1,
The Peppermill Restaurant & Fireside Lounge,Bars,Enterprise,cdhIOG9HKJKBtRC-AXckEg,1/3/2015,NV,1,
The Peppermill Restaurant & Fireside Lounge,Restaurants,Enterprise,cdhIOG9HKJKBtRC-AXckEg,1/3/2015,NV,1,228.73
Brio Tuscan Grille,Restaurants,Enterprise,STcCu-FCjB4gjMRkMb_B3Q,1/4/2015,NV,1,
Brio Tuscan Grille,Cafes,Enterprise,STcCu-FCjB4gjMRkMb_B3Q,1/4/2015,NV,1,
Brio Tuscan Grille,Bars,Enterprise,STcCu-FCjB4gjMRkMb_B3Q,1/4/2015,NV,1,47.02
LAVO Italian Restaurant & Lounge,Restaurants,Enterprise,GvEjcS8C4vWkxbkMsRt3dA,1/4/2015,NV,1,
LAVO Italian Restaurant & Lounge,Cafes,Enterprise,GvEjcS8C4vWkxbkMsRt3dA,1/4/2015,NV,1,
LAVO Italian Restaurant & Lounge,Bars,Enterprise,GvEjcS8C4vWkxbkMsRt3dA,1/4/2015,NV,1,47.33
Frankie's Tiki Room,Cafes,Enterprise,KtNT8biTJlbAFh-APgO7-w,1/5/2015,NV,1,
Frankie's Tiki Room,Bars,Enterprise,KtNT8biTJlbAFh-APgO7-w,1/5/2015,NV,1,
Frankie's Tiki Room,Restaurants,Enterprise,KtNT8biTJlbAFh-APgO7-w,1/5/2015,NV,1,393.04
The Bagel Café,Bars,Enterprise,0xBVXB3C8T2xsQ01sFRfKQ,1/5/2015,NV,1,
The Bagel Café,Restaurants,Enterprise,0xBVXB3C8T2xsQ01sFRfKQ,1/5/2015,NV,1,
The Bagel Café,Cafes,Enterprise,0xBVXB3C8T2xsQ01sFRfKQ,1/5/2015,NV,1,4.53
CUT,Bars,Enterprise,lLc4ReaxbdUbK_9oe6m4pw,1/6/2015,NV,1,
CUT,Cafes,Enterprise,lLc4ReaxbdUbK_9oe6m4pw,1/6/2015,NV,1,
CUT,Restaurants,Enterprise,lLc4ReaxbdUbK_9oe6m4pw,1/6/2015,NV,1,417.27
SUSHISAMBA Las Vegas,Bars,Paradise,vyiHjaQlESGcXgEfEmH4ow,1/6/2015,NV,1,
SUSHISAMBA Las Vegas,Cafes,Paradise,vyiHjaQlESGcXgEfEmH4ow,1/6/2015,NV,1,
SUSHISAMBA Las Vegas,Restaurants,Paradise,vyiHjaQlESGcXgEfEmH4ow,1/6/2015,NV,1,164.67
The Bagel Café,Restaurants,Paradise,2uwalj8GE5VxvrCUb_lNRA,1/6/2015,NV,1,
The Bagel Café,Bars,Paradise,2uwalj8GE5VxvrCUb_lNRA,1/6/2015,NV,1,
The Bagel Café,Cafes,Paradise,2uwalj8GE5VxvrCUb_lNRA,1/6/2015,NV,1,24.16
The Chandelier,Bars,Paradise,kRbaEclEHTI5bCybEEH4wA,1/6/2015,NV,1,
The Chandelier,Cafes,Paradise,kRbaEclEHTI5bCybEEH4wA,1/6/2015,NV,1,
The Chandelier,Restaurants,Paradise,kRbaEclEHTI5bCybEEH4wA,1/6/2015,NV,1,241.42
The Chandelier,Cafes,Paradise,Yd4NVsow2YSmh7czWJIo1g,1/6/2015,NV,1,
The Chandelier,Bars,Paradise,Yd4NVsow2YSmh7czWJIo1g,1/6/2015,NV,1,
The Chandelier,Restaurants,Paradise,Yd4NVsow2YSmh7czWJIo1g,1/6/2015,NV,1,137.82
Brio Tuscan Grille,Cafes,Paradise,DtaCNzzBnfYcDvXE0N270g,1/7/2015,NV,1,
Brio Tuscan Grille,Restaurants,Paradise,DtaCNzzBnfYcDvXE0N270g,1/7/2015,NV,1,
Brio Tuscan Grille,Bars,Paradise,DtaCNzzBnfYcDvXE0N270g,1/7/2015,NV,1,7.36
CUT,Bars,Paradise,V3kL1J_kP-7dBf_JgcyODw,1/7/2015,NV,1,
CUT,Cafes,Paradise,V3kL1J_kP-7dBf_JgcyODw,1/7/2015,NV,1,
CUT,Restaurants,Paradise,V3kL1J_kP-7dBf_JgcyODw,1/7/2015,NV,1,136.95
Frankie's Tiki Room,Cafes,Paradise,xNb8pFe99ENj8BeMsCBPcQ,1/7/2015,NV,1,
Frankie's Tiki Room,Bars,Paradise,xNb8pFe99ENj8BeMsCBPcQ,1/7/2015,NV,1,
Frankie's Tiki Room,Restaurants,Paradise,xNb8pFe99ENj8BeMsCBPcQ,1/7/2015,NV,1,272.77
CUT,Bars,Paradise,4jBdBhngtrcGzTDKjKbmlQ,1/8/2015,NV,1,
CUT,Cafes,Paradise,4jBdBhngtrcGzTDKjKbmlQ,1/8/2015,NV,1,
CUT,Restaurants,Paradise,4jBdBhngtrcGzTDKjKbmlQ,1/8/2015,NV,1,187.86
Margaritaville,Restaurants,Paradise,yR3jLGMZ1ug7zdPI_xKgTA,1/8/2015,NV,1,
Margaritaville,Cafes,Paradise,yR3jLGMZ1ug7zdPI_xKgTA,1/8/2015,NV,1,
Margaritaville,Bars,Paradise,yR3jLGMZ1ug7zdPI_xKgTA,1/8/2015,NV,1,78.74
SUSHISAMBA Las Vegas,Cafes,Paradise,NW_WOT7RcWvmFZRh98CKyA,1/8/2015,NV,1,
SUSHISAMBA Las Vegas,Bars,Paradise,NW_WOT7RcWvmFZRh98CKyA,1/8/2015,NV,1,
SUSHISAMBA Las Vegas,Restaurants,Paradise,NW_WOT7RcWvmFZRh98CKyA,1/8/2015,NV,1,53.97
CUT,Cafes,Henderson,OVkhCFhx4gk07t3DrkJm6w,1/9/2015,NV,1,
CUT,Bars,Henderson,OVkhCFhx4gk07t3DrkJm6w,1/9/2015,NV,1,
CUT,Restaurants,Henderson,OVkhCFhx4gk07t3DrkJm6w,1/9/2015,NV,1,266.34
Margaritaville,Restaurants,Henderson,L-kiY8WvsrIzcyFvJtpGVQ,1/9/2015,NV,1,
Margaritaville,Cafes,Henderson,L-kiY8WvsrIzcyFvJtpGVQ,1/9/2015,NV,1,
Margaritaville,Bars,Henderson,L-kiY8WvsrIzcyFvJtpGVQ,1/9/2015,NV,1,63.55
SUSHISAMBA Las Vegas,Cafes,Henderson,lScAaXwR6TeiH59Hv2vjPQ,1/9/2015,NV,1,
SUSHISAMBA Las Vegas,Bars,Henderson,lScAaXwR6TeiH59Hv2vjPQ,1/9/2015,NV,1,
SUSHISAMBA Las Vegas,Restaurants,Henderson,lScAaXwR6TeiH59Hv2vjPQ,1/9/2015,NV,1,213.36
CUT,Cafes,Paradise,Nt8Ikt-sEsuZLg9JshxAMA,1/9/2015,NV,1,
CUT,Bars,Paradise,Nt8Ikt-sEsuZLg9JshxAMA,1/9/2015,NV,1,
CUT,Restaurants,Paradise,Nt8Ikt-sEsuZLg9JshxAMA,1/9/2015,NV,1,359.48
Frankie's Tiki Room,Cafes,Henderson,j3DmFPyisJPtJoFdzAkm9g,1/10/2015,NV,1,
Frankie's Tiki Room,Bars,Henderson,j3DmFPyisJPtJoFdzAkm9g,1/10/2015,NV,1,
Frankie's Tiki Room,Restaurants,Henderson,j3DmFPyisJPtJoFdzAkm9g,1/10/2015,NV,1,72.74
The Bagel Café,Bars,Henderson,PQe5OJC-vAMMSyI-9xAjOA,1/10/2015,NV,1,
The Bagel Café,Restaurants,Henderson,PQe5OJC-vAMMSyI-9xAjOA,1/10/2015,NV,1,
The Bagel Café,Cafes,Henderson,PQe5OJC-vAMMSyI-9xAjOA,1/10/2015,NV,1,28.4
The Chandelier,Cafes,Henderson,6uugz8picdVrjgmkymurXg,1/10/2015,NV,1,
The Chandelier,Bars,Henderson,6uugz8picdVrjgmkymurXg,1/10/2015,NV,1,
The Chandelier,Restaurants,Henderson,6uugz8picdVrjgmkymurXg,1/10/2015,NV,1,108.65
The Chandelier,Cafes,Henderson,ap4taRzgmqmEvAe_x-tQYg,1/10/2015,NV,1,
The Chandelier,Bars,Henderson,ap4taRzgmqmEvAe_x-tQYg,1/10/2015,NV,1,
The Chandelier,Restaurants,Henderson,ap4taRzgmqmEvAe_x-tQYg,1/10/2015,NV,1,85.83
The Peppermill Restaurant & Fireside Lounge,Cafes,Henderson,128vJ0Y8wpceWulSOf1-lw,1/10/2015,NV,1,
The Peppermill Restaurant & Fireside Lounge,Bars,Henderson,128vJ0Y8wpceWulSOf1-lw,1/10/2015,NV,1,
The Peppermill Restaurant & Fireside Lounge,Restaurants,Henderson,128vJ0Y8wpceWulSOf1-lw,1/10/2015,NV,1,195.23
CUT,Cafes,Henderson,Oku43zC6_N7LAbwmVxSNbA,1/11/2015,NV,1,
CUT,Bars,Henderson,Oku43zC6_N7LAbwmVxSNbA,1/11/2015,NV,1,
CUT,Restaurants,Henderson,Oku43zC6_N7LAbwmVxSNbA,1/11/2015,NV,1,243.98
Nora's Cuisine,Cafes,Henderson,FbvuZyo2VRAq0XL3UOy_Zw,1/11/2015,NV,1,
Nora's Cuisine,Restaurants,Henderson,FbvuZyo2VRAq0XL3UOy_Zw,1/11/2015,NV,1,
Nora's Cuisine,Bars,Henderson,FbvuZyo2VRAq0XL3UOy_Zw,1/11/2015,NV,1,33.1
Scarpetta,Restaurants,Henderson,cn2PSfTiDcYJ-OOWvP10Yg,1/11/2015,NV,1,
Scarpetta,Cafes,Henderson,cn2PSfTiDcYJ-OOWvP10Yg,1/11/2015,NV,1,
Scarpetta,Bars,Henderson,cn2PSfTiDcYJ-OOWvP10Yg,1/11/2015,NV,1,60.08
Scarpetta,Restaurants,Henderson,rXXbSOG1yx9s-c-YpJz4YQ,1/11/2015,NV,1,
Scarpetta,Cafes,Henderson,rXXbSOG1yx9s-c-YpJz4YQ,1/11/2015,NV,1,
Scarpetta,Bars,Henderson,rXXbSOG1yx9s-c-YpJz4YQ,1/11/2015,NV,1,-13.26
Scarpetta,Cafes,Henderson,YgFHnFqxtO5tWYcG2E9ftw,1/11/2015,NV,1,
Scarpetta,Restaurants,Henderson,YgFHnFqxtO5tWYcG2E9ftw,1/11/2015,NV,1,
Scarpetta,Bars,Henderson,YgFHnFqxtO5tWYcG2E9ftw,1/11/2015,NV,1,33.5
The Peppermill Restaurant & Fireside Lounge,Bars,Henderson,Oa5Hi-d523YIXHnFnE_EVw,1/11/2015,NV,1,
The Peppermill Restaurant & Fireside Lounge,Cafes,Henderson,Oa5Hi-d523YIXHnFnE_EVw,1/11/2015,NV,1,
The Peppermill Restaurant & Fireside Lounge,Restaurants,Henderson,Oa5Hi-d523YIXHnFnE_EVw,1/11/2015,NV,1,308.36
Fat Tuesday,Bars,Las Vegas,NW_WOT7RcWvmFZRh98CKyA,1/11/2015,NV,1,
Fat Tuesday,Cafes,Las Vegas,NW_WOT7RcWvmFZRh98CKyA,1/11/2015,NV,1,
Fat Tuesday,Restaurants,Las Vegas,NW_WOT7RcWvmFZRh98CKyA,1/11/2015,NV,1,339.98
LAVO Italian Restaurant & Lounge,Cafes,Las Vegas,V1qmCtP5bAat9CSRugNXZA,1/12/2015,NV,1,
LAVO Italian Restaurant & Lounge,Restaurants,Las Vegas,V1qmCtP5bAat9CSRugNXZA,1/12/2015,NV,1,
LAVO Italian Restaurant & Lounge,Bars,Las Vegas,V1qmCtP5bAat9CSRugNXZA,1/12/2015,NV,1,51.53
Margaritaville,Cafes,Las Vegas,CbYYyBTj-NH6DfnO_NSMaw,1/12/2015,NV,1,
Margaritaville,Restaurants,Las Vegas,CbYYyBTj-NH6DfnO_NSMaw,1/12/2015,NV,1,
Margaritaville,Bars,Las Vegas,CbYYyBTj-NH6DfnO_NSMaw,1/12/2015,NV,1,38.82
Nora's Cuisine,Restaurants,Las Vegas,CRywkebZtGq0lKcbRlOPqQ,1/12/2015,NV,1,
Nora's Cuisine,Cafes,Las Vegas,CRywkebZtGq0lKcbRlOPqQ,1/12/2015,NV,1,
Nora's Cuisine,Bars,Las Vegas,CRywkebZtGq0lKcbRlOPqQ,1/12/2015,NV,1,34.75
Scarpetta,Cafes,Las Vegas,q8NswkHBFnZRzcHWEGhqXw,1/12/2015,NV,1,
Scarpetta,Restaurants,Las Vegas,q8NswkHBFnZRzcHWEGhqXw,1/12/2015,NV,1,
Scarpetta,Bars,Las Vegas,q8NswkHBFnZRzcHWEGhqXw,1/12/2015,NV,1,13.4
The Chandelier,Bars,Las Vegas,8FpaH3rAw4cr5b5ZefJVWg,1/12/2015,NV,1,
The Chandelier,Cafes,Las Vegas,8FpaH3rAw4cr5b5ZefJVWg,1/12/2015,NV,1,
The Chandelier,Restaurants,Las Vegas,8FpaH3rAw4cr5b5ZefJVWg,1/12/2015,NV,1,267.14
The Chandelier,Cafes,Las Vegas,EaE0VFIsbhMNoWIIczyneA,1/12/2015,NV,1,
The Chandelier,Bars,Las Vegas,EaE0VFIsbhMNoWIIczyneA,1/12/2015,NV,1,
The Chandelier,Restaurants,Las Vegas,EaE0VFIsbhMNoWIIczyneA,1/12/2015,NV,1,275.43
The Peppermill Restaurant & Fireside Lounge,Bars,Las Vegas,2vBTkytEQneHyWcUnCQ04g,1/12/2015,NV,1,
The Peppermill Restaurant & Fireside Lounge,Cafes,Las Vegas,2vBTkytEQneHyWcUnCQ04g,1/12/2015,NV,1,
The Peppermill Restaurant & Fireside Lounge,Restaurants,Las Vegas,2vBTkytEQneHyWcUnCQ04g,1/12/2015,NV,1,407.25
CUT,Bars,Las Vegas,RcvWJWTo2PKAxr-SEFXfRg,1/13/2015,NV,1,
CUT,Cafes,Las Vegas,RcvWJWTo2PKAxr-SEFXfRg,1/13/2015,NV,1,
CUT,Restaurants,Las Vegas,RcvWJWTo2PKAxr-SEFXfRg,1/13/2015,NV,1,279.19
CUT,Bars,Las Vegas,VvrOVlFzCbkOVX4PsF3BOw,1/13/2015,NV,1,
CUT,Cafes,Las Vegas,VvrOVlFzCbkOVX4PsF3BOw,1/13/2015,NV,1,
CUT,Restaurants,Las Vegas,VvrOVlFzCbkOVX4PsF3BOw,1/13/2015,NV,1,252.77
Fat Tuesday,Bars,Las Vegas,PZOSzR6fS3utCB9UlLXs-Q,1/13/2015,NV,1,
Fat Tuesday,Cafes,Las Vegas,PZOSzR6fS3utCB9UlLXs-Q,1/13/2015,NV,1,
Fat Tuesday,Restaurants,Las Vegas,PZOSzR6fS3utCB9UlLXs-Q,1/13/2015,NV,1,79.5
Scarpetta,Cafes,Las Vegas,eGdk9XWbnJ8FqFkgumI3gQ,1/13/2015,NV,1,
Scarpetta,Restaurants,Las Vegas,eGdk9XWbnJ8FqFkgumI3gQ,1/13/2015,NV,1,
Scarpetta,Bars,Las Vegas,eGdk9XWbnJ8FqFkgumI3gQ,1/13/2015,NV,1,109.87
SUSHISAMBA Las Vegas,Cafes,Las Vegas,N9G69VkLMihbHdoUzbeM1Q,1/13/2015,NV,1,
SUSHISAMBA Las Vegas,Bars,Las Vegas,N9G69VkLMihbHdoUzbeM1Q,1/13/2015,NV,1,
SUSHISAMBA Las Vegas,Restaurants,Las Vegas,N9G69VkLMihbHdoUzbeM1Q,1/13/2015,NV,1,177.65
SUSHISAMBA Las Vegas,Cafes,Las Vegas,UTtK5S4o7yhHsNcPMI9RMg,1/13/2015,NV,1,
SUSHISAMBA Las Vegas,Bars,Las Vegas,UTtK5S4o7yhHsNcPMI9RMg,1/13/2015,NV,1,
SUSHISAMBA Las Vegas,Restaurants,Las Vegas,UTtK5S4o7yhHsNcPMI9RMg,1/13/2015,NV,1,212.49
The Chandelier,Cafes,Las Vegas,A6wgWkC3gsMaTqMyimFp9A,1/13/2015,NV,1,
The Chandelier,Bars,Las Vegas,A6wgWkC3gsMaTqMyimFp9A,1/13/2015,NV,1,
The Chandelier,Restaurants,Las Vegas,A6wgWkC3gsMaTqMyimFp9A,1/13/2015,NV,1,214.03
The Peppermill Restaurant & Fireside Lounge,Cafes,Las Vegas,6iJO200dwX-G6teL5C2t6Q,1/13/2015,NV,1,
The Peppermill Restaurant & Fireside Lounge,Bars,Las Vegas,6iJO200dwX-G6teL5C2t6Q,1/13/2015,NV,1,
The Peppermill Restaurant & Fireside Lounge,Restaurants,Las Vegas,6iJO200dwX-G6teL5C2t6Q,1/13/2015,NV,1,181.11
CUT,Bars,Las Vegas,xGTSn8aKFDgbQKuXRhkGaQ,1/14/2015,NV,1,
CUT,Cafes,Las Vegas,xGTSn8aKFDgbQKuXRhkGaQ,1/14/2015,NV,1,
CUT,Restaurants,Las Vegas,xGTSn8aKFDgbQKuXRhkGaQ,1/14/2015,NV,1,197.86
Encore Beach Club,Restaurants,Las Vegas,LIkcT9M7SRWGm7G1fzi59Q,1/14/2015,NV,1,
Encore Beach Club,Cafes,Las Vegas,LIkcT9M7SRWGm7G1fzi59Q,1/14/2015,NV,1,
Encore Beach Club,Bars,Las Vegas,LIkcT9M7SRWGm7G1fzi59Q,1/14/2015,NV,1,-21.79
Nora's Cuisine,Cafes,Las Vegas,m-0xsGsVMk2QhNpkIxX6zw,1/14/2015,NV,1,
Nora's Cuisine,Restaurants,Las Vegas,m-0xsGsVMk2QhNpkIxX6zw,1/14/2015,NV,1,
Nora's Cuisine,Bars,Las Vegas,m-0xsGsVMk2QhNpkIxX6zw,1/14/2015,NV,1,32.34
Encore Beach Club,Restaurants,Las Vegas,SdZtzMCtVK7izX8twot9rQ,1/15/2015,NV,1,
Encore Beach Club,Cafes,Las Vegas,SdZtzMCtVK7izX8twot9rQ,1/15/2015,NV,1,
Encore Beach Club,Bars,Las Vegas,SdZtzMCtVK7izX8twot9rQ,1/15/2015,NV,1,0.97
Fat Tuesday,Bars,Las Vegas,KLbm5X6RXkIRoDZ0GH-E-g,1/15/2015,NV,1,
Fat Tuesday,Cafes,Las Vegas,KLbm5X6RXkIRoDZ0GH-E-g,1/15/2015,NV,1,
Fat Tuesday,Restaurants,Las Vegas,KLbm5X6RXkIRoDZ0GH-E-g,1/15/2015,NV,1,109.76
The Chandelier,Bars,Las Vegas,iF5cI1t2kMtrIpm_iKdmeg,1/15/2015,NV,1,
The Chandelier,Cafes,Las Vegas,iF5cI1t2kMtrIpm_iKdmeg,1/15/2015,NV,1,
The Chandelier,Restaurants,Las Vegas,iF5cI1t2kMtrIpm_iKdmeg,1/15/2015,NV,1,87.71
Frankie's Tiki Room,Bars,Las Vegas,yO62bWnU0deJaiZc5htLgQ,1/16/2015,NV,1,
Frankie's Tiki Room,Cafes,Las Vegas,yO62bWnU0deJaiZc5htLgQ,1/16/2015,NV,1,
Frankie's Tiki Room,Restaurants,Las Vegas,yO62bWnU0deJaiZc5htLgQ,1/16/2015,NV,1,202.94
Scarpetta,Restaurants,Las Vegas,EmyJfRnBICQA9lWnvjwPiA,1/16/2015,NV,1,
Scarpetta,Cafes,Las Vegas,EmyJfRnBICQA9lWnvjwPiA,1/16/2015,NV,1,
Scarpetta,Bars,Las Vegas,EmyJfRnBICQA9lWnvjwPiA,1/16/2015,NV,1,50.29
SUSHISAMBA Las Vegas,Bars,Las Vegas,1w32UX4lKRA18ITs66IjAw,1/16/2015,NV,1,
SUSHISAMBA Las Vegas,Cafes,Las Vegas,1w32UX4lKRA18ITs66IjAw,1/16/2015,NV,1,
SUSHISAMBA Las Vegas,Restaurants,Las Vegas,1w32UX4lKRA18ITs66IjAw,1/16/2015,NV,1,-90.29
SUSHISAMBA Las Vegas,Bars,Las Vegas,OldskeQ-d3sonyBvgqP5fQ,1/16/2015,NV,1,
SUSHISAMBA Las Vegas,Cafes,Las Vegas,OldskeQ-d3sonyBvgqP5fQ,1/16/2015,NV,1,
SUSHISAMBA Las Vegas,Restaurants,Las Vegas,OldskeQ-d3sonyBvgqP5fQ,1/16/2015,NV,1,117.21
Margaritaville,Cafes,Las Vegas,4IBXnq5ia-27waHfZYGilQ,1/17/2015,NV,1,
Margaritaville,Restaurants,Las Vegas,4IBXnq5ia-27waHfZYGilQ,1/17/2015,NV,1,
Margaritaville,Bars,Las Vegas,4IBXnq5ia-27waHfZYGilQ,1/17/2015,NV,1,53.66
The Bagel Café,Restaurants,Las Vegas,EmyJfRnBICQA9lWnvjwPiA,1/17/2015,NV,1,
The Bagel Café,Bars,Las Vegas,EmyJfRnBICQA9lWnvjwPiA,1/17/2015,NV,1,
The Bagel Café,Cafes,Las Vegas,EmyJfRnBICQA9lWnvjwPiA,1/17/2015,NV,1,37.37
The Bagel Café,Restaurants,Las Vegas,PuOB5r52nV70LXObXyOwuA,1/17/2015,NV,1,
The Bagel Café,Bars,Las Vegas,PuOB5r52nV70LXObXyOwuA,1/17/2015,NV,1,
The Bagel Café,Cafes,Las Vegas,PuOB5r52nV70LXObXyOwuA,1/17/2015,NV,1,21.04
The Peppermill Restaurant & Fireside Lounge,Cafes,Las Vegas,PQJ8CxK8xxaecDsie5hyaA,1/17/2015,NV,1,
The Peppermill Restaurant & Fireside Lounge,Bars,Las Vegas,PQJ8CxK8xxaecDsie5hyaA,1/17/2015,NV,1,
The Peppermill Restaurant & Fireside Lounge,Restaurants,Las Vegas,PQJ8CxK8xxaecDsie5hyaA,1/17/2015,NV,1,73.91
CUT,Bars,Las Vegas,efiYw01XvuSq_j6Sal_XiQ,1/18/2015,NV,1,
CUT,Cafes,Las Vegas,efiYw01XvuSq_j6Sal_XiQ,1/18/2015,NV,1,
CUT,Restaurants,Las Vegas,efiYw01XvuSq_j6Sal_XiQ,1/18/2015,NV,1,309.92
Margaritaville,Cafes,Las Vegas,1YsyOr0xnSxEdzQgfkYgTA,1/18/2015,NV,1,
Margaritaville,Restaurants,Las Vegas,1YsyOr0xnSxEdzQgfkYgTA,1/18/2015,NV,1,
Margaritaville,Bars,Las Vegas,1YsyOr0xnSxEdzQgfkYgTA,1/18/2015,NV,1,-1.71
Margaritaville,Restaurants,Las Vegas,lRfdcptGBxolpkBPlZ358A,1/18/2015,NV,1,
Margaritaville,Cafes,Las Vegas,lRfdcptGBxolpkBPlZ358A,1/18/2015,NV,1,
Margaritaville,Bars,Las Vegas,lRfdcptGBxolpkBPlZ358A,1/18/2015,NV,1,66.02
Margaritaville,Restaurants,Las Vegas,x9ceI40fGPCkrw8GAgBXoA,1/18/2015,NV,1,
Margaritaville,Cafes,Las Vegas,x9ceI40fGPCkrw8GAgBXoA,1/18/2015,NV,1,
Margaritaville,Bars,Las Vegas,x9ceI40fGPCkrw8GAgBXoA,1/18/2015,NV,1,97.32
Nora's Cuisine,Cafes,Las Vegas,dt-PrUupgaDK5qZccBdT9w,1/18/2015,NV,1,
Nora's Cuisine,Restaurants,Las Vegas,dt-PrUupgaDK5qZccBdT9w,1/18/2015,NV,1,
Nora's Cuisine,Bars,Las Vegas,dt-PrUupgaDK5qZccBdT9w,1/18/2015,NV,1,97.67
SUSHISAMBA Las Vegas,Bars,Las Vegas,V1qmCtP5bAat9CSRugNXZA,1/18/2015,NV,1,
SUSHISAMBA Las Vegas,Cafes,Las Vegas,V1qmCtP5bAat9CSRugNXZA,1/18/2015,NV,1,
SUSHISAMBA Las Vegas,Restaurants,Las Vegas,V1qmCtP5bAat9CSRugNXZA,1/18/2015,NV,1,211.28
The Chandelier,Cafes,Las Vegas,sAFOZbX0nIpop-uzQ9VMGw,1/18/2015,NV,1,
The Chandelier,Bars,Las Vegas,sAFOZbX0nIpop-uzQ9VMGw,1/18/2015,NV,1,
The Chandelier,Restaurants,Las Vegas,sAFOZbX0nIpop-uzQ9VMGw,1/18/2015,NV,1,401.19
Frankie's Tiki Room,Bars,Las Vegas,ngUiYmG59Vbhgjx2RH4mww,1/19/2015,NV,1,
Frankie's Tiki Room,Cafes,Las Vegas,ngUiYmG59Vbhgjx2RH4mww,1/19/2015,NV,1,
Frankie's Tiki Room,Restaurants,Las Vegas,ngUiYmG59Vbhgjx2RH4mww,1/19/2015,NV,1,256.35
LAVO Italian Restaurant & Lounge,Restaurants,Las Vegas,aMMe6XjL04ftRwEKiOAj2Q,1/19/2015,NV,1,
LAVO Italian Restaurant & Lounge,Cafes,Las Vegas,aMMe6XjL04ftRwEKiOAj2Q,1/19/2015,NV,1,
LAVO Italian Restaurant & Lounge,Bars,Las Vegas,aMMe6XjL04ftRwEKiOAj2Q,1/19/2015,NV,1,76.46
SUSHISAMBA Las Vegas,Cafes,Las Vegas,s5TKbtPmScdaT1XepvdcAg,1/19/2015,NV,1,
SUSHISAMBA Las Vegas,Bars,Las Vegas,s5TKbtPmScdaT1XepvdcAg,1/19/2015,NV,1,
SUSHISAMBA Las Vegas,Restaurants,Las Vegas,s5TKbtPmScdaT1XepvdcAg,1/19/2015,NV,1,118.56
The Peppermill Restaurant & Fireside Lounge,Bars,Las Vegas,oJLVyyC6g2MzUD2Ltrlstg,1/19/2015,NV,1,
The Peppermill Restaurant & Fireside Lounge,Cafes,Las Vegas,oJLVyyC6g2MzUD2Ltrlstg,1/19/2015,NV,1,
The Peppermill Restaurant & Fireside Lounge,Restaurants,Las Vegas,oJLVyyC6g2MzUD2Ltrlstg,1/19/2015,NV,1,257.34
Brio Tuscan Grille,Restaurants,Las Vegas,LH3e4CvIxgcKItEmdQFkNg,1/20/2015,NV,1,
Brio Tuscan Grille,Cafes,Las Vegas,LH3e4CvIxgcKItEmdQFkNg,1/20/2015,NV,1,
Brio Tuscan Grille,Bars,Las Vegas,LH3e4CvIxgcKItEmdQFkNg,1/20/2015,NV,1,57.79
Encore Beach Club,Cafes,Las Vegas,JyBTxDVp4FD5Xf1D-jvhnA,1/20/2015,NV,1,
Encore Beach Club,Restaurants,Las Vegas,JyBTxDVp4FD5Xf1D-jvhnA,1/20/2015,NV,1,
Encore Beach Club,Bars,Las Vegas,JyBTxDVp4FD5Xf1D-jvhnA,1/20/2015,NV,1,-32.67
Frankie's Tiki Room,Cafes,Las Vegas,GlNcv3FQRqgTSp3TsVwWUQ,1/20/2015,NV,1,
Frankie's Tiki Room,Bars,Las Vegas,GlNcv3FQRqgTSp3TsVwWUQ,1/20/2015,NV,1,
Frankie's Tiki Room,Restaurants,Las Vegas,GlNcv3FQRqgTSp3TsVwWUQ,1/20/2015,NV,1,35.17
Margaritaville,Cafes,Las Vegas,YoFVJkCVpzR0VFWRRBT3nA,1/20/2015,NV,1,
Margaritaville,Restaurants,Las Vegas,YoFVJkCVpzR0VFWRRBT3nA,1/20/2015,NV,1,
Margaritaville,Bars,Las Vegas,YoFVJkCVpzR0VFWRRBT3nA,1/20/2015,NV,1,44.02
Nora's Cuisine,Restaurants,Las Vegas,FcAmDk3PnieHkIai9AFZzA,1/20/2015,NV,1,
Nora's Cuisine,Cafes,Las Vegas,FcAmDk3PnieHkIai9AFZzA,1/20/2015,NV,1,
Nora's Cuisine,Bars,Las Vegas,FcAmDk3PnieHkIai9AFZzA,1/20/2015,NV,1,33.76
Scarpetta,Restaurants,Las Vegas,EjhVxYFeMUYimoImjMduzQ,1/20/2015,NV,1,
Scarpetta,Cafes,Las Vegas,EjhVxYFeMUYimoImjMduzQ,1/20/2015,NV,1,
Scarpetta,Bars,Las Vegas,EjhVxYFeMUYimoImjMduzQ,1/20/2015,NV,1,-10.57
SUSHISAMBA Las Vegas,Cafes,Las Vegas,S0yRUj8IbVjO_2tT66DyQw,1/20/2015,NV,1,
SUSHISAMBA Las Vegas,Bars,Las Vegas,S0yRUj8IbVjO_2tT66DyQw,1/20/2015,NV,1,
SUSHISAMBA Las Vegas,Restaurants,Las Vegas,S0yRUj8IbVjO_2tT66DyQw,1/20/2015,NV,1,231.75
The Bagel Café,Bars,Las Vegas,5X377UdWBlky87Fy6zWzHw,1/20/2015,NV,1,
The Bagel Café,Restaurants,Las Vegas,5X377UdWBlky87Fy6zWzHw,1/20/2015,NV,1,
The Bagel Café,Cafes,Las Vegas,5X377UdWBlky87Fy6zWzHw,1/20/2015,NV,1,9.7
The Bagel Café,Bars,Las Vegas,cej33jiNtyydxRZYZ9bL9g,1/20/2015,NV,1,
The Bagel Café,Restaurants,Las Vegas,cej33jiNtyydxRZYZ9bL9g,1/20/2015,NV,1,
The Bagel Café,Cafes,Las Vegas,cej33jiNtyydxRZYZ9bL9g,1/20/2015,NV,1,28.91
The Bagel Café,Restaurants,Las Vegas,zaMpyqjK3jFaYl9Sv-Q6yg,1/20/2015,NV,1,
The Bagel Café,Bars,Las Vegas,zaMpyqjK3jFaYl9Sv-Q6yg,1/20/2015,NV,1,
The Bagel Café,Cafes,Las Vegas,zaMpyqjK3jFaYl9Sv-Q6yg,1/20/2015,NV,1,7.47
The Chandelier,Bars,Las Vegas,C1cv0JYSBCJ-Qw4zX6ZUoA,1/20/2015,NV,1,
The Chandelier,Cafes,Las Vegas,C1cv0JYSBCJ-Qw4zX6ZUoA,1/20/2015,NV,1,
The Chandelier,Restaurants,Las Vegas,C1cv0JYSBCJ-Qw4zX6ZUoA,1/20/2015,NV,1,243.04
CUT,Cafes,Las Vegas,acEP1Fluw6CWewMoNm4Rlg,1/21/2015,NV,1,
CUT,Bars,Las Vegas,acEP1Fluw6CWewMoNm4Rlg,1/21/2015,NV,1,
CUT,Restaurants,Las Vegas,acEP1Fluw6CWewMoNm4Rlg,1/21/2015,NV,1,285.65
Encore Beach Club,Restaurants,Las Vegas,PuOB5r52nV70LXObXyOwuA,1/21/2015,NV,1,
Encore Beach Club,Cafes,Las Vegas,PuOB5r52nV70LXObXyOwuA,1/21/2015,NV,1,
Encore Beach Club,Bars,Las Vegas,PuOB5r52nV70LXObXyOwuA,1/21/2015,NV,1,87.91
Frankie's Tiki Room,Cafes,Las Vegas,GbClEP-G0mGvOyD1O5WHtQ,1/21/2015,NV,1,
Frankie's Tiki Room,Bars,Las Vegas,GbClEP-G0mGvOyD1O5WHtQ,1/21/2015,NV,1,
Frankie's Tiki Room,Restaurants,Las Vegas,GbClEP-G0mGvOyD1O5WHtQ,1/21/2015,NV,1,165.35
Margaritaville,Restaurants,Las Vegas,ImkdMNvaptix18OWrETWlg,1/21/2015,NV,1,
Margaritaville,Cafes,Las Vegas,ImkdMNvaptix18OWrETWlg,1/21/2015,NV,1,
Margaritaville,Bars,Las Vegas,ImkdMNvaptix18OWrETWlg,1/21/2015,NV,1,38.05
Nora's Cuisine,Cafes,Las Vegas,9VtrPXbHHVcHkeIgEUXtZg,1/21/2015,NV,1,
Nora's Cuisine,Restaurants,Las Vegas,9VtrPXbHHVcHkeIgEUXtZg,1/21/2015,NV,1,
Nora's Cuisine,Bars,Las Vegas,9VtrPXbHHVcHkeIgEUXtZg,1/21/2015,NV,1,47.2
Nora's Cuisine,Restaurants,Las Vegas,vZqL95LDeEGEFVLy98-eMA,1/21/2015,NV,1,
Nora's Cuisine,Cafes,Las Vegas,vZqL95LDeEGEFVLy98-eMA,1/21/2015,NV,1,
Nora's Cuisine,Bars,Las Vegas,vZqL95LDeEGEFVLy98-eMA,1/21/2015,NV,1,36.69
SUSHISAMBA Las Vegas,Cafes,Las Vegas,DH3X4Qj14nIsdeHMFf4xSw,1/21/2015,NV,1,
SUSHISAMBA Las Vegas,Bars,Las Vegas,DH3X4Qj14nIsdeHMFf4xSw,1/21/2015,NV,1,
SUSHISAMBA Las Vegas,Restaurants,Las Vegas,DH3X4Qj14nIsdeHMFf4xSw,1/21/2015,NV,1,111.56
CUT,Bars,Las Vegas,aq3vT3I5i-P0Cr5wN0a_wg,1/22/2015,NV,1,
CUT,Cafes,Las Vegas,aq3vT3I5i-P0Cr5wN0a_wg,1/22/2015,NV,1,
CUT,Restaurants,Las Vegas,aq3vT3I5i-P0Cr5wN0a_wg,1/22/2015,NV,1,248.47
Scarpetta,Cafes,Las Vegas,jR_zE_9TEcY4_vrTeKNXlA,1/22/2015,NV,1,
Scarpetta,Restaurants,Las Vegas,jR_zE_9TEcY4_vrTeKNXlA,1/22/2015,NV,1,
Scarpetta,Bars,Las Vegas,jR_zE_9TEcY4_vrTeKNXlA,1/22/2015,NV,1,86.34
The Bagel Café,Bars,Las Vegas,Bb2X4kNgWq1pBmicyNz2qg,1/22/2015,NV,1,
The Bagel Café,Restaurants,Las Vegas,Bb2X4kNgWq1pBmicyNz2qg,1/22/2015,NV,1,
The Bagel Café,Cafes,Las Vegas,Bb2X4kNgWq1pBmicyNz2qg,1/22/2015,NV,1,9.73
The Chandelier,Cafes,Las Vegas,3nbqYfQfn1hC4gDWAV6_mg,1/22/2015,NV,1,
The Chandelier,Bars,Las Vegas,3nbqYfQfn1hC4gDWAV6_mg,1/22/2015,NV,1,
The Chandelier,Restaurants,Las Vegas,3nbqYfQfn1hC4gDWAV6_mg,1/22/2015,NV,1,243.07
The Chandelier,Bars,Las Vegas,8ByRHUdNkoDlf-RHdMhafA,1/22/2015,NV,1,
The Chandelier,Cafes,Las Vegas,8ByRHUdNkoDlf-RHdMhafA,1/22/2015,NV,1,
The Chandelier,Restaurants,Las Vegas,8ByRHUdNkoDlf-RHdMhafA,1/22/2015,NV,1,142.71
The Chandelier,Bars,Las Vegas,yrHLj15hMEZmOo3n1v5t-g,1/22/2015,NV,1,
The Chandelier,Cafes,Las Vegas,yrHLj15hMEZmOo3n1v5t-g,1/22/2015,NV,1,
The Chandelier,Restaurants,Las Vegas,yrHLj15hMEZmOo3n1v5t-g,1/22/2015,NV,1,54.6
The Peppermill Restaurant & Fireside Lounge,Cafes,Las Vegas,jykemU4-CaDr-8Lnei-_ZA,1/22/2015,NV,1,
The Peppermill Restaurant & Fireside Lounge,Bars,Las Vegas,jykemU4-CaDr-8Lnei-_ZA,1/22/2015,NV,1,
The Peppermill Restaurant & Fireside Lounge,Restaurants,Las Vegas,jykemU4-CaDr-8Lnei-_ZA,1/22/2015,NV,1,-48.71
CUT,Bars,Las Vegas,jR_zE_9TEcY4_vrTeKNXlA,1/23/2015,NV,1,
CUT,Cafes,Las Vegas,jR_zE_9TEcY4_vrTeKNXlA,1/23/2015,NV,1,
CUT,Restaurants,Las Vegas,jR_zE_9TEcY4_vrTeKNXlA,1/23/2015,NV,1,111.22
CUT,Cafes,Las Vegas,klFpvp4eYzvvCHTIlQjeiA,1/23/2015,NV,1,
CUT,Bars,Las Vegas,klFpvp4eYzvvCHTIlQjeiA,1/23/2015,NV,1,
CUT,Restaurants,Las Vegas,klFpvp4eYzvvCHTIlQjeiA,1/23/2015,NV,1,252.1
CUT,Cafes,Las Vegas,lLShzdgF14Z0hc5SgTPw1A,1/23/2015,NV,1,
CUT,Bars,Las Vegas,lLShzdgF14Z0hc5SgTPw1A,1/23/2015,NV,1,
CUT,Restaurants,Las Vegas,lLShzdgF14Z0hc5SgTPw1A,1/23/2015,NV,1,70.71
CUT,Bars,Las Vegas,Vp4RUJvsXB5gb7k3CDdHnw,1/23/2015,NV,1,
CUT,Cafes,Las Vegas,Vp4RUJvsXB5gb7k3CDdHnw,1/23/2015,NV,1,
CUT,Restaurants,Las Vegas,Vp4RUJvsXB5gb7k3CDdHnw,1/23/2015,NV,1,215.76
LAVO Italian Restaurant & Lounge,Restaurants,Las Vegas,zL3J_eG0S2X4XgSmaMqwYQ,1/23/2015,NV,1,
LAVO Italian Restaurant & Lounge,Cafes,Las Vegas,zL3J_eG0S2X4XgSmaMqwYQ,1/23/2015,NV,1,
LAVO Italian Restaurant & Lounge,Bars,Las Vegas,zL3J_eG0S2X4XgSmaMqwYQ,1/23/2015,NV,1,44.96
SUSHISAMBA Las Vegas,Bars,Las Vegas,f5vgLcoKpFcTvD4lOUxcTQ,1/23/2015,NV,1,
SUSHISAMBA Las Vegas,Cafes,Las Vegas,f5vgLcoKpFcTvD4lOUxcTQ,1/23/2015,NV,1,
SUSHISAMBA Las Vegas,Restaurants,Las Vegas,f5vgLcoKpFcTvD4lOUxcTQ,1/23/2015,NV,1,185.77
Brio Tuscan Grille,Cafes,Las Vegas,dyA6Pf2DtGIrSrTSpIK-pA,1/24/2015,NV,1,
Brio Tuscan Grille,Restaurants,Las Vegas,dyA6Pf2DtGIrSrTSpIK-pA,1/24/2015,NV,1,
Brio Tuscan Grille,Bars,Las Vegas,dyA6Pf2DtGIrSrTSpIK-pA,1/24/2015,NV,1,21.93
Frankie's Tiki Room,Bars,Las Vegas,uNoFF2y83ncN5iIKtd5xZw,1/24/2015,NV,1,
Frankie's Tiki Room,Cafes,Las Vegas,uNoFF2y83ncN5iIKtd5xZw,1/24/2015,NV,1,
Frankie's Tiki Room,Restaurants,Las Vegas,uNoFF2y83ncN5iIKtd5xZw,1/24/2015,NV,1,210.03
SUSHISAMBA Las Vegas,Cafes,Las Vegas,S2hsuTtEOG1_mwjqQSbEUQ,1/24/2015,NV,1,
SUSHISAMBA Las Vegas,Bars,Las Vegas,S2hsuTtEOG1_mwjqQSbEUQ,1/24/2015,NV,1,
SUSHISAMBA Las Vegas,Restaurants,Las Vegas,S2hsuTtEOG1_mwjqQSbEUQ,1/24/2015,NV,1,354.28
The Peppermill Restaurant & Fireside Lounge,Cafes,Las Vegas,EjhVxYFeMUYimoImjMduzQ,1/24/2015,NV,1,
The Peppermill Restaurant & Fireside Lounge,Bars,Las Vegas,EjhVxYFeMUYimoImjMduzQ,1/24/2015,NV,1,
The Peppermill Restaurant & Fireside Lounge,Restaurants,Las Vegas,EjhVxYFeMUYimoImjMduzQ,1/24/2015,NV,1,167.71
Fat Tuesday,Cafes,Las Vegas,0CRbVcph2RJnvX0QiBBhZw,1/25/2015,NV,1,
Fat Tuesday,Bars,Las Vegas,0CRbVcph2RJnvX0QiBBhZw,1/25/2015,NV,1,
Fat Tuesday,Restaurants,Las Vegas,0CRbVcph2RJnvX0QiBBhZw,1/25/2015,NV,1,184.17
Frankie's Tiki Room,Cafes,Las Vegas,dX-rp61hHMQRj5jscdQDmw,1/25/2015,NV,1,
Frankie's Tiki Room,Bars,Las Vegas,dX-rp61hHMQRj5jscdQDmw,1/25/2015,NV,1,
Frankie's Tiki Room,Restaurants,Las Vegas,dX-rp61hHMQRj5jscdQDmw,1/25/2015,NV,1,189.65
Scarpetta,Cafes,Las Vegas,1hXI-vDRgCTsCDqmbNRnDg,1/25/2015,NV,1,
Scarpetta,Restaurants,Las Vegas,1hXI-vDRgCTsCDqmbNRnDg,1/25/2015,NV,1,
Scarpetta,Bars,Las Vegas,1hXI-vDRgCTsCDqmbNRnDg,1/25/2015,NV,1,53.16
SUSHISAMBA Las Vegas,Cafes,Las Vegas,w2W01_xzk020zfnmnrgjOg,1/25/2015,NV,1,
SUSHISAMBA Las Vegas,Bars,Las Vegas,w2W01_xzk020zfnmnrgjOg,1/25/2015,NV,1,
SUSHISAMBA Las Vegas,Restaurants,Las Vegas,w2W01_xzk020zfnmnrgjOg,1/25/2015,NV,1,267.22
The Chandelier,Cafes,Las Vegas,0VfJi9Au0rVFVnPKcJpt3Q,1/25/2015,NV,1,
The Chandelier,Bars,Las Vegas,0VfJi9Au0rVFVnPKcJpt3Q,1/25/2015,NV,1,
The Chandelier,Restaurants,Las Vegas,0VfJi9Au0rVFVnPKcJpt3Q,1/25/2015,NV,1,62.78
CUT,Bars,Las Vegas,JOu4EKGIVcm6WSShCjBf4Q,1/26/2015,NV,1,
CUT,Cafes,Las Vegas,JOu4EKGIVcm6WSShCjBf4Q,1/26/2015,NV,1,
CUT,Restaurants,Las Vegas,JOu4EKGIVcm6WSShCjBf4Q,1/26/2015,NV,1,228.65
Margaritaville,Restaurants,Las Vegas,RdnM_VrOmS9Xvod2u3xYVg,1/26/2015,NV,1,
Margaritaville,Cafes,Las Vegas,RdnM_VrOmS9Xvod2u3xYVg,1/26/2015,NV,1,
Margaritaville,Bars,Las Vegas,RdnM_VrOmS9Xvod2u3xYVg,1/26/2015,NV,1,44.11
The Chandelier,Bars,Las Vegas,yWp7iLP1E0yz5Ww5gY0x2g,1/26/2015,NV,1,
The Chandelier,Cafes,Las Vegas,yWp7iLP1E0yz5Ww5gY0x2g,1/26/2015,NV,1,
The Chandelier,Restaurants,Las Vegas,yWp7iLP1E0yz5Ww5gY0x2g,1/26/2015,NV,1,68.06
The Peppermill Restaurant & Fireside Lounge,Bars,Las Vegas,B48auyX6nYRrgb_x9f0kUA,1/26/2015,NV,1,
The Peppermill Restaurant & Fireside Lounge,Cafes,Las Vegas,B48auyX6nYRrgb_x9f0kUA,1/26/2015,NV,1,
The Peppermill Restaurant & Fireside Lounge,Restaurants,Las Vegas,B48auyX6nYRrgb_x9f0kUA,1/26/2015,NV,1,-38.67
The Peppermill Restaurant & Fireside Lounge,Bars,Las Vegas,gjv2cM7GAgdicJ6Xh0butg,1/26/2015,NV,1,
The Peppermill Restaurant & Fireside Lounge,Cafes,Las Vegas,gjv2cM7GAgdicJ6Xh0butg,1/26/2015,NV,1,
The Peppermill Restaurant & Fireside Lounge,Restaurants,Las Vegas,gjv2cM7GAgdicJ6Xh0butg,1/26/2015,NV,1,164.56
The Peppermill Restaurant & Fireside Lounge,Cafes,Las Vegas,sQb1iDMVJAKOGjrFdwYqtA,1/26/2015,NV,1,
The Peppermill Restaurant & Fireside Lounge,Bars,Las Vegas,sQb1iDMVJAKOGjrFdwYqtA,1/26/2015,NV,1,
The Peppermill Restaurant & Fireside Lounge,Restaurants,Las Vegas,sQb1iDMVJAKOGjrFdwYqtA,1/26/2015,NV,1,188.96
Encore Beach Club,Cafes,Las Vegas,Cz6cUmulaEii__wUcQ6QVw,1/27/2015,NV,1,
Encore Beach Club,Restaurants,Las Vegas,Cz6cUmulaEii__wUcQ6QVw,1/27/2015,NV,1,
Encore Beach Club,Bars,Las Vegas,Cz6cUmulaEii__wUcQ6QVw,1/27/2015,NV,1,58.24
Fat Tuesday,Bars,Las Vegas,9RhAM4TzN5r1siu4TQI3eA,1/27/2015,NV,1,
Fat Tuesday,Cafes,Las Vegas,9RhAM4TzN5r1siu4TQI3eA,1/27/2015,NV,1,
Fat Tuesday,Restaurants,Las Vegas,9RhAM4TzN5r1siu4TQI3eA,1/27/2015,NV,1,73.85
LAVO Italian Restaurant & Lounge,Cafes,Las Vegas,8WvOke9T6ReCxlgyXQOcZQ,1/27/2015,NV,1,
LAVO Italian Restaurant & Lounge,Restaurants,Las Vegas,8WvOke9T6ReCxlgyXQOcZQ,1/27/2015,NV,1,
LAVO Italian Restaurant & Lounge,Bars,Las Vegas,8WvOke9T6ReCxlgyXQOcZQ,1/27/2015,NV,1,43.5
Scarpetta,Cafes,Las Vegas,BT3AQK9b5oIAdVve3_Sh1Q,1/27/2015,NV,1,
Scarpetta,Restaurants,Las Vegas,BT3AQK9b5oIAdVve3_Sh1Q,1/27/2015,NV,1,
Scarpetta,Bars,Las Vegas,BT3AQK9b5oIAdVve3_Sh1Q,1/27/2015,NV,1,75.29
The Chandelier,Bars,Las Vegas,ICm8qN-hs1adjryICG-b_Q,1/27/2015,NV,1,
The Chandelier,Cafes,Las Vegas,ICm8qN-hs1adjryICG-b_Q,1/27/2015,NV,1,
The Chandelier,Restaurants,Las Vegas,ICm8qN-hs1adjryICG-b_Q,1/27/2015,NV,1,267.37
Brio Tuscan Grille,Cafes,Las Vegas,1hXI-vDRgCTsCDqmbNRnDg,1/28/2015,NV,1,
Brio Tuscan Grille,Restaurants,Las Vegas,1hXI-vDRgCTsCDqmbNRnDg,1/28/2015,NV,1,
Brio Tuscan Grille,Bars,Las Vegas,1hXI-vDRgCTsCDqmbNRnDg,1/28/2015,NV,1,72.86
Encore Beach Club,Restaurants,Las Vegas,ypKSfzLiSxkG82EiTep_lw,1/28/2015,NV,1,
Encore Beach Club,Cafes,Las Vegas,ypKSfzLiSxkG82EiTep_lw,1/28/2015,NV,1,
Encore Beach Club,Bars,Las Vegas,ypKSfzLiSxkG82EiTep_lw,1/28/2015,NV,1,23.81
Frankie's Tiki Room,Cafes,Las Vegas,KYEMQn4166kgF5Z6f3-xUw,1/28/2015,NV,1,
Frankie's Tiki Room,Bars,Las Vegas,KYEMQn4166kgF5Z6f3-xUw,1/28/2015,NV,1,
Frankie's Tiki Room,Restaurants,Las Vegas,KYEMQn4166kgF5Z6f3-xUw,1/28/2015,NV,1,284.65
Frankie's Tiki Room,Bars,Las Vegas,ov_2PW8xiMC1EevMV48zIw,1/28/2015,NV,1,
Frankie's Tiki Room,Cafes,Las Vegas,ov_2PW8xiMC1EevMV48zIw,1/28/2015,NV,1,
Frankie's Tiki Room,Restaurants,Las Vegas,ov_2PW8xiMC1EevMV48zIw,1/28/2015,NV,1,361.31
Nora's Cuisine,Cafes,Las Vegas,nG--zl-nL4iX5vU6TIDh9w,1/28/2015,NV,1,
Nora's Cuisine,Restaurants,Las Vegas,nG--zl-nL4iX5vU6TIDh9w,1/28/2015,NV,1,
Nora's Cuisine,Bars,Las Vegas,nG--zl-nL4iX5vU6TIDh9w,1/28/2015,NV,1,53.9
Fat Tuesday,Cafes,Las Vegas,7x3-B0yaO_hqXm42VKStzw,1/29/2015,NV,1,
Fat Tuesday,Bars,Las Vegas,7x3-B0yaO_hqXm42VKStzw,1/29/2015,NV,1,
Fat Tuesday,Restaurants,Las Vegas,7x3-B0yaO_hqXm42VKStzw,1/29/2015,NV,1,159.56
Frankie's Tiki Room,Cafes,Las Vegas,Byts42ruX-5BVRzTAJPORA,1/29/2015,NV,1,
Frankie's Tiki Room,Bars,Las Vegas,Byts42ruX-5BVRzTAJPORA,1/29/2015,NV,1,
Frankie's Tiki Room,Restaurants,Las Vegas,Byts42ruX-5BVRzTAJPORA,1/29/2015,NV,1,97.89
The Chandelier,Cafes,Las Vegas,VyKzQ4NQjmSdi4kQBdCkjQ,1/29/2015,NV,1,
The Chandelier,Bars,Las Vegas,VyKzQ4NQjmSdi4kQBdCkjQ,1/29/2015,NV,1,
The Chandelier,Restaurants,Las Vegas,VyKzQ4NQjmSdi4kQBdCkjQ,1/29/2015,NV,1,294.13
Encore Beach Club,Restaurants,Las Vegas,m9qpqKIaJ938_H8FSNfuVA,1/30/2015,NV,1,
Encore Beach Club,Cafes,Las Vegas,m9qpqKIaJ938_H8FSNfuVA,1/30/2015,NV,1,
Encore Beach Club,Bars,Las Vegas,m9qpqKIaJ938_H8FSNfuVA,1/30/2015,NV,1,58.96
Frankie's Tiki Room,Bars,Las Vegas,6bd7x71_j4qaChI1hBQu4A,1/30/2015,NV,1,
Frankie's Tiki Room,Cafes,Las Vegas,6bd7x71_j4qaChI1hBQu4A,1/30/2015,NV,1,
Frankie's Tiki Room,Restaurants,Las Vegas,6bd7x71_j4qaChI1hBQu4A,1/30/2015,NV,1,157.73
The Peppermill Restaurant & Fireside Lounge,Cafes,Las Vegas,4Fj9QBaE6cc2Lm8vhbv5Cg,1/30/2015,NV,1,
The Peppermill Restaurant & Fireside Lounge,Bars,Las Vegas,4Fj9QBaE6cc2Lm8vhbv5Cg,1/30/2015,NV,1,
The Peppermill Restaurant & Fireside Lounge,Restaurants,Las Vegas,4Fj9QBaE6cc2Lm8vhbv5Cg,1/30/2015,NV,1,267.29
The Peppermill Restaurant & Fireside Lounge,Bars,Las Vegas,AtnV7uASw0CfWa-qjikrsg,1/30/2015,NV,1,
The Peppermill Restaurant & Fireside Lounge,Cafes,Las Vegas,AtnV7uASw0CfWa-qjikrsg,1/30/2015,NV,1,
The Peppermill Restaurant & Fireside Lounge,Restaurants,Las Vegas,AtnV7uASw0CfWa-qjikrsg,1/30/2015,NV,1,60.68
CUT,Cafes,Las Vegas,HM_srUqlNa4IBvJZEfyymQ,2/1/2015,NV,1,
CUT,Bars,Las Vegas,HM_srUqlNa4IBvJZEfyymQ,2/1/2015,NV,1,
CUT,Restaurants,Las Vegas,HM_srUqlNa4IBvJZEfyymQ,2/1/2015,NV,1,176.34
Frankie's Tiki Room,Cafes,Las Vegas,cdhIOG9HKJKBtRC-AXckEg,2/1/2015,NV,1,
Frankie's Tiki Room,Bars,Las Vegas,cdhIOG9HKJKBtRC-AXckEg,2/1/2015,NV,1,
Frankie's Tiki Room,Restaurants,Las Vegas,cdhIOG9HKJKBtRC-AXckEg,2/1/2015,NV,1,105.96
Frankie's Tiki Room,Bars,Las Vegas,fRbqoHAkgC5MeW3x15mezA,2/1/2015,NV,1,
Frankie's Tiki Room,Cafes,Las Vegas,fRbqoHAkgC5MeW3x15mezA,2/1/2015,NV,1,
Frankie's Tiki Room,Restaurants,Las Vegas,fRbqoHAkgC5MeW3x15mezA,2/1/2015,NV,1,125.23
SUSHISAMBA Las Vegas,Cafes,Las Vegas,fNvo8V1fJowp9Ir_FPFAZg,2/1/2015,NV,1,
SUSHISAMBA Las Vegas,Bars,Las Vegas,fNvo8V1fJowp9Ir_FPFAZg,2/1/2015,NV,1,
SUSHISAMBA Las Vegas,Restaurants,Las Vegas,fNvo8V1fJowp9Ir_FPFAZg,2/1/2015,NV,1,197.84
SUSHISAMBA Las Vegas,Cafes,Las Vegas,UBFOklzRQ27KeTD8zWTqOg,2/1/2015,NV,1,
SUSHISAMBA Las Vegas,Bars,Las Vegas,UBFOklzRQ27KeTD8zWTqOg,2/1/2015,NV,1,
SUSHISAMBA Las Vegas,Restaurants,Las Vegas,UBFOklzRQ27KeTD8zWTqOg,2/1/2015,NV,1,51.72
The Chandelier,Bars,Las Vegas,i8KMQX7nekLSCzb_DVb6yA,2/1/2015,NV,1,
The Chandelier,Cafes,Las Vegas,i8KMQX7nekLSCzb_DVb6yA,2/1/2015,NV,1,
The Chandelier,Restaurants,Las Vegas,i8KMQX7nekLSCzb_DVb6yA,2/1/2015,NV,1,45.04
The Chandelier,Cafes,Las Vegas,R9OKus1drUO_RXNaOXsl2Q,2/1/2015,NV,1,
The Chandelier,Bars,Las Vegas,R9OKus1drUO_RXNaOXsl2Q,2/1/2015,NV,1,
The Chandelier,Restaurants,Las Vegas,R9OKus1drUO_RXNaOXsl2Q,2/1/2015,NV,1,186.23
CUT,Bars,Las Vegas,cdhIOG9HKJKBtRC-AXckEg,2/2/2015,NV,1,
CUT,Cafes,Las Vegas,cdhIOG9HKJKBtRC-AXckEg,2/2/2015,NV,1,
CUT,Restaurants,Las Vegas,cdhIOG9HKJKBtRC-AXckEg,2/2/2015,NV,1,204.01
CUT,Bars,Las Vegas,kDZUGqP3j8eiLKIExBWI8Q,2/2/2015,NV,1,
CUT,Cafes,Las Vegas,kDZUGqP3j8eiLKIExBWI8Q,2/2/2015,NV,1,
CUT,Restaurants,Las Vegas,kDZUGqP3j8eiLKIExBWI8Q,2/2/2015,NV,1,206.7
Fat Tuesday,Bars,Las Vegas,f78O2Wa8E1x8sG6C9fDwbg,2/2/2015,NV,1,
Fat Tuesday,Cafes,Las Vegas,f78O2Wa8E1x8sG6C9fDwbg,2/2/2015,NV,1,
Fat Tuesday,Restaurants,Las Vegas,f78O2Wa8E1x8sG6C9fDwbg,2/2/2015,NV,1,133.8
Frankie's Tiki Room,Bars,Las Vegas,eGdk9XWbnJ8FqFkgumI3gQ,2/2/2015,NV,1,
Frankie's Tiki Room,Cafes,Las Vegas,eGdk9XWbnJ8FqFkgumI3gQ,2/2/2015,NV,1,
Frankie's Tiki Room,Restaurants,Las Vegas,eGdk9XWbnJ8FqFkgumI3gQ,2/2/2015,NV,1,210.66
The Chandelier,Bars,Las Vegas,y59hyUcxyA8pQBM3QY04zg,2/2/2015,NV,1,
The Chandelier,Cafes,Las Vegas,y59hyUcxyA8pQBM3QY04zg,2/2/2015,NV,1,
The Chandelier,Restaurants,Las Vegas,y59hyUcxyA8pQBM3QY04zg,2/2/2015,NV,1,226.97
Fat Tuesday,Cafes,Las Vegas,1_muxK0RWjENP6bBx-7y_g,2/3/2015,NV,1,
Fat Tuesday,Bars,Las Vegas,1_muxK0RWjENP6bBx-7y_g,2/3/2015,NV,1,
Fat Tuesday,Restaurants,Las Vegas,1_muxK0RWjENP6bBx-7y_g,2/3/2015,NV,1,262.95
Frankie's Tiki Room,Bars,Las Vegas,nG--zl-nL4iX5vU6TIDh9w,2/3/2015,NV,1,
Frankie's Tiki Room,Cafes,Las Vegas,nG--zl-nL4iX5vU6TIDh9w,2/3/2015,NV,1,
Frankie's Tiki Room,Restaurants,Las Vegas,nG--zl-nL4iX5vU6TIDh9w,2/3/2015,NV,1,332.77
Margaritaville,Restaurants,Las Vegas,9fTTesCwn9EO-d82ODJAnw,2/3/2015,NV,1,
Margaritaville,Cafes,Las Vegas,9fTTesCwn9EO-d82ODJAnw,2/3/2015,NV,1,
Margaritaville,Bars,Las Vegas,9fTTesCwn9EO-d82ODJAnw,2/3/2015,NV,1,93.66
Margaritaville,Cafes,Las Vegas,CRywkebZtGq0lKcbRlOPqQ,2/3/2015,NV,1,
Margaritaville,Restaurants,Las Vegas,CRywkebZtGq0lKcbRlOPqQ,2/3/2015,NV,1,
Margaritaville,Bars,Las Vegas,CRywkebZtGq0lKcbRlOPqQ,2/3/2015,NV,1,32.63
SUSHISAMBA Las Vegas,Cafes,Las Vegas,kxBMcJecR1LuuDyzc4Wggg,2/3/2015,NV,1,
SUSHISAMBA Las Vegas,Bars,Las Vegas,kxBMcJecR1LuuDyzc4Wggg,2/3/2015,NV,1,
SUSHISAMBA Las Vegas,Restaurants,Las Vegas,kxBMcJecR1LuuDyzc4Wggg,2/3/2015,NV,1,205.68
The Bagel Café,Bars,Las Vegas,cn2PSfTiDcYJ-OOWvP10Yg,2/3/2015,NV,1,
The Bagel Café,Restaurants,Las Vegas,cn2PSfTiDcYJ-OOWvP10Yg,2/3/2015,NV,1,
The Bagel Café,Cafes,Las Vegas,cn2PSfTiDcYJ-OOWvP10Yg,2/3/2015,NV,1,35.06
The Bagel Café,Restaurants,Las Vegas,L_hg_x-mS8swTCjCNFQQJA,2/3/2015,NV,1,
The Bagel Café,Bars,Las Vegas,L_hg_x-mS8swTCjCNFQQJA,2/3/2015,NV,1,
The Bagel Café,Cafes,Las Vegas,L_hg_x-mS8swTCjCNFQQJA,2/3/2015,NV,1,14.08
SUSHISAMBA Las Vegas,Cafes,Las Vegas,B74-fRrzGkBWlxK3oiVCqQ,2/4/2015,NV,1,
SUSHISAMBA Las Vegas,Bars,Las Vegas,B74-fRrzGkBWlxK3oiVCqQ,2/4/2015,NV,1,
SUSHISAMBA Las Vegas,Restaurants,Las Vegas,B74-fRrzGkBWlxK3oiVCqQ,2/4/2015,NV,1,169.36
SUSHISAMBA Las Vegas,Cafes,Las Vegas,VSXa-gtVlZcdOJpylKrQ6Q,2/4/2015,NV,1,
SUSHISAMBA Las Vegas,Bars,Las Vegas,VSXa-gtVlZcdOJpylKrQ6Q,2/4/2015,NV,1,
SUSHISAMBA Las Vegas,Restaurants,Las Vegas,VSXa-gtVlZcdOJpylKrQ6Q,2/4/2015,NV,1,112.21
Frankie's Tiki Room,Bars,Las Vegas,So5HMCXthdTWncE5S4FevQ,2/5/2015,NV,1,
Frankie's Tiki Room,Cafes,Las Vegas,So5HMCXthdTWncE5S4FevQ,2/5/2015,NV,1,
Frankie's Tiki Room,Restaurants,Las Vegas,So5HMCXthdTWncE5S4FevQ,2/5/2015,NV,1,413.53
LAVO Italian Restaurant & Lounge,Cafes,Las Vegas,gDmsGyfZIt4In4bN5fvxgA,2/5/2015,NV,1,
LAVO Italian Restaurant & Lounge,Restaurants,Las Vegas,gDmsGyfZIt4In4bN5fvxgA,2/5/2015,NV,1,
LAVO Italian Restaurant & Lounge,Bars,Las Vegas,gDmsGyfZIt4In4bN5fvxgA,2/5/2015,NV,1,69.32
The Chandelier,Bars,Las Vegas,KYEKYUeThIRmu1nKGeo0Ug,2/5/2015,NV,1,
The Chandelier,Cafes,Las Vegas,KYEKYUeThIRmu1nKGeo0Ug,2/5/2015,NV,1,
The Chandelier,Restaurants,Las Vegas,KYEKYUeThIRmu1nKGeo0Ug,2/5/2015,NV,1,190.89
The Chandelier,Bars,Las Vegas,O7H4LnMnmLgRZz2MzI_51g,2/5/2015,NV,1,
The Chandelier,Cafes,Las Vegas,O7H4LnMnmLgRZz2MzI_51g,2/5/2015,NV,1,
The Chandelier,Restaurants,Las Vegas,O7H4LnMnmLgRZz2MzI_51g,2/5/2015,NV,1,49.55
CUT,Cafes,Las Vegas,g4-b_kxuUn6nuRwxpc1PqQ,2/6/2015,NV,1,
CUT,Bars,Las Vegas,g4-b_kxuUn6nuRwxpc1PqQ,2/6/2015,NV,1,
CUT,Restaurants,Las Vegas,g4-b_kxuUn6nuRwxpc1PqQ,2/6/2015,NV,1,338.05
Fat Tuesday,Cafes,Las Vegas,Pm6xmQNVvTKxXl4KVh1Bow,2/6/2015,NV,1,
Fat Tuesday,Bars,Las Vegas,Pm6xmQNVvTKxXl4KVh1Bow,2/6/2015,NV,1,
Fat Tuesday,Restaurants,Las Vegas,Pm6xmQNVvTKxXl4KVh1Bow,2/6/2015,NV,1,103.21
Nora's Cuisine,Cafes,Las Vegas,mDj8xqk5qVHb3Be0ZQIoaQ,2/6/2015,NV,1,
Nora's Cuisine,Restaurants,Las Vegas,mDj8xqk5qVHb3Be0ZQIoaQ,2/6/2015,NV,1,
Nora's Cuisine,Bars,Las Vegas,mDj8xqk5qVHb3Be0ZQIoaQ,2/6/2015,NV,1,13.67
The Bagel Café,Bars,Las Vegas,dX-rp61hHMQRj5jscdQDmw,2/6/2015,NV,1,
The Bagel Café,Restaurants,Las Vegas,dX-rp61hHMQRj5jscdQDmw,2/6/2015,NV,1,
The Bagel Café,Cafes,Las Vegas,dX-rp61hHMQRj5jscdQDmw,2/6/2015,NV,1,21.5
SUSHISAMBA Las Vegas,Bars,Las Vegas,BripuS4ZR94dXVNkr01sfw,2/7/2015,NV,1,
SUSHISAMBA Las Vegas,Cafes,Las Vegas,BripuS4ZR94dXVNkr01sfw,2/7/2015,NV,1,
SUSHISAMBA Las Vegas,Restaurants,Las Vegas,BripuS4ZR94dXVNkr01sfw,2/7/2015,NV,1,142.35
SUSHISAMBA Las Vegas,Cafes,Las Vegas,NIplwoHjKO4b_R8BBHkLfw,2/7/2015,NV,1,
SUSHISAMBA Las Vegas,Bars,Las Vegas,NIplwoHjKO4b_R8BBHkLfw,2/7/2015,NV,1,
SUSHISAMBA Las Vegas,Restaurants,Las Vegas,NIplwoHjKO4b_R8BBHkLfw,2/7/2015,NV,1,160.52
The Bagel Café,Bars,Las Vegas,xBTW76iI6Nos0l1SBbDZSg,2/7/2015,NV,1,
The Bagel Café,Restaurants,Las Vegas,xBTW76iI6Nos0l1SBbDZSg,2/7/2015,NV,1,
The Bagel Café,Cafes,Las Vegas,xBTW76iI6Nos0l1SBbDZSg,2/7/2015,NV,1,17.62
The Chandelier,Cafes,Las Vegas,j7UH7I6PQ89K9EgOCgcqcA,2/7/2015,NV,1,
The Chandelier,Bars,Las Vegas,j7UH7I6PQ89K9EgOCgcqcA,2/7/2015,NV,1,
The Chandelier,Restaurants,Las Vegas,j7UH7I6PQ89K9EgOCgcqcA,2/7/2015,NV,1,79.61
The Peppermill Restaurant & Fireside Lounge,Cafes,Las Vegas,x6ITCOSTk1UlbQu-HshyMA,2/7/2015,NV,1,
The Peppermill Restaurant & Fireside Lounge,Bars,Las Vegas,x6ITCOSTk1UlbQu-HshyMA,2/7/2015,NV,1,
The Peppermill Restaurant & Fireside Lounge,Restaurants,Las Vegas,x6ITCOSTk1UlbQu-HshyMA,2/7/2015,NV,1,308.26
Fat Tuesday,Cafes,Las Vegas,Kl0KsCJpF5qwTwkZ40cjyA,2/8/2015,NV,1,
Fat Tuesday,Bars,Las Vegas,Kl0KsCJpF5qwTwkZ40cjyA,2/8/2015,NV,1,
Fat Tuesday,Restaurants,Las Vegas,Kl0KsCJpF5qwTwkZ40cjyA,2/8/2015,NV,1,223.62
Encore Beach Club,Restaurants,Las Vegas,nzVyZRPFsNtPRJox2n19PA,2/9/2015,NV,1,
Encore Beach Club,Cafes,Las Vegas,nzVyZRPFsNtPRJox2n19PA,2/9/2015,NV,1,
Encore Beach Club,Bars,Las Vegas,nzVyZRPFsNtPRJox2n19PA,2/9/2015,NV,1,114.74
Margaritaville,Cafes,Las Vegas,EbiSuLuYFJfcMtGobbG6PA,2/9/2015,NV,1,
Margaritaville,Restaurants,Las Vegas,EbiSuLuYFJfcMtGobbG6PA,2/9/2015,NV,1,
Margaritaville,Bars,Las Vegas,EbiSuLuYFJfcMtGobbG6PA,2/9/2015,NV,1,77.56
Nora's Cuisine,Cafes,Las Vegas,xJux6nEF_Li3b7ws93TqMw,2/9/2015,NV,1,
Nora's Cuisine,Restaurants,Las Vegas,xJux6nEF_Li3b7ws93TqMw,2/9/2015,NV,1,
Nora's Cuisine,Bars,Las Vegas,xJux6nEF_Li3b7ws93TqMw,2/9/2015,NV,1,74.66
The Chandelier,Bars,Las Vegas,jkHxXmzPeCQK9oQPeeeMSw,2/9/2015,NV,1,
The Chandelier,Cafes,Las Vegas,jkHxXmzPeCQK9oQPeeeMSw,2/9/2015,NV,1,
The Chandelier,Restaurants,Las Vegas,jkHxXmzPeCQK9oQPeeeMSw,2/9/2015,NV,1,195.84
The Peppermill Restaurant & Fireside Lounge,Cafes,Las Vegas,ddKobMKnrSfWPCnedHLjXA,2/9/2015,NV,1,
The Peppermill Restaurant & Fireside Lounge,Bars,Las Vegas,ddKobMKnrSfWPCnedHLjXA,2/9/2015,NV,1,
The Peppermill Restaurant & Fireside Lounge,Restaurants,Las Vegas,ddKobMKnrSfWPCnedHLjXA,2/9/2015,NV,1,373.98
The Peppermill Restaurant & Fireside Lounge,Cafes,Las Vegas,JCtHeG1ucXH90arBbNHbfw,2/9/2015,NV,1,
The Peppermill Restaurant & Fireside Lounge,Bars,Las Vegas,JCtHeG1ucXH90arBbNHbfw,2/9/2015,NV,1,
The Peppermill Restaurant & Fireside Lounge,Restaurants,Las Vegas,JCtHeG1ucXH90arBbNHbfw,2/9/2015,NV,1,262.29
Fat Tuesday,Bars,Las Vegas,HnomGkKdgG7RTcgdkLtziw,2/10/2015,NV,1,
Fat Tuesday,Cafes,Las Vegas,HnomGkKdgG7RTcgdkLtziw,2/10/2015,NV,1,
Fat Tuesday,Restaurants,Las Vegas,HnomGkKdgG7RTcgdkLtziw,2/10/2015,NV,1,125.14
Fat Tuesday,Cafes,Las Vegas,txhcx7Rvjr7mBVdF4mgHwA,2/10/2015,NV,1,
Fat Tuesday,Bars,Las Vegas,txhcx7Rvjr7mBVdF4mgHwA,2/10/2015,NV,1,
Fat Tuesday,Restaurants,Las Vegas,txhcx7Rvjr7mBVdF4mgHwA,2/10/2015,NV,1,72.6
LAVO Italian Restaurant & Lounge,Cafes,Las Vegas,xgbBlOH59x6cXjD0atJMhA,2/10/2015,NV,1,
LAVO Italian Restaurant & Lounge,Restaurants,Las Vegas,xgbBlOH59x6cXjD0atJMhA,2/10/2015,NV,1,
LAVO Italian Restaurant & Lounge,Bars,Las Vegas,xgbBlOH59x6cXjD0atJMhA,2/10/2015,NV,1,41.8
Margaritaville,Restaurants,Las Vegas,II925yZAQ6sZmLOgcnBVKg,2/10/2015,NV,1,
Margaritaville,Cafes,Las Vegas,II925yZAQ6sZmLOgcnBVKg,2/10/2015,NV,1,
Margaritaville,Bars,Las Vegas,II925yZAQ6sZmLOgcnBVKg,2/10/2015,NV,1,16.62
SUSHISAMBA Las Vegas,Bars,Las Vegas,bzAZl9i3jNCsk90uYTB_AA,2/10/2015,NV,1,
SUSHISAMBA Las Vegas,Cafes,Las Vegas,bzAZl9i3jNCsk90uYTB_AA,2/10/2015,NV,1,
SUSHISAMBA Las Vegas,Restaurants,Las Vegas,bzAZl9i3jNCsk90uYTB_AA,2/10/2015,NV,1,295.58
The Bagel Café,Bars,Las Vegas,BT3AQK9b5oIAdVve3_Sh1Q,2/10/2015,NV,1,
The Bagel Café,Restaurants,Las Vegas,BT3AQK9b5oIAdVve3_Sh1Q,2/10/2015,NV,1,
The Bagel Café,Cafes,Las Vegas,BT3AQK9b5oIAdVve3_Sh1Q,2/10/2015,NV,1,23.6
The Bagel Café,Restaurants,Las Vegas,kUUPxuRZU_hQTlC-72ChCQ,2/10/2015,NV,1,
The Bagel Café,Bars,Las Vegas,kUUPxuRZU_hQTlC-72ChCQ,2/10/2015,NV,1,
The Bagel Café,Cafes,Las Vegas,kUUPxuRZU_hQTlC-72ChCQ,2/10/2015,NV,1,28.07
The Peppermill Restaurant & Fireside Lounge,Bars,Las Vegas,m-0xsGsVMk2QhNpkIxX6zw,2/10/2015,NV,1,
The Peppermill Restaurant & Fireside Lounge,Cafes,Las Vegas,m-0xsGsVMk2QhNpkIxX6zw,2/10/2015,NV,1,
The Peppermill Restaurant & Fireside Lounge,Restaurants,Las Vegas,m-0xsGsVMk2QhNpkIxX6zw,2/10/2015,NV,1,215.18
CUT,Bars,Las Vegas,-syKj-9DbT2Gncu1AfF-Ug,2/11/2015,NV,1,
CUT,Cafes,Las Vegas,-syKj-9DbT2Gncu1AfF-Ug,2/11/2015,NV,1,
CUT,Restaurants,Las Vegas,-syKj-9DbT2Gncu1AfF-Ug,2/11/2015,NV,1,66.2
Fat Tuesday,Bars,Las Vegas,KCQUgDM3vNuB5xn4ZXVo-A,2/11/2015,NV,1,
Fat Tuesday,Cafes,Las Vegas,KCQUgDM3vNuB5xn4ZXVo-A,2/11/2015,NV,1,
Fat Tuesday,Restaurants,Las Vegas,KCQUgDM3vNuB5xn4ZXVo-A,2/11/2015,NV,1,132.04
Margaritaville,Cafes,Las Vegas,Rpgyk5ljNeQ2kWhaYRVELQ,2/11/2015,NV,1,
Margaritaville,Restaurants,Las Vegas,Rpgyk5ljNeQ2kWhaYRVELQ,2/11/2015,NV,1,
Margaritaville,Bars,Las Vegas,Rpgyk5ljNeQ2kWhaYRVELQ,2/11/2015,NV,1,42.12
Brio Tuscan Grille,Cafes,Las Vegas,Ou-6mRvOl4eUXiQFFGs_8A,2/12/2015,NV,1,
Brio Tuscan Grille,Restaurants,Las Vegas,Ou-6mRvOl4eUXiQFFGs_8A,2/12/2015,NV,1,
Brio Tuscan Grille,Bars,Las Vegas,Ou-6mRvOl4eUXiQFFGs_8A,2/12/2015,NV,1,30.33
CUT,Cafes,Las Vegas,W8Wb3hoa99chWiiGd86aVg,2/12/2015,NV,1,
CUT,Bars,Las Vegas,W8Wb3hoa99chWiiGd86aVg,2/12/2015,NV,1,
CUT,Restaurants,Las Vegas,W8Wb3hoa99chWiiGd86aVg,2/12/2015,NV,1,178.64
Encore Beach Club,Cafes,Las Vegas,4HvItBajnIkyQQEqfMf4gg,2/12/2015,NV,1,
Encore Beach Club,Restaurants,Las Vegas,4HvItBajnIkyQQEqfMf4gg,2/12/2015,NV,1,
Encore Beach Club,Bars,Las Vegas,4HvItBajnIkyQQEqfMf4gg,2/12/2015,NV,1,43.16
Fat Tuesday,Cafes,Las Vegas,MPksDrnZFt17O0AIdG4VWg,2/12/2015,NV,1,
Fat Tuesday,Bars,Las Vegas,MPksDrnZFt17O0AIdG4VWg,2/12/2015,NV,1,
Fat Tuesday,Restaurants,Las Vegas,MPksDrnZFt17O0AIdG4VWg,2/12/2015,NV,1,336.03
The Chandelier,Cafes,Las Vegas,L79wA5De6GOzt5ilTJfIUA,2/12/2015,NV,1,
The Chandelier,Bars,Las Vegas,L79wA5De6GOzt5ilTJfIUA,2/12/2015,NV,1,
The Chandelier,Restaurants,Las Vegas,L79wA5De6GOzt5ilTJfIUA,2/12/2015,NV,1,357.94
Brio Tuscan Grille,Restaurants,Las Vegas,cy15E8I7wLLEcUNKPVgDpA,2/13/2015,NV,1,
Brio Tuscan Grille,Cafes,Las Vegas,cy15E8I7wLLEcUNKPVgDpA,2/13/2015,NV,1,
Brio Tuscan Grille,Bars,Las Vegas,cy15E8I7wLLEcUNKPVgDpA,2/13/2015,NV,1,44.39
CUT,Cafes,Las Vegas,xJux6nEF_Li3b7ws93TqMw,2/13/2015,NV,1,
CUT,Bars,Las Vegas,xJux6nEF_Li3b7ws93TqMw,2/13/2015,NV,1,
CUT,Restaurants,Las Vegas,xJux6nEF_Li3b7ws93TqMw,2/13/2015,NV,1,93.02
Fat Tuesday,Bars,Las Vegas,uI2I4lOpL_OLElpb7PLTXA,2/13/2015,NV,1,
Fat Tuesday,Cafes,Las Vegas,uI2I4lOpL_OLElpb7PLTXA,2/13/2015,NV,1,
Fat Tuesday,Restaurants,Las Vegas,uI2I4lOpL_OLElpb7PLTXA,2/13/2015,NV,1,337.96
Fat Tuesday,Bars,Las Vegas,ycpZb-kaK3bva_ZQ-v7d2A,2/13/2015,NV,1,
Fat Tuesday,Cafes,Las Vegas,ycpZb-kaK3bva_ZQ-v7d2A,2/13/2015,NV,1,
Fat Tuesday,Restaurants,Las Vegas,ycpZb-kaK3bva_ZQ-v7d2A,2/13/2015,NV,1,290.97
Brio Tuscan Grille,Restaurants,Las Vegas,bk0J0XYhZ57QaLYepXBN1A,2/14/2015,NV,1,
Brio Tuscan Grille,Cafes,Las Vegas,bk0J0XYhZ57QaLYepXBN1A,2/14/2015,NV,1,
Brio Tuscan Grille,Bars,Las Vegas,bk0J0XYhZ57QaLYepXBN1A,2/14/2015,NV,1,6.13
Brio Tuscan Grille,Restaurants,Las Vegas,HnxhB37MFl-WFCzc6hn4cg,2/14/2015,NV,1,
Brio Tuscan Grille,Cafes,Las Vegas,HnxhB37MFl-WFCzc6hn4cg,2/14/2015,NV,1,
Brio Tuscan Grille,Bars,Las Vegas,HnxhB37MFl-WFCzc6hn4cg,2/14/2015,NV,1,35.55
SUSHISAMBA Las Vegas,Bars,Las Vegas,YoFVJkCVpzR0VFWRRBT3nA,2/14/2015,NV,1,
SUSHISAMBA Las Vegas,Cafes,Las Vegas,YoFVJkCVpzR0VFWRRBT3nA,2/14/2015,NV,1,
SUSHISAMBA Las Vegas,Restaurants,Las Vegas,YoFVJkCVpzR0VFWRRBT3nA,2/14/2015,NV,1,66.91
The Chandelier,Bars,Las Vegas,42g4FeE8w1scpowvVb809Q,2/14/2015,NV,1,
The Chandelier,Cafes,Las Vegas,42g4FeE8w1scpowvVb809Q,2/14/2015,NV,1,
The Chandelier,Restaurants,Las Vegas,42g4FeE8w1scpowvVb809Q,2/14/2015,NV,1,277.82
SUSHISAMBA Las Vegas,Bars,Las Vegas,2Zhh-gmwK0cnBIuTm5Dz_Q,2/15/2015,NV,1,
SUSHISAMBA Las Vegas,Cafes,Las Vegas,2Zhh-gmwK0cnBIuTm5Dz_Q,2/15/2015,NV,1,
SUSHISAMBA Las Vegas,Restaurants,Las Vegas,2Zhh-gmwK0cnBIuTm5Dz_Q,2/15/2015,NV,1,62.16
Fat Tuesday,Cafes,Las Vegas,3k9YWC9ukhnGPVuDb-erSQ,2/16/2015,NV,1,
Fat Tuesday,Bars,Las Vegas,3k9YWC9ukhnGPVuDb-erSQ,2/16/2015,NV,1,
Fat Tuesday,Restaurants,Las Vegas,3k9YWC9ukhnGPVuDb-erSQ,2/16/2015,NV,1,228.66
Margaritaville,Restaurants,Las Vegas,WtSH5EFH09s1XqxvzYIxTg,2/16/2015,NV,1,
Margaritaville,Cafes,Las Vegas,WtSH5EFH09s1XqxvzYIxTg,2/16/2015,NV,1,
Margaritaville,Bars,Las Vegas,WtSH5EFH09s1XqxvzYIxTg,2/16/2015,NV,1,67.29
Nora's Cuisine,Restaurants,Las Vegas,2uwalj8GE5VxvrCUb_lNRA,2/16/2015,NV,1,
Nora's Cuisine,Cafes,Las Vegas,2uwalj8GE5VxvrCUb_lNRA,2/16/2015,NV,1,
Nora's Cuisine,Bars,Las Vegas,2uwalj8GE5VxvrCUb_lNRA,2/16/2015,NV,1,81.77
SUSHISAMBA Las Vegas,Bars,Las Vegas,TKkT42aG8GNoOIlUFRkBYQ,2/16/2015,NV,1,
SUSHISAMBA Las Vegas,Cafes,Las Vegas,TKkT42aG8GNoOIlUFRkBYQ,2/16/2015,NV,1,
SUSHISAMBA Las Vegas,Restaurants,Las Vegas,TKkT42aG8GNoOIlUFRkBYQ,2/16/2015,NV,1,270.31
The Peppermill Restaurant & Fireside Lounge,Cafes,Las Vegas,EaE0VFIsbhMNoWIIczyneA,2/16/2015,NV,1,
The Peppermill Restaurant & Fireside Lounge,Bars,Las Vegas,EaE0VFIsbhMNoWIIczyneA,2/16/2015,NV,1,
The Peppermill Restaurant & Fireside Lounge,Restaurants,Las Vegas,EaE0VFIsbhMNoWIIczyneA,2/16/2015,NV,1,167.3
CUT,Bars,Las Vegas,E7wgX0rRA8eZc_8uLdn89A,2/17/2015,NV,1,
CUT,Cafes,Las Vegas,E7wgX0rRA8eZc_8uLdn89A,2/17/2015,NV,1,
CUT,Restaurants,Las Vegas,E7wgX0rRA8eZc_8uLdn89A,2/17/2015,NV,1,343.4
Frankie's Tiki Room,Bars,Las Vegas,0r34tcxb2yHFyfoleM1QGA,2/17/2015,NV,1,
Frankie's Tiki Room,Cafes,Las Vegas,0r34tcxb2yHFyfoleM1QGA,2/17/2015,NV,1,
Frankie's Tiki Room,Restaurants,Las Vegas,0r34tcxb2yHFyfoleM1QGA,2/17/2015,NV,1,330.8
Frankie's Tiki Room,Bars,Las Vegas,e3woMH003w5HVcEUhU1QLg,2/17/2015,NV,1,
Frankie's Tiki Room,Cafes,Las Vegas,e3woMH003w5HVcEUhU1QLg,2/17/2015,NV,1,
Frankie's Tiki Room,Restaurants,Las Vegas,e3woMH003w5HVcEUhU1QLg,2/17/2015,NV,1,205.5
Frankie's Tiki Room,Cafes,Las Vegas,YQQPaWieGhGrq6xBVj1byQ,2/17/2015,NV,1,
Frankie's Tiki Room,Bars,Las Vegas,YQQPaWieGhGrq6xBVj1byQ,2/17/2015,NV,1,
Frankie's Tiki Room,Restaurants,Las Vegas,YQQPaWieGhGrq6xBVj1byQ,2/17/2015,NV,1,333.26
Scarpetta,Restaurants,Las Vegas,QTWp08epdNiZ-l0VrJUbVQ,2/17/2015,NV,1,
Scarpetta,Cafes,Las Vegas,QTWp08epdNiZ-l0VrJUbVQ,2/17/2015,NV,1,
Scarpetta,Bars,Las Vegas,QTWp08epdNiZ-l0VrJUbVQ,2/17/2015,NV,1,56.69
SUSHISAMBA Las Vegas,Bars,Las Vegas,HWeFN6e0rPRT-T0zOJSIEg,2/17/2015,NV,1,
SUSHISAMBA Las Vegas,Cafes,Las Vegas,HWeFN6e0rPRT-T0zOJSIEg,2/17/2015,NV,1,
SUSHISAMBA Las Vegas,Restaurants,Las Vegas,HWeFN6e0rPRT-T0zOJSIEg,2/17/2015,NV,1,383.82
The Peppermill Restaurant & Fireside Lounge,Cafes,Las Vegas,3nbqYfQfn1hC4gDWAV6_mg,2/17/2015,NV,1,
The Peppermill Restaurant & Fireside Lounge,Bars,Las Vegas,3nbqYfQfn1hC4gDWAV6_mg,2/17/2015,NV,1,
The Peppermill Restaurant & Fireside Lounge,Restaurants,Las Vegas,3nbqYfQfn1hC4gDWAV6_mg,2/17/2015,NV,1,202.23
LAVO Italian Restaurant & Lounge,Restaurants,Las Vegas,4HvItBajnIkyQQEqfMf4gg,2/18/2015,NV,1,
LAVO Italian Restaurant & Lounge,Cafes,Las Vegas,4HvItBajnIkyQQEqfMf4gg,2/18/2015,NV,1,
LAVO Italian Restaurant & Lounge,Bars,Las Vegas,4HvItBajnIkyQQEqfMf4gg,2/18/2015,NV,1,14.64
LAVO Italian Restaurant & Lounge,Restaurants,Las Vegas,hfZkk4FX6rp5ZS2RrdpwhQ,2/18/2015,NV,1,
LAVO Italian Restaurant & Lounge,Cafes,Las Vegas,hfZkk4FX6rp5ZS2RrdpwhQ,2/18/2015,NV,1,
LAVO Italian Restaurant & Lounge,Bars,Las Vegas,hfZkk4FX6rp5ZS2RrdpwhQ,2/18/2015,NV,1,79.68
Nora's Cuisine,Restaurants,Las Vegas,fGXD2CJRtYi2x3AxkfOFyQ,2/18/2015,NV,1,
Nora's Cuisine,Cafes,Las Vegas,fGXD2CJRtYi2x3AxkfOFyQ,2/18/2015,NV,1,
Nora's Cuisine,Bars,Las Vegas,fGXD2CJRtYi2x3AxkfOFyQ,2/18/2015,NV,1,78.07
The Bagel Café,Bars,Las Vegas,rXXbSOG1yx9s-c-YpJz4YQ,2/18/2015,NV,1,
The Bagel Café,Restaurants,Las Vegas,rXXbSOG1yx9s-c-YpJz4YQ,2/18/2015,NV,1,
The Bagel Café,Cafes,Las Vegas,rXXbSOG1yx9s-c-YpJz4YQ,2/18/2015,NV,1,24.61
LAVO Italian Restaurant & Lounge,Cafes,Las Vegas,TnPYt3Hm-Glyniqyuq9nEA,2/19/2015,NV,1,
LAVO Italian Restaurant & Lounge,Restaurants,Las Vegas,TnPYt3Hm-Glyniqyuq9nEA,2/19/2015,NV,1,
LAVO Italian Restaurant & Lounge,Bars,Las Vegas,TnPYt3Hm-Glyniqyuq9nEA,2/19/2015,NV,1,81.62
The Chandelier,Bars,Las Vegas,kiB_oZBlyQYXgIeXy-F71w,2/19/2015,NV,1,
The Chandelier,Cafes,Las Vegas,kiB_oZBlyQYXgIeXy-F71w,2/19/2015,NV,1,
The Chandelier,Restaurants,Las Vegas,kiB_oZBlyQYXgIeXy-F71w,2/19/2015,NV,1,182.27
Fat Tuesday,Bars,Las Vegas,spZ06v78ERelJilKdQETuA,2/20/2015,NV,1,
Fat Tuesday,Cafes,Las Vegas,spZ06v78ERelJilKdQETuA,2/20/2015,NV,1,
Fat Tuesday,Restaurants,Las Vegas,spZ06v78ERelJilKdQETuA,2/20/2015,NV,1,360.66
The Bagel Café,Bars,Las Vegas,yUBT7gMTqTrpRnDUFpXGWw,2/20/2015,NV,1,
The Bagel Café,Restaurants,Las Vegas,yUBT7gMTqTrpRnDUFpXGWw,2/20/2015,NV,1,
The Bagel Café,Cafes,Las Vegas,yUBT7gMTqTrpRnDUFpXGWw,2/20/2015,NV,1,11.28
CUT,Bars,Las Vegas,Pm6xmQNVvTKxXl4KVh1Bow,2/21/2015,NV,1,
CUT,Cafes,Las Vegas,Pm6xmQNVvTKxXl4KVh1Bow,2/21/2015,NV,1,
CUT,Restaurants,Las Vegas,Pm6xmQNVvTKxXl4KVh1Bow,2/21/2015,NV,1,117.11
Margaritaville,Cafes,Las Vegas,RcvWJWTo2PKAxr-SEFXfRg,2/21/2015,NV,1,
Margaritaville,Restaurants,Las Vegas,RcvWJWTo2PKAxr-SEFXfRg,2/21/2015,NV,1,
Margaritaville,Bars,Las Vegas,RcvWJWTo2PKAxr-SEFXfRg,2/21/2015,NV,1,34.39
SUSHISAMBA Las Vegas,Cafes,Las Vegas,GFj7sT00BR_-QdgFe6Hydw,2/21/2015,NV,1,
SUSHISAMBA Las Vegas,Bars,Las Vegas,GFj7sT00BR_-QdgFe6Hydw,2/21/2015,NV,1,
SUSHISAMBA Las Vegas,Restaurants,Las Vegas,GFj7sT00BR_-QdgFe6Hydw,2/21/2015,NV,1,234.64
CUT,Bars,Las Vegas,w2W01_xzk020zfnmnrgjOg,2/22/2015,NV,1,
CUT,Cafes,Las Vegas,w2W01_xzk020zfnmnrgjOg,2/22/2015,NV,1,
CUT,Restaurants,Las Vegas,w2W01_xzk020zfnmnrgjOg,2/22/2015,NV,1,234.7
Frankie's Tiki Room,Bars,Las Vegas,AgtFQVxo-PGQVsOdY6Nvdg,2/22/2015,NV,1,
Frankie's Tiki Room,Cafes,Las Vegas,AgtFQVxo-PGQVsOdY6Nvdg,2/22/2015,NV,1,
Frankie's Tiki Room,Restaurants,Las Vegas,AgtFQVxo-PGQVsOdY6Nvdg,2/22/2015,NV,1,239.38
Nora's Cuisine,Cafes,Las Vegas,zaMpyqjK3jFaYl9Sv-Q6yg,2/22/2015,NV,1,
Nora's Cuisine,Restaurants,Las Vegas,zaMpyqjK3jFaYl9Sv-Q6yg,2/22/2015,NV,1,
Nora's Cuisine,Bars,Las Vegas,zaMpyqjK3jFaYl9Sv-Q6yg,2/22/2015,NV,1,55.72
Scarpetta,Restaurants,Las Vegas,zqdU9TX2F60f8AIPac-NPg,2/22/2015,NV,1,
Scarpetta,Cafes,Las Vegas,zqdU9TX2F60f8AIPac-NPg,2/22/2015,NV,1,
Scarpetta,Bars,Las Vegas,zqdU9TX2F60f8AIPac-NPg,2/22/2015,NV,1,45.52
SUSHISAMBA Las Vegas,Cafes,Las Vegas,btc5cy4JHDNdoWyiptVjZA,2/22/2015,NV,1,
SUSHISAMBA Las Vegas,Bars,Las Vegas,btc5cy4JHDNdoWyiptVjZA,2/22/2015,NV,1,
SUSHISAMBA Las Vegas,Restaurants,Las Vegas,btc5cy4JHDNdoWyiptVjZA,2/22/2015,NV,1,181.16
The Chandelier,Cafes,Las Vegas,7pEDezR5VOOPl7NI-WISLA,2/22/2015,NV,1,
The Chandelier,Bars,Las Vegas,7pEDezR5VOOPl7NI-WISLA,2/22/2015,NV,1,
The Chandelier,Restaurants,Las Vegas,7pEDezR5VOOPl7NI-WISLA,2/22/2015,NV,1,254.54
Brio Tuscan Grille,Restaurants,Las Vegas,jdzrcWd-s300V0huIOj-tA,2/23/2015,NV,1,
Brio Tuscan Grille,Cafes,Las Vegas,jdzrcWd-s300V0huIOj-tA,2/23/2015,NV,1,
Brio Tuscan Grille,Bars,Las Vegas,jdzrcWd-s300V0huIOj-tA,2/23/2015,NV,1,29.69
CUT,Bars,Las Vegas,3qOJVyTUfjpbyHy8lhqhog,2/23/2015,NV,1,
CUT,Cafes,Las Vegas,3qOJVyTUfjpbyHy8lhqhog,2/23/2015,NV,1,
CUT,Restaurants,Las Vegas,3qOJVyTUfjpbyHy8lhqhog,2/23/2015,NV,1,121.2
CUT,Bars,Las Vegas,Ygymu8dIEf8QLb_BO1RpYQ,2/23/2015,NV,1,
CUT,Cafes,Las Vegas,Ygymu8dIEf8QLb_BO1RpYQ,2/23/2015,NV,1,
CUT,Restaurants,Las Vegas,Ygymu8dIEf8QLb_BO1RpYQ,2/23/2015,NV,1,206.42
The Chandelier,Bars,Las Vegas,87AyUGjLDu7xO5bkVXCslA,2/23/2015,NV,1,
The Chandelier,Cafes,Las Vegas,87AyUGjLDu7xO5bkVXCslA,2/23/2015,NV,1,
The Chandelier,Restaurants,Las Vegas,87AyUGjLDu7xO5bkVXCslA,2/23/2015,NV,1,6.52
Encore Beach Club,Cafes,Las Vegas,ngUiYmG59Vbhgjx2RH4mww,2/24/2015,NV,1,
Encore Beach Club,Restaurants,Las Vegas,ngUiYmG59Vbhgjx2RH4mww,2/24/2015,NV,1,
Encore Beach Club,Bars,Las Vegas,ngUiYmG59Vbhgjx2RH4mww,2/24/2015,NV,1,69.45
Fat Tuesday,Cafes,Las Vegas,aLnH0qJhmI-KVA_rfR-8QA,2/24/2015,NV,1,
Fat Tuesday,Bars,Las Vegas,aLnH0qJhmI-KVA_rfR-8QA,2/24/2015,NV,1,
Fat Tuesday,Restaurants,Las Vegas,aLnH0qJhmI-KVA_rfR-8QA,2/24/2015,NV,1,186.82
Fat Tuesday,Cafes,Las Vegas,Pm6xmQNVvTKxXl4KVh1Bow,2/24/2015,NV,1,
Fat Tuesday,Bars,Las Vegas,Pm6xmQNVvTKxXl4KVh1Bow,2/24/2015,NV,1,
Fat Tuesday,Restaurants,Las Vegas,Pm6xmQNVvTKxXl4KVh1Bow,2/24/2015,NV,1,307.09
Frankie's Tiki Room,Cafes,Las Vegas,0QH_h9h7tWUN90jrJhw1fg,2/24/2015,NV,1,
Frankie's Tiki Room,Bars,Las Vegas,0QH_h9h7tWUN90jrJhw1fg,2/24/2015,NV,1,
Frankie's Tiki Room,Restaurants,Las Vegas,0QH_h9h7tWUN90jrJhw1fg,2/24/2015,NV,1,277.21
Frankie's Tiki Room,Cafes,Las Vegas,UYz4tg3n09LITyTHJmm9Uw,2/24/2015,NV,1,
Frankie's Tiki Room,Bars,Las Vegas,UYz4tg3n09LITyTHJmm9Uw,2/24/2015,NV,1,
Frankie's Tiki Room,Restaurants,Las Vegas,UYz4tg3n09LITyTHJmm9Uw,2/24/2015,NV,1,280.95
Frankie's Tiki Room,Cafes,Las Vegas,w0EE-JcPpZ1AloXpicqd0Q,2/24/2015,NV,1,
Frankie's Tiki Room,Bars,Las Vegas,w0EE-JcPpZ1AloXpicqd0Q,2/24/2015,NV,1,
Frankie's Tiki Room,Restaurants,Las Vegas,w0EE-JcPpZ1AloXpicqd0Q,2/24/2015,NV,1,143.08
SUSHISAMBA Las Vegas,Bars,Las Vegas,qnnieCU8EXZyojWuKg1iVQ,2/24/2015,NV,1,
SUSHISAMBA Las Vegas,Cafes,Las Vegas,qnnieCU8EXZyojWuKg1iVQ,2/24/2015,NV,1,
SUSHISAMBA Las Vegas,Restaurants,Las Vegas,qnnieCU8EXZyojWuKg1iVQ,2/24/2015,NV,1,216.64
Brio Tuscan Grille,Restaurants,Las Vegas,uQo15eTU43Rbwk6Wkr1i1A,2/25/2015,NV,1,
Brio Tuscan Grille,Cafes,Las Vegas,uQo15eTU43Rbwk6Wkr1i1A,2/25/2015,NV,1,
Brio Tuscan Grille,Bars,Las Vegas,uQo15eTU43Rbwk6Wkr1i1A,2/25/2015,NV,1,44.93
Brio Tuscan Grille,Restaurants,Las Vegas,ZE9-b-6ekeaA9mSIt-ZTyA,2/25/2015,NV,1,
Brio Tuscan Grille,Cafes,Las Vegas,ZE9-b-6ekeaA9mSIt-ZTyA,2/25/2015,NV,1,
Brio Tuscan Grille,Bars,Las Vegas,ZE9-b-6ekeaA9mSIt-ZTyA,2/25/2015,NV,1,77.55
CUT,Cafes,Las Vegas,VFOVpESdcmmlaqSjI1ni4w,2/25/2015,NV,1,
CUT,Bars,Las Vegas,VFOVpESdcmmlaqSjI1ni4w,2/25/2015,NV,1,
CUT,Restaurants,Las Vegas,VFOVpESdcmmlaqSjI1ni4w,2/25/2015,NV,1,220.21
Fat Tuesday,Cafes,Las Vegas,PQJ8CxK8xxaecDsie5hyaA,2/25/2015,NV,1,
Fat Tuesday,Bars,Las Vegas,PQJ8CxK8xxaecDsie5hyaA,2/25/2015,NV,1,
Fat Tuesday,Restaurants,Las Vegas,PQJ8CxK8xxaecDsie5hyaA,2/25/2015,NV,1,177.24
Frankie's Tiki Room,Bars,Las Vegas,wbIU917ctOGp8-NdeVxIWw,2/25/2015,NV,1,
Frankie's Tiki Room,Cafes,Las Vegas,wbIU917ctOGp8-NdeVxIWw,2/25/2015,NV,1,
Frankie's Tiki Room,Restaurants,Las Vegas,wbIU917ctOGp8-NdeVxIWw,2/25/2015,NV,1,138.34
The Bagel Café,Bars,Las Vegas,ZP2PRJ8DAxDamxe82CuOCQ,2/25/2015,NV,1,
The Bagel Café,Restaurants,Las Vegas,ZP2PRJ8DAxDamxe82CuOCQ,2/25/2015,NV,1,
The Bagel Café,Cafes,Las Vegas,ZP2PRJ8DAxDamxe82CuOCQ,2/25/2015,NV,1,26.57
The Chandelier,Bars,Las Vegas,6bd7x71_j4qaChI1hBQu4A,2/25/2015,NV,1,
The Chandelier,Cafes,Las Vegas,6bd7x71_j4qaChI1hBQu4A,2/25/2015,NV,1,
The Chandelier,Restaurants,Las Vegas,6bd7x71_j4qaChI1hBQu4A,2/25/2015,NV,1,233.19
The Chandelier,Cafes,Las Vegas,RLmUj1QGMz2dLBcdayuBiw,2/26/2015,NV,1,
The Chandelier,Bars,Las Vegas,RLmUj1QGMz2dLBcdayuBiw,2/26/2015,NV,1,
The Chandelier,Restaurants,Las Vegas,RLmUj1QGMz2dLBcdayuBiw,2/26/2015,NV,1,400.56
CUT,Cafes,Las Vegas,VSRmWUjNkSSeV7PLBOuh1A,2/27/2015,NV,1,
CUT,Bars,Las Vegas,VSRmWUjNkSSeV7PLBOuh1A,2/27/2015,NV,1,
CUT,Restaurants,Las Vegas,VSRmWUjNkSSeV7PLBOuh1A,2/27/2015,NV,1,340.28
Nora's Cuisine,Restaurants,Las Vegas,4Fj9QBaE6cc2Lm8vhbv5Cg,2/27/2015,NV,1,
Nora's Cuisine,Cafes,Las Vegas,4Fj9QBaE6cc2Lm8vhbv5Cg,2/27/2015,NV,1,
Nora's Cuisine,Bars,Las Vegas,4Fj9QBaE6cc2Lm8vhbv5Cg,2/27/2015,NV,1,36.99
Nora's Cuisine,Restaurants,Las Vegas,CZwNmePLhQTBWAJKgLn7lg,2/27/2015,NV,1,
Nora's Cuisine,Cafes,Las Vegas,CZwNmePLhQTBWAJKgLn7lg,2/27/2015,NV,1,
Nora's Cuisine,Bars,Las Vegas,CZwNmePLhQTBWAJKgLn7lg,2/27/2015,NV,1,86.74
SUSHISAMBA Las Vegas,Cafes,Las Vegas,xNb8pFe99ENj8BeMsCBPcQ,2/27/2015,NV,1,
SUSHISAMBA Las Vegas,Bars,Las Vegas,xNb8pFe99ENj8BeMsCBPcQ,2/27/2015,NV,1,
SUSHISAMBA Las Vegas,Restaurants,Las Vegas,xNb8pFe99ENj8BeMsCBPcQ,2/27/2015,NV,1,174.18
The Bagel Café,Bars,Las Vegas,2BiT4UmTnrnipyJTcBb6QA,2/27/2015,NV,1,
The Bagel Café,Restaurants,Las Vegas,2BiT4UmTnrnipyJTcBb6QA,2/27/2015,NV,1,
The Bagel Café,Cafes,Las Vegas,2BiT4UmTnrnipyJTcBb6QA,2/27/2015,NV,1,15.58
The Peppermill Restaurant & Fireside Lounge,Cafes,Las Vegas,OAd-vbR_POac1zHtu-Y2Zg,2/27/2015,NV,1,
The Peppermill Restaurant & Fireside Lounge,Bars,Las Vegas,OAd-vbR_POac1zHtu-Y2Zg,2/27/2015,NV,1,
The Peppermill Restaurant & Fireside Lounge,Restaurants,Las Vegas,OAd-vbR_POac1zHtu-Y2Zg,2/27/2015,NV,1,259.66
Brio Tuscan Grille,Cafes,Las Vegas,dNvxK1cXGqi5nVOWIhN2Zw,2/28/2015,NV,1,
Brio Tuscan Grille,Restaurants,Las Vegas,dNvxK1cXGqi5nVOWIhN2Zw,2/28/2015,NV,1,
Brio Tuscan Grille,Bars,Las Vegas,dNvxK1cXGqi5nVOWIhN2Zw,2/28/2015,NV,1,43.96
Brio Tuscan Grille,Cafes,Las Vegas,s5TKbtPmScdaT1XepvdcAg,2/28/2015,NV,1,
Brio Tuscan Grille,Restaurants,Las Vegas,s5TKbtPmScdaT1XepvdcAg,2/28/2015,NV,1,
Brio Tuscan Grille,Bars,Las Vegas,s5TKbtPmScdaT1XepvdcAg,2/28/2015,NV,1,23.33
CUT,Bars,Las Vegas,6kvUHI9MYtIuJXWecP7Zqg,2/28/2015,NV,1,
CUT,Cafes,Las Vegas,6kvUHI9MYtIuJXWecP7Zqg,2/28/2015,NV,1,
CUT,Restaurants,Las Vegas,6kvUHI9MYtIuJXWecP7Zqg,2/28/2015,NV,1,126.22
Encore Beach Club,Cafes,Las Vegas,VvrOVlFzCbkOVX4PsF3BOw,2/28/2015,NV,1,
Encore Beach Club,Restaurants,Las Vegas,VvrOVlFzCbkOVX4PsF3BOw,2/28/2015,NV,1,
Encore Beach Club,Bars,Las Vegas,VvrOVlFzCbkOVX4PsF3BOw,2/28/2015,NV,1,43.64
Fat Tuesday,Bars,Las Vegas,jJTp4Uw3YI0AAcoXXSxBtA,2/28/2015,NV,1,
Fat Tuesday,Cafes,Las Vegas,jJTp4Uw3YI0AAcoXXSxBtA,2/28/2015,NV,1,
Fat Tuesday,Restaurants,Las Vegas,jJTp4Uw3YI0AAcoXXSxBtA,2/28/2015,NV,1,283.29
Frankie's Tiki Room,Bars,Las Vegas,n6sFrQYz44nppbvriY36mg,2/28/2015,NV,1,
Frankie's Tiki Room,Cafes,Las Vegas,n6sFrQYz44nppbvriY36mg,2/28/2015,NV,1,
Frankie's Tiki Room,Restaurants,Las Vegas,n6sFrQYz44nppbvriY36mg,2/28/2015,NV,1,164.98
Scarpetta,Restaurants,Las Vegas,STcCu-FCjB4gjMRkMb_B3Q,2/28/2015,NV,1,
Scarpetta,Cafes,Las Vegas,STcCu-FCjB4gjMRkMb_B3Q,2/28/2015,NV,1,
Scarpetta,Bars,Las Vegas,STcCu-FCjB4gjMRkMb_B3Q,2/28/2015,NV,1,32.46
The Bagel Café,Restaurants,Las Vegas,HlVqy-Mv0FnhMbHz1W57yA,2/28/2015,NV,1,
The Bagel Café,Bars,Las Vegas,HlVqy-Mv0FnhMbHz1W57yA,2/28/2015,NV,1,
The Bagel Café,Cafes,Las Vegas,HlVqy-Mv0FnhMbHz1W57yA,2/28/2015,NV,1,17.01
The Chandelier,Bars,Las Vegas,HYePUgL2QqZLMQnobh7imw,2/28/2015,NV,1,
The Chandelier,Cafes,Las Vegas,HYePUgL2QqZLMQnobh7imw,2/28/2015,NV,1,
The Chandelier,Restaurants,Las Vegas,HYePUgL2QqZLMQnobh7imw,2/28/2015,NV,1,217.1
Frankie's Tiki Room,Bars,Las Vegas,0VfJi9Au0rVFVnPKcJpt3Q,3/1/2015,NV,1,
Frankie's Tiki Room,Cafes,Las Vegas,0VfJi9Au0rVFVnPKcJpt3Q,3/1/2015,NV,1,
Frankie's Tiki Room,Restaurants,Las Vegas,0VfJi9Au0rVFVnPKcJpt3Q,3/1/2015,NV,1,226.49
The Chandelier,Cafes,Las Vegas,IbWKbubDvcewNjHnxpTKiQ,3/1/2015,NV,1,
The Chandelier,Bars,Las Vegas,IbWKbubDvcewNjHnxpTKiQ,3/1/2015,NV,1,
The Chandelier,Restaurants,Las Vegas,IbWKbubDvcewNjHnxpTKiQ,3/1/2015,NV,1,148.15
Encore Beach Club,Restaurants,Las Vegas,U_pYV7n7cY2eGeDBwDsqSQ,3/2/2015,NV,1,
Encore Beach Club,Cafes,Las Vegas,U_pYV7n7cY2eGeDBwDsqSQ,3/2/2015,NV,1,
Encore Beach Club,Bars,Las Vegas,U_pYV7n7cY2eGeDBwDsqSQ,3/2/2015,NV,1,64.37
Frankie's Tiki Room,Cafes,Las Vegas,yBfWrMo0WYqJU5t-oXLVIQ,3/2/2015,NV,1,
Frankie's Tiki Room,Bars,Las Vegas,yBfWrMo0WYqJU5t-oXLVIQ,3/2/2015,NV,1,
Frankie's Tiki Room,Restaurants,Las Vegas,yBfWrMo0WYqJU5t-oXLVIQ,3/2/2015,NV,1,161.5
Margaritaville,Restaurants,Las Vegas,SYBD8WGb_y_KTaAZcMlUEg,3/2/2015,NV,1,
Margaritaville,Cafes,Las Vegas,SYBD8WGb_y_KTaAZcMlUEg,3/2/2015,NV,1,
Margaritaville,Bars,Las Vegas,SYBD8WGb_y_KTaAZcMlUEg,3/2/2015,NV,1,37.15
The Chandelier,Cafes,Las Vegas,0QH_h9h7tWUN90jrJhw1fg,3/2/2015,NV,1,
The Chandelier,Bars,Las Vegas,0QH_h9h7tWUN90jrJhw1fg,3/2/2015,NV,1,
The Chandelier,Restaurants,Las Vegas,0QH_h9h7tWUN90jrJhw1fg,3/2/2015,NV,1,264.62
The Chandelier,Cafes,Las Vegas,v-sRN1_c8hq0AifTFHajUg,3/2/2015,NV,1,
The Chandelier,Bars,Las Vegas,v-sRN1_c8hq0AifTFHajUg,3/2/2015,NV,1,
The Chandelier,Restaurants,Las Vegas,v-sRN1_c8hq0AifTFHajUg,3/2/2015,NV,1,252.63
CUT,Cafes,Las Vegas,1YsyOr0xnSxEdzQgfkYgTA,3/3/2015,NV,1,
CUT,Bars,Las Vegas,1YsyOr0xnSxEdzQgfkYgTA,3/3/2015,NV,1,
CUT,Restaurants,Las Vegas,1YsyOr0xnSxEdzQgfkYgTA,3/3/2015,NV,1,258.71
CUT,Cafes,Las Vegas,cBJ0dxeDFoctkbgCTQahTw,3/3/2015,NV,1,
CUT,Bars,Las Vegas,cBJ0dxeDFoctkbgCTQahTw,3/3/2015,NV,1,
CUT,Restaurants,Las Vegas,cBJ0dxeDFoctkbgCTQahTw,3/3/2015,NV,1,69.91
Fat Tuesday,Cafes,Las Vegas,k3EdbuzBPeXDwzyiEV48BQ,3/3/2015,NV,1,
Fat Tuesday,Bars,Las Vegas,k3EdbuzBPeXDwzyiEV48BQ,3/3/2015,NV,1,
Fat Tuesday,Restaurants,Las Vegas,k3EdbuzBPeXDwzyiEV48BQ,3/3/2015,NV,1,310.6
The Bagel Café,Bars,Las Vegas,8WvOke9T6ReCxlgyXQOcZQ,3/3/2015,NV,1,
The Bagel Café,Restaurants,Las Vegas,8WvOke9T6ReCxlgyXQOcZQ,3/3/2015,NV,1,
The Bagel Café,Cafes,Las Vegas,8WvOke9T6ReCxlgyXQOcZQ,3/3/2015,NV,1,20.17
The Chandelier,Cafes,Las Vegas,f8LTSe-dO_giyJ2694Zk9A,3/3/2015,NV,1,
The Chandelier,Bars,Las Vegas,f8LTSe-dO_giyJ2694Zk9A,3/3/2015,NV,1,
The Chandelier,Restaurants,Las Vegas,f8LTSe-dO_giyJ2694Zk9A,3/3/2015,NV,1,243.75
The Chandelier,Bars,Las Vegas,IIIPno2Ep1k_IPbKt-KOWw,3/3/2015,NV,1,
The Chandelier,Cafes,Las Vegas,IIIPno2Ep1k_IPbKt-KOWw,3/3/2015,NV,1,
The Chandelier,Restaurants,Las Vegas,IIIPno2Ep1k_IPbKt-KOWw,3/3/2015,NV,1,245.57
The Chandelier,Cafes,Las Vegas,M2nmZUu7_Xyd3f9fjo2s8Q,3/3/2015,NV,1,
The Chandelier,Bars,Las Vegas,M2nmZUu7_Xyd3f9fjo2s8Q,3/3/2015,NV,1,
The Chandelier,Restaurants,Las Vegas,M2nmZUu7_Xyd3f9fjo2s8Q,3/3/2015,NV,1,191.06
Brio Tuscan Grille,Cafes,Las Vegas,RhslD-7cBLJM8i5pSqgNoQ,3/5/2015,NV,1,
Brio Tuscan Grille,Restaurants,Las Vegas,RhslD-7cBLJM8i5pSqgNoQ,3/5/2015,NV,1,
Brio Tuscan Grille,Bars,Las Vegas,RhslD-7cBLJM8i5pSqgNoQ,3/5/2015,NV,1,43.07
Fat Tuesday,Cafes,Las Vegas,Q8V8lSHDFoIqbK4gsqr-EA,3/5/2015,NV,1,
Fat Tuesday,Bars,Las Vegas,Q8V8lSHDFoIqbK4gsqr-EA,3/5/2015,NV,1,
Fat Tuesday,Restaurants,Las Vegas,Q8V8lSHDFoIqbK4gsqr-EA,3/5/2015,NV,1,129.92
Fat Tuesday,Cafes,Las Vegas,T7emU3xCiPYnickSWN2y5g,3/5/2015,NV,1,
Fat Tuesday,Bars,Las Vegas,T7emU3xCiPYnickSWN2y5g,3/5/2015,NV,1,
Fat Tuesday,Restaurants,Las Vegas,T7emU3xCiPYnickSWN2y5g,3/5/2015,NV,1,266.19
Margaritaville,Restaurants,Las Vegas,1w32UX4lKRA18ITs66IjAw,3/5/2015,NV,1,
Margaritaville,Cafes,Las Vegas,1w32UX4lKRA18ITs66IjAw,3/5/2015,NV,1,
Margaritaville,Bars,Las Vegas,1w32UX4lKRA18ITs66IjAw,3/5/2015,NV,1,20.88
SUSHISAMBA Las Vegas,Cafes,Las Vegas,zL3J_eG0S2X4XgSmaMqwYQ,3/5/2015,NV,1,
SUSHISAMBA Las Vegas,Bars,Las Vegas,zL3J_eG0S2X4XgSmaMqwYQ,3/5/2015,NV,1,
SUSHISAMBA Las Vegas,Restaurants,Las Vegas,zL3J_eG0S2X4XgSmaMqwYQ,3/5/2015,NV,1,177
The Chandelier,Cafes,Las Vegas,uI2I4lOpL_OLElpb7PLTXA,3/5/2015,NV,1,
The Chandelier,Bars,Las Vegas,uI2I4lOpL_OLElpb7PLTXA,3/5/2015,NV,1,
The Chandelier,Restaurants,Las Vegas,uI2I4lOpL_OLElpb7PLTXA,3/5/2015,NV,1,346.73
The Peppermill Restaurant & Fireside Lounge,Cafes,Las Vegas,0fvMdn6M5PLUQPIVk5HsYQ,3/5/2015,NV,1,
The Peppermill Restaurant & Fireside Lounge,Bars,Las Vegas,0fvMdn6M5PLUQPIVk5HsYQ,3/5/2015,NV,1,
The Peppermill Restaurant & Fireside Lounge,Restaurants,Las Vegas,0fvMdn6M5PLUQPIVk5HsYQ,3/5/2015,NV,1,5.54
Frankie's Tiki Room,Bars,Las Vegas,lScAaXwR6TeiH59Hv2vjPQ,3/6/2015,NV,1,
Frankie's Tiki Room,Cafes,Las Vegas,lScAaXwR6TeiH59Hv2vjPQ,3/6/2015,NV,1,
Frankie's Tiki Room,Restaurants,Las Vegas,lScAaXwR6TeiH59Hv2vjPQ,3/6/2015,NV,1,103.44
Frankie's Tiki Room,Bars,Las Vegas,uNoFF2y83ncN5iIKtd5xZw,3/6/2015,NV,1,
Frankie's Tiki Room,Cafes,Las Vegas,uNoFF2y83ncN5iIKtd5xZw,3/6/2015,NV,1,
Frankie's Tiki Room,Restaurants,Las Vegas,uNoFF2y83ncN5iIKtd5xZw,3/6/2015,NV,1,325.7
SUSHISAMBA Las Vegas,Cafes,Las Vegas,S0yRUj8IbVjO_2tT66DyQw,3/6/2015,NV,1,
SUSHISAMBA Las Vegas,Bars,Las Vegas,S0yRUj8IbVjO_2tT66DyQw,3/6/2015,NV,1,
SUSHISAMBA Las Vegas,Restaurants,Las Vegas,S0yRUj8IbVjO_2tT66DyQw,3/6/2015,NV,1,216.17
SUSHISAMBA Las Vegas,Bars,Las Vegas,xNb8pFe99ENj8BeMsCBPcQ,3/6/2015,NV,1,
SUSHISAMBA Las Vegas,Cafes,Las Vegas,xNb8pFe99ENj8BeMsCBPcQ,3/6/2015,NV,1,
SUSHISAMBA Las Vegas,Restaurants,Las Vegas,xNb8pFe99ENj8BeMsCBPcQ,3/6/2015,NV,1,368.22
The Chandelier,Cafes,Las Vegas,EmyJfRnBICQA9lWnvjwPiA,3/6/2015,NV,1,
The Chandelier,Bars,Las Vegas,EmyJfRnBICQA9lWnvjwPiA,3/6/2015,NV,1,
The Chandelier,Restaurants,Las Vegas,EmyJfRnBICQA9lWnvjwPiA,3/6/2015,NV,1,130.9
Brio Tuscan Grille,Cafes,Las Vegas,mABmUQOs6X2KguG2OZ1B2Q,3/7/2015,NV,1,
Brio Tuscan Grille,Restaurants,Las Vegas,mABmUQOs6X2KguG2OZ1B2Q,3/7/2015,NV,1,
Brio Tuscan Grille,Bars,Las Vegas,mABmUQOs6X2KguG2OZ1B2Q,3/7/2015,NV,1,19.8
CUT,Cafes,Las Vegas,1-nRAH7_dAvs3IFsGXzHgg,3/7/2015,NV,1,
CUT,Bars,Las Vegas,1-nRAH7_dAvs3IFsGXzHgg,3/7/2015,NV,1,
CUT,Restaurants,Las Vegas,1-nRAH7_dAvs3IFsGXzHgg,3/7/2015,NV,1,201.94
CUT,Cafes,Las Vegas,uz28eMdo3KOmYKd-O8V0xQ,3/7/2015,NV,1,
CUT,Bars,Las Vegas,uz28eMdo3KOmYKd-O8V0xQ,3/7/2015,NV,1,
CUT,Restaurants,Las Vegas,uz28eMdo3KOmYKd-O8V0xQ,3/7/2015,NV,1,152.49
Fat Tuesday,Cafes,Las Vegas,64CcWat3m893QuFjWmXP1A,3/7/2015,NV,1,
Fat Tuesday,Bars,Las Vegas,64CcWat3m893QuFjWmXP1A,3/7/2015,NV,1,
Fat Tuesday,Restaurants,Las Vegas,64CcWat3m893QuFjWmXP1A,3/7/2015,NV,1,-38.93
Fat Tuesday,Cafes,Las Vegas,GKlnfV1XnNPrey48ljflkQ,3/7/2015,NV,1,
Fat Tuesday,Bars,Las Vegas,GKlnfV1XnNPrey48ljflkQ,3/7/2015,NV,1,
Fat Tuesday,Restaurants,Las Vegas,GKlnfV1XnNPrey48ljflkQ,3/7/2015,NV,1,329.57
Frankie's Tiki Room,Bars,Las Vegas,7-RXlQ28ZiQvgQp7WCEQAg,3/8/2015,NV,1,
Frankie's Tiki Room,Cafes,Las Vegas,7-RXlQ28ZiQvgQp7WCEQAg,3/8/2015,NV,1,
Frankie's Tiki Room,Restaurants,Las Vegas,7-RXlQ28ZiQvgQp7WCEQAg,3/8/2015,NV,1,69.51
SUSHISAMBA Las Vegas,Bars,Las Vegas,vyiHjaQlESGcXgEfEmH4ow,3/8/2015,NV,1,
SUSHISAMBA Las Vegas,Cafes,Las Vegas,vyiHjaQlESGcXgEfEmH4ow,3/8/2015,NV,1,
SUSHISAMBA Las Vegas,Restaurants,Las Vegas,vyiHjaQlESGcXgEfEmH4ow,3/8/2015,NV,1,163.22
The Peppermill Restaurant & Fireside Lounge,Bars,Las Vegas,0XRFyY8-dxmrDheFPpe8Sg,3/8/2015,NV,1,
The Peppermill Restaurant & Fireside Lounge,Cafes,Las Vegas,0XRFyY8-dxmrDheFPpe8Sg,3/8/2015,NV,1,
The Peppermill Restaurant & Fireside Lounge,Restaurants,Las Vegas,0XRFyY8-dxmrDheFPpe8Sg,3/8/2015,NV,1,-16.27
The Peppermill Restaurant & Fireside Lounge,Bars,Las Vegas,6wBGPldnmf42ZbKL_iuhqA,3/8/2015,NV,1,
The Peppermill Restaurant & Fireside Lounge,Cafes,Las Vegas,6wBGPldnmf42ZbKL_iuhqA,3/8/2015,NV,1,
The Peppermill Restaurant & Fireside Lounge,Restaurants,Las Vegas,6wBGPldnmf42ZbKL_iuhqA,3/8/2015,NV,1,297.68
CUT,Bars,Las Vegas,AdFpuH7MSin8cKmpT3IbCA,3/9/2015,NV,1,
CUT,Cafes,Las Vegas,AdFpuH7MSin8cKmpT3IbCA,3/9/2015,NV,1,
CUT,Restaurants,Las Vegas,AdFpuH7MSin8cKmpT3IbCA,3/9/2015,NV,1,12.96
CUT,Bars,Las Vegas,Ygymu8dIEf8QLb_BO1RpYQ,3/9/2015,NV,1,
CUT,Cafes,Las Vegas,Ygymu8dIEf8QLb_BO1RpYQ,3/9/2015,NV,1,
CUT,Restaurants,Las Vegas,Ygymu8dIEf8QLb_BO1RpYQ,3/9/2015,NV,1,70.4
Fat Tuesday,Bars,Las Vegas,yUBT7gMTqTrpRnDUFpXGWw,3/9/2015,NV,1,
Fat Tuesday,Cafes,Las Vegas,yUBT7gMTqTrpRnDUFpXGWw,3/9/2015,NV,1,
Fat Tuesday,Restaurants,Las Vegas,yUBT7gMTqTrpRnDUFpXGWw,3/9/2015,NV,1,137.12
The Bagel Café,Restaurants,Las Vegas,uZnfY6YJnzn4zddK6HYQ1A,3/10/2015,NV,1,
The Bagel Café,Bars,Las Vegas,uZnfY6YJnzn4zddK6HYQ1A,3/10/2015,NV,1,
The Bagel Café,Cafes,Las Vegas,uZnfY6YJnzn4zddK6HYQ1A,3/10/2015,NV,1,18.55
Brio Tuscan Grille,Cafes,Las Vegas,fMGAa_Cp4iVeFWNOFX0JzQ,3/11/2015,NV,1,
Brio Tuscan Grille,Restaurants,Las Vegas,fMGAa_Cp4iVeFWNOFX0JzQ,3/11/2015,NV,1,
Brio Tuscan Grille,Bars,Las Vegas,fMGAa_Cp4iVeFWNOFX0JzQ,3/11/2015,NV,1,94.12
Encore Beach Club,Cafes,Las Vegas,M-qXBkg7qbEPE4D0fgeaag,3/11/2015,NV,1,
Encore Beach Club,Restaurants,Las Vegas,M-qXBkg7qbEPE4D0fgeaag,3/11/2015,NV,1,
Encore Beach Club,Bars,Las Vegas,M-qXBkg7qbEPE4D0fgeaag,3/11/2015,NV,1,73.55
SUSHISAMBA Las Vegas,Cafes,Las Vegas,UBFOklzRQ27KeTD8zWTqOg,3/11/2015,NV,1,
SUSHISAMBA Las Vegas,Bars,Las Vegas,UBFOklzRQ27KeTD8zWTqOg,3/11/2015,NV,1,
SUSHISAMBA Las Vegas,Restaurants,Las Vegas,UBFOklzRQ27KeTD8zWTqOg,3/11/2015,NV,1,13.09
The Bagel Café,Bars,Las Vegas,1w32UX4lKRA18ITs66IjAw,3/11/2015,NV,1,
The Bagel Café,Restaurants,Las Vegas,1w32UX4lKRA18ITs66IjAw,3/11/2015,NV,1,
The Bagel Café,Cafes,Las Vegas,1w32UX4lKRA18ITs66IjAw,3/11/2015,NV,1,26.2
The Chandelier,Cafes,Las Vegas,I_aKEaLpND2ThZKP1Fy91A,3/11/2015,NV,1,
The Chandelier,Bars,Las Vegas,I_aKEaLpND2ThZKP1Fy91A,3/11/2015,NV,1,
The Chandelier,Restaurants,Las Vegas,I_aKEaLpND2ThZKP1Fy91A,3/11/2015,NV,1,319.09
Brio Tuscan Grille,Cafes,Las Vegas,eGdk9XWbnJ8FqFkgumI3gQ,3/12/2015,NV,1,
Brio Tuscan Grille,Restaurants,Las Vegas,eGdk9XWbnJ8FqFkgumI3gQ,3/12/2015,NV,1,
Brio Tuscan Grille,Bars,Las Vegas,eGdk9XWbnJ8FqFkgumI3gQ,3/12/2015,NV,1,58.1
Encore Beach Club,Restaurants,Las Vegas,Wj0r9VOpoIyRpaa6y5XGmA,3/12/2015,NV,1,
Encore Beach Club,Cafes,Las Vegas,Wj0r9VOpoIyRpaa6y5XGmA,3/12/2015,NV,1,
Encore Beach Club,Bars,Las Vegas,Wj0r9VOpoIyRpaa6y5XGmA,3/12/2015,NV,1,29.97
Nora's Cuisine,Restaurants,Las Vegas,3DmA6rp1NHqrq938cnRCmw,3/12/2015,NV,1,
Nora's Cuisine,Cafes,Las Vegas,3DmA6rp1NHqrq938cnRCmw,3/12/2015,NV,1,
Nora's Cuisine,Bars,Las Vegas,3DmA6rp1NHqrq938cnRCmw,3/12/2015,NV,1,49.78
SUSHISAMBA Las Vegas,Bars,Las Vegas,kxBMcJecR1LuuDyzc4Wggg,3/12/2015,NV,1,
SUSHISAMBA Las Vegas,Cafes,Las Vegas,kxBMcJecR1LuuDyzc4Wggg,3/12/2015,NV,1,
SUSHISAMBA Las Vegas,Restaurants,Las Vegas,kxBMcJecR1LuuDyzc4Wggg,3/12/2015,NV,1,145.86
Encore Beach Club,Cafes,Las Vegas,SdZtzMCtVK7izX8twot9rQ,3/13/2015,NV,1,
Encore Beach Club,Restaurants,Las Vegas,SdZtzMCtVK7izX8twot9rQ,3/13/2015,NV,1,
Encore Beach Club,Bars,Las Vegas,SdZtzMCtVK7izX8twot9rQ,3/13/2015,NV,1,38
Fat Tuesday,Cafes,Las Vegas,EjhVxYFeMUYimoImjMduzQ,3/13/2015,NV,1,
Fat Tuesday,Bars,Las Vegas,EjhVxYFeMUYimoImjMduzQ,3/13/2015,NV,1,
Fat Tuesday,Restaurants,Las Vegas,EjhVxYFeMUYimoImjMduzQ,3/13/2015,NV,1,275.63
The Peppermill Restaurant & Fireside Lounge,Bars,Las Vegas,fnltftjCKvrAwvM_h1j0kg,3/13/2015,NV,1,
The Peppermill Restaurant & Fireside Lounge,Cafes,Las Vegas,fnltftjCKvrAwvM_h1j0kg,3/13/2015,NV,1,
The Peppermill Restaurant & Fireside Lounge,Restaurants,Las Vegas,fnltftjCKvrAwvM_h1j0kg,3/13/2015,NV,1,132.22
The Peppermill Restaurant & Fireside Lounge,Bars,Las Vegas,I_aKEaLpND2ThZKP1Fy91A,3/13/2015,NV,1,
The Peppermill Restaurant & Fireside Lounge,Cafes,Las Vegas,I_aKEaLpND2ThZKP1Fy91A,3/13/2015,NV,1,
The Peppermill Restaurant & Fireside Lounge,Restaurants,Las Vegas,I_aKEaLpND2ThZKP1Fy91A,3/13/2015,NV,1,220.16
CUT,Cafes,Las Vegas,igzeMormwxhE6kLK-UO08Q,3/14/2015,NV,1,
CUT,Bars,Las Vegas,igzeMormwxhE6kLK-UO08Q,3/14/2015,NV,1,
CUT,Restaurants,Las Vegas,igzeMormwxhE6kLK-UO08Q,3/14/2015,NV,1,230.23
Fat Tuesday,Bars,Las Vegas,hkb931_U5zvQuH2vBuX2rA,3/14/2015,NV,1,
Fat Tuesday,Cafes,Las Vegas,hkb931_U5zvQuH2vBuX2rA,3/14/2015,NV,1,
Fat Tuesday,Restaurants,Las Vegas,hkb931_U5zvQuH2vBuX2rA,3/14/2015,NV,1,171.3
Fat Tuesday,Bars,Las Vegas,Zu7yrf1Kp9mRwBh2QYaIAg,3/14/2015,NV,1,
Fat Tuesday,Cafes,Las Vegas,Zu7yrf1Kp9mRwBh2QYaIAg,3/14/2015,NV,1,
Fat Tuesday,Restaurants,Las Vegas,Zu7yrf1Kp9mRwBh2QYaIAg,3/14/2015,NV,1,95.25
Margaritaville,Restaurants,Las Vegas,ngUiYmG59Vbhgjx2RH4mww,3/14/2015,NV,1,
Margaritaville,Cafes,Las Vegas,ngUiYmG59Vbhgjx2RH4mww,3/14/2015,NV,1,
Margaritaville,Bars,Las Vegas,ngUiYmG59Vbhgjx2RH4mww,3/14/2015,NV,1,55.41
CUT,Cafes,Las Vegas,2I0mgiAbds0OEdCDzvL6YA,3/15/2015,NV,1,
CUT,Bars,Las Vegas,2I0mgiAbds0OEdCDzvL6YA,3/15/2015,NV,1,
CUT,Restaurants,Las Vegas,2I0mgiAbds0OEdCDzvL6YA,3/15/2015,NV,1,91.73
Fat Tuesday,Bars,Las Vegas,uck2GHgXy7vAIlgXo7yknw,3/15/2015,NV,1,
Fat Tuesday,Cafes,Las Vegas,uck2GHgXy7vAIlgXo7yknw,3/15/2015,NV,1,
Fat Tuesday,Restaurants,Las Vegas,uck2GHgXy7vAIlgXo7yknw,3/15/2015,NV,1,157.81
SUSHISAMBA Las Vegas,Cafes,Las Vegas,85oNNy_b9ioFm03UODj3HQ,3/15/2015,NV,1,
SUSHISAMBA Las Vegas,Bars,Las Vegas,85oNNy_b9ioFm03UODj3HQ,3/15/2015,NV,1,
SUSHISAMBA Las Vegas,Restaurants,Las Vegas,85oNNy_b9ioFm03UODj3HQ,3/15/2015,NV,1,12.76
Frankie's Tiki Room,Bars,Las Vegas,_cdM8vgagBmo3S2PcAycYQ,3/16/2015,NV,1,
Frankie's Tiki Room,Cafes,Las Vegas,_cdM8vgagBmo3S2PcAycYQ,3/16/2015,NV,1,
Frankie's Tiki Room,Restaurants,Las Vegas,_cdM8vgagBmo3S2PcAycYQ,3/16/2015,NV,1,155.06
Frankie's Tiki Room,Cafes,Las Vegas,Z4ME_0M7mjSzBokwRUxPMQ,3/16/2015,NV,1,
Frankie's Tiki Room,Bars,Las Vegas,Z4ME_0M7mjSzBokwRUxPMQ,3/16/2015,NV,1,
Frankie's Tiki Room,Restaurants,Las Vegas,Z4ME_0M7mjSzBokwRUxPMQ,3/16/2015,NV,1,203.47
The Bagel Café,Bars,Las Vegas,yI1Cb95oGnRVmGF3coE0Vw,3/16/2015,NV,1,
The Bagel Café,Restaurants,Las Vegas,yI1Cb95oGnRVmGF3coE0Vw,3/16/2015,NV,1,
The Bagel Café,Cafes,Las Vegas,yI1Cb95oGnRVmGF3coE0Vw,3/16/2015,NV,1,7.37
The Bagel Café,Bars,Las Vegas,ZE9-b-6ekeaA9mSIt-ZTyA,3/16/2015,NV,1,
The Bagel Café,Restaurants,Las Vegas,ZE9-b-6ekeaA9mSIt-ZTyA,3/16/2015,NV,1,
The Bagel Café,Cafes,Las Vegas,ZE9-b-6ekeaA9mSIt-ZTyA,3/16/2015,NV,1,19.46
LAVO Italian Restaurant & Lounge,Restaurants,Las Vegas,RcvWJWTo2PKAxr-SEFXfRg,3/17/2015,NV,1,
LAVO Italian Restaurant & Lounge,Cafes,Las Vegas,RcvWJWTo2PKAxr-SEFXfRg,3/17/2015,NV,1,
LAVO Italian Restaurant & Lounge,Bars,Las Vegas,RcvWJWTo2PKAxr-SEFXfRg,3/17/2015,NV,1,31.26
LAVO Italian Restaurant & Lounge,Restaurants,Las Vegas,Rj0NbPLgbff4vW1lA8nmvA,3/17/2015,NV,1,
LAVO Italian Restaurant & Lounge,Cafes,Las Vegas,Rj0NbPLgbff4vW1lA8nmvA,3/17/2015,NV,1,
LAVO Italian Restaurant & Lounge,Bars,Las Vegas,Rj0NbPLgbff4vW1lA8nmvA,3/17/2015,NV,1,40.5
SUSHISAMBA Las Vegas,Bars,Las Vegas,BripuS4ZR94dXVNkr01sfw,3/17/2015,NV,1,
SUSHISAMBA Las Vegas,Cafes,Las Vegas,BripuS4ZR94dXVNkr01sfw,3/17/2015,NV,1,
SUSHISAMBA Las Vegas,Restaurants,Las Vegas,BripuS4ZR94dXVNkr01sfw,3/17/2015,NV,1,103.98
SUSHISAMBA Las Vegas,Bars,Las Vegas,vyiHjaQlESGcXgEfEmH4ow,3/17/2015,NV,1,
SUSHISAMBA Las Vegas,Cafes,Las Vegas,vyiHjaQlESGcXgEfEmH4ow,3/17/2015,NV,1,
SUSHISAMBA Las Vegas,Restaurants,Las Vegas,vyiHjaQlESGcXgEfEmH4ow,3/17/2015,NV,1,256.44
The Bagel Café,Bars,Las Vegas,KPMtjOO7b5Qp1J6ptyi68A,3/17/2015,NV,1,
The Bagel Café,Restaurants,Las Vegas,KPMtjOO7b5Qp1J6ptyi68A,3/17/2015,NV,1,
The Bagel Café,Cafes,Las Vegas,KPMtjOO7b5Qp1J6ptyi68A,3/17/2015,NV,1,37.23
The Chandelier,Bars,Las Vegas,-syKj-9DbT2Gncu1AfF-Ug,3/17/2015,NV,1,
The Chandelier,Cafes,Las Vegas,-syKj-9DbT2Gncu1AfF-Ug,3/17/2015,NV,1,
The Chandelier,Restaurants,Las Vegas,-syKj-9DbT2Gncu1AfF-Ug,3/17/2015,NV,1,216.64
Frankie's Tiki Room,Cafes,Las Vegas,81vhYxe_ONeL5l6Exl5MnA,3/18/2015,NV,1,
Frankie's Tiki Room,Bars,Las Vegas,81vhYxe_ONeL5l6Exl5MnA,3/18/2015,NV,1,
Frankie's Tiki Room,Restaurants,Las Vegas,81vhYxe_ONeL5l6Exl5MnA,3/18/2015,NV,1,244.65
The Bagel Café,Bars,Las Vegas,V1qmCtP5bAat9CSRugNXZA,3/18/2015,NV,1,
The Bagel Café,Restaurants,Las Vegas,V1qmCtP5bAat9CSRugNXZA,3/18/2015,NV,1,
The Bagel Café,Cafes,Las Vegas,V1qmCtP5bAat9CSRugNXZA,3/18/2015,NV,1,8.81
The Chandelier,Bars,Las Vegas,mC0YG0T0sIwXRRsC26Q0kw,3/18/2015,NV,1,
The Chandelier,Cafes,Las Vegas,mC0YG0T0sIwXRRsC26Q0kw,3/18/2015,NV,1,
The Chandelier,Restaurants,Las Vegas,mC0YG0T0sIwXRRsC26Q0kw,3/18/2015,NV,1,302.04
Fat Tuesday,Bars,Las Vegas,yl3YZddzKKGdm0a71su3Xg,3/19/2015,NV,1,
Fat Tuesday,Cafes,Las Vegas,yl3YZddzKKGdm0a71su3Xg,3/19/2015,NV,1,
Fat Tuesday,Restaurants,Las Vegas,yl3YZddzKKGdm0a71su3Xg,3/19/2015,NV,1,199.09
Nora's Cuisine,Restaurants,Las Vegas,_6bFXoUrzam_1SzP3bFLXA,3/19/2015,NV,1,
Nora's Cuisine,Cafes,Las Vegas,_6bFXoUrzam_1SzP3bFLXA,3/19/2015,NV,1,
Nora's Cuisine,Bars,Las Vegas,_6bFXoUrzam_1SzP3bFLXA,3/19/2015,NV,1,25.97
Scarpetta,Restaurants,Las Vegas,XNLDwA8xzh7aKLG9y8lbgg,3/19/2015,NV,1,
Scarpetta,Cafes,Las Vegas,XNLDwA8xzh7aKLG9y8lbgg,3/19/2015,NV,1,
Scarpetta,Bars,Las Vegas,XNLDwA8xzh7aKLG9y8lbgg,3/19/2015,NV,1,30.94
Fat Tuesday,Cafes,Las Vegas,fMGAa_Cp4iVeFWNOFX0JzQ,3/20/2015,NV,1,
Fat Tuesday,Bars,Las Vegas,fMGAa_Cp4iVeFWNOFX0JzQ,3/20/2015,NV,1,
Fat Tuesday,Restaurants,Las Vegas,fMGAa_Cp4iVeFWNOFX0JzQ,3/20/2015,NV,1,416.72
LAVO Italian Restaurant & Lounge,Cafes,Las Vegas,jdzrcWd-s300V0huIOj-tA,3/20/2015,NV,1,
LAVO Italian Restaurant & Lounge,Restaurants,Las Vegas,jdzrcWd-s300V0huIOj-tA,3/20/2015,NV,1,
LAVO Italian Restaurant & Lounge,Bars,Las Vegas,jdzrcWd-s300V0huIOj-tA,3/20/2015,NV,1,83.35
SUSHISAMBA Las Vegas,Bars,Las Vegas,GFj7sT00BR_-QdgFe6Hydw,3/20/2015,NV,1,
SUSHISAMBA Las Vegas,Cafes,Las Vegas,GFj7sT00BR_-QdgFe6Hydw,3/20/2015,NV,1,
SUSHISAMBA Las Vegas,Restaurants,Las Vegas,GFj7sT00BR_-QdgFe6Hydw,3/20/2015,NV,1,370.57
SUSHISAMBA Las Vegas,Bars,Las Vegas,mABmUQOs6X2KguG2OZ1B2Q,3/20/2015,NV,1,
SUSHISAMBA Las Vegas,Cafes,Las Vegas,mABmUQOs6X2KguG2OZ1B2Q,3/20/2015,NV,1,
SUSHISAMBA Las Vegas,Restaurants,Las Vegas,mABmUQOs6X2KguG2OZ1B2Q,3/20/2015,NV,1,383.63
The Chandelier,Bars,Las Vegas,80-MYGu3roY5eXHAvO0OAw,3/20/2015,NV,1,
The Chandelier,Cafes,Las Vegas,80-MYGu3roY5eXHAvO0OAw,3/20/2015,NV,1,
The Chandelier,Restaurants,Las Vegas,80-MYGu3roY5eXHAvO0OAw,3/20/2015,NV,1,284.27
CUT,Cafes,Las Vegas,9VtrPXbHHVcHkeIgEUXtZg,3/21/2015,NV,1,
CUT,Bars,Las Vegas,9VtrPXbHHVcHkeIgEUXtZg,3/21/2015,NV,1,
CUT,Restaurants,Las Vegas,9VtrPXbHHVcHkeIgEUXtZg,3/21/2015,NV,1,77.41
Encore Beach Club,Cafes,Las Vegas,j7UH7I6PQ89K9EgOCgcqcA,3/21/2015,NV,1,
Encore Beach Club,Restaurants,Las Vegas,j7UH7I6PQ89K9EgOCgcqcA,3/21/2015,NV,1,
Encore Beach Club,Bars,Las Vegas,j7UH7I6PQ89K9EgOCgcqcA,3/21/2015,NV,1,111.66
Frankie's Tiki Room,Bars,Las Vegas,4sewedKu70OFtfzTLTGHUQ,3/21/2015,NV,1,
Frankie's Tiki Room,Cafes,Las Vegas,4sewedKu70OFtfzTLTGHUQ,3/21/2015,NV,1,
Frankie's Tiki Room,Restaurants,Las Vegas,4sewedKu70OFtfzTLTGHUQ,3/21/2015,NV,1,147.42
Nora's Cuisine,Cafes,Las Vegas,kio0GfJvGPKrf_2myEDkrg,3/21/2015,NV,1,
Nora's Cuisine,Restaurants,Las Vegas,kio0GfJvGPKrf_2myEDkrg,3/21/2015,NV,1,
Nora's Cuisine,Bars,Las Vegas,kio0GfJvGPKrf_2myEDkrg,3/21/2015,NV,1,43.85
The Bagel Café,Restaurants,Las Vegas,klFpvp4eYzvvCHTIlQjeiA,3/21/2015,NV,1,
The Bagel Café,Bars,Las Vegas,klFpvp4eYzvvCHTIlQjeiA,3/21/2015,NV,1,
The Bagel Café,Cafes,Las Vegas,klFpvp4eYzvvCHTIlQjeiA,3/21/2015,NV,1,14.97
The Bagel Café,Bars,Las Vegas,QHpKZPzvGwIXmbR3EzBxCQ,3/21/2015,NV,1,
The Bagel Café,Restaurants,Las Vegas,QHpKZPzvGwIXmbR3EzBxCQ,3/21/2015,NV,1,
The Bagel Café,Cafes,Las Vegas,QHpKZPzvGwIXmbR3EzBxCQ,3/21/2015,NV,1,34.56
The Bagel Café,Restaurants,Las Vegas,wdk23Z76EwJCMO2Qywx2-g,3/21/2015,NV,1,
The Bagel Café,Bars,Las Vegas,wdk23Z76EwJCMO2Qywx2-g,3/21/2015,NV,1,
The Bagel Café,Cafes,Las Vegas,wdk23Z76EwJCMO2Qywx2-g,3/21/2015,NV,1,32.33
CUT,Bars,Las Vegas,0z53JLVswDMJvaCDMLubdg,3/22/2015,NV,1,
CUT,Cafes,Las Vegas,0z53JLVswDMJvaCDMLubdg,3/22/2015,NV,1,
CUT,Restaurants,Las Vegas,0z53JLVswDMJvaCDMLubdg,3/22/2015,NV,1,296.26
The Bagel Café,Bars,Las Vegas,m8vVTi2b-SWv3EJrvrruMg,3/22/2015,NV,1,
The Bagel Café,Restaurants,Las Vegas,m8vVTi2b-SWv3EJrvrruMg,3/22/2015,NV,1,
The Bagel Café,Cafes,Las Vegas,m8vVTi2b-SWv3EJrvrruMg,3/22/2015,NV,1,5.54
The Peppermill Restaurant & Fireside Lounge,Bars,Las Vegas,QzfVJo-r-9n2-g_8a9HTgw,3/22/2015,NV,1,
The Peppermill Restaurant & Fireside Lounge,Cafes,Las Vegas,QzfVJo-r-9n2-g_8a9HTgw,3/22/2015,NV,1,
The Peppermill Restaurant & Fireside Lounge,Restaurants,Las Vegas,QzfVJo-r-9n2-g_8a9HTgw,3/22/2015,NV,1,210.72
Brio Tuscan Grille,Restaurants,Las Vegas,9NMPC1bfwcJ2IZu2k0OAhA,3/23/2015,NV,1,
Brio Tuscan Grille,Cafes,Las Vegas,9NMPC1bfwcJ2IZu2k0OAhA,3/23/2015,NV,1,
Brio Tuscan Grille,Bars,Las Vegas,9NMPC1bfwcJ2IZu2k0OAhA,3/23/2015,NV,1,72.4
CUT,Bars,Las Vegas,kio0GfJvGPKrf_2myEDkrg,3/23/2015,NV,1,
CUT,Cafes,Las Vegas,kio0GfJvGPKrf_2myEDkrg,3/23/2015,NV,1,
CUT,Restaurants,Las Vegas,kio0GfJvGPKrf_2myEDkrg,3/23/2015,NV,1,262.39
Fat Tuesday,Bars,Las Vegas,UyOxJBlR3L_yU-e9QPpvXw,3/23/2015,NV,1,
Fat Tuesday,Cafes,Las Vegas,UyOxJBlR3L_yU-e9QPpvXw,3/23/2015,NV,1,
Fat Tuesday,Restaurants,Las Vegas,UyOxJBlR3L_yU-e9QPpvXw,3/23/2015,NV,1,467.52
Frankie's Tiki Room,Bars,Las Vegas,rR-o9W6QvZ8fOiua5lJlIQ,3/23/2015,NV,1,
Frankie's Tiki Room,Cafes,Las Vegas,rR-o9W6QvZ8fOiua5lJlIQ,3/23/2015,NV,1,
Frankie's Tiki Room,Restaurants,Las Vegas,rR-o9W6QvZ8fOiua5lJlIQ,3/23/2015,NV,1,194.29
Scarpetta,Restaurants,Las Vegas,SeE7Om9dLCv6LmiXOkjUMg,3/23/2015,NV,1,
Scarpetta,Cafes,Las Vegas,SeE7Om9dLCv6LmiXOkjUMg,3/23/2015,NV,1,
Scarpetta,Bars,Las Vegas,SeE7Om9dLCv6LmiXOkjUMg,3/23/2015,NV,1,56.29
SUSHISAMBA Las Vegas,Bars,Las Vegas,zL3J_eG0S2X4XgSmaMqwYQ,3/23/2015,NV,1,
SUSHISAMBA Las Vegas,Cafes,Las Vegas,zL3J_eG0S2X4XgSmaMqwYQ,3/23/2015,NV,1,
SUSHISAMBA Las Vegas,Restaurants,Las Vegas,zL3J_eG0S2X4XgSmaMqwYQ,3/23/2015,NV,1,202.26
The Peppermill Restaurant & Fireside Lounge,Cafes,Las Vegas,w2W01_xzk020zfnmnrgjOg,3/23/2015,NV,1,
The Peppermill Restaurant & Fireside Lounge,Bars,Las Vegas,w2W01_xzk020zfnmnrgjOg,3/23/2015,NV,1,
The Peppermill Restaurant & Fireside Lounge,Restaurants,Las Vegas,w2W01_xzk020zfnmnrgjOg,3/23/2015,NV,1,423
CUT,Bars,Las Vegas,QTWp08epdNiZ-l0VrJUbVQ,3/24/2015,NV,1,
CUT,Cafes,Las Vegas,QTWp08epdNiZ-l0VrJUbVQ,3/24/2015,NV,1,
CUT,Restaurants,Las Vegas,QTWp08epdNiZ-l0VrJUbVQ,3/24/2015,NV,1,264.69
Frankie's Tiki Room,Bars,Las Vegas,MPksDrnZFt17O0AIdG4VWg,3/24/2015,NV,1,
Frankie's Tiki Room,Cafes,Las Vegas,MPksDrnZFt17O0AIdG4VWg,3/24/2015,NV,1,
Frankie's Tiki Room,Restaurants,Las Vegas,MPksDrnZFt17O0AIdG4VWg,3/24/2015,NV,1,295.18
LAVO Italian Restaurant & Lounge,Cafes,Las Vegas,AdFpuH7MSin8cKmpT3IbCA,3/24/2015,NV,1,
LAVO Italian Restaurant & Lounge,Restaurants,Las Vegas,AdFpuH7MSin8cKmpT3IbCA,3/24/2015,NV,1,
LAVO Italian Restaurant & Lounge,Bars,Las Vegas,AdFpuH7MSin8cKmpT3IbCA,3/24/2015,NV,1,90.84
Margaritaville,Cafes,Las Vegas,3Fs-KWWt7INs57uk32SmRQ,3/24/2015,NV,1,
Margaritaville,Restaurants,Las Vegas,3Fs-KWWt7INs57uk32SmRQ,3/24/2015,NV,1,
Margaritaville,Bars,Las Vegas,3Fs-KWWt7INs57uk32SmRQ,3/24/2015,NV,1,3.48
Encore Beach Club,Cafes,Las Vegas,17LPTsu4RgqTZ3SxsGzzxw,3/25/2015,NV,1,
Encore Beach Club,Restaurants,Las Vegas,17LPTsu4RgqTZ3SxsGzzxw,3/25/2015,NV,1,
Encore Beach Club,Bars,Las Vegas,17LPTsu4RgqTZ3SxsGzzxw,3/25/2015,NV,1,56.54
SUSHISAMBA Las Vegas,Cafes,Las Vegas,TKkT42aG8GNoOIlUFRkBYQ,3/25/2015,NV,1,
SUSHISAMBA Las Vegas,Bars,Las Vegas,TKkT42aG8GNoOIlUFRkBYQ,3/25/2015,NV,1,
SUSHISAMBA Las Vegas,Restaurants,Las Vegas,TKkT42aG8GNoOIlUFRkBYQ,3/25/2015,NV,1,175.75
SUSHISAMBA Las Vegas,Cafes,Las Vegas,YoFVJkCVpzR0VFWRRBT3nA,3/25/2015,NV,1,
SUSHISAMBA Las Vegas,Bars,Las Vegas,YoFVJkCVpzR0VFWRRBT3nA,3/25/2015,NV,1,
SUSHISAMBA Las Vegas,Restaurants,Las Vegas,YoFVJkCVpzR0VFWRRBT3nA,3/25/2015,NV,1,158.6
Encore Beach Club,Restaurants,Las Vegas,n6sFrQYz44nppbvriY36mg,3/26/2015,NV,1,
Encore Beach Club,Cafes,Las Vegas,n6sFrQYz44nppbvriY36mg,3/26/2015,NV,1,
Encore Beach Club,Bars,Las Vegas,n6sFrQYz44nppbvriY36mg,3/26/2015,NV,1,46.44
Margaritaville,Restaurants,Las Vegas,Puvtz67srAKsbR0Lg0GmoA,3/26/2015,NV,1,
Margaritaville,Cafes,Las Vegas,Puvtz67srAKsbR0Lg0GmoA,3/26/2015,NV,1,
Margaritaville,Bars,Las Vegas,Puvtz67srAKsbR0Lg0GmoA,3/26/2015,NV,1,-9.38
SUSHISAMBA Las Vegas,Cafes,Las Vegas,e6I37DMbjU3xqqTmraxIyw,3/26/2015,NV,1,
SUSHISAMBA Las Vegas,Bars,Las Vegas,e6I37DMbjU3xqqTmraxIyw,3/26/2015,NV,1,
SUSHISAMBA Las Vegas,Restaurants,Las Vegas,e6I37DMbjU3xqqTmraxIyw,3/26/2015,NV,1,242.67
SUSHISAMBA Las Vegas,Cafes,Las Vegas,vJUWfI4Eg7GD5xvTCcj7qQ,3/26/2015,NV,1,
SUSHISAMBA Las Vegas,Bars,Las Vegas,vJUWfI4Eg7GD5xvTCcj7qQ,3/26/2015,NV,1,
SUSHISAMBA Las Vegas,Restaurants,Las Vegas,vJUWfI4Eg7GD5xvTCcj7qQ,3/26/2015,NV,1,169.52
The Chandelier,Bars,Las Vegas,sQb1iDMVJAKOGjrFdwYqtA,3/26/2015,NV,1,
The Chandelier,Cafes,Las Vegas,sQb1iDMVJAKOGjrFdwYqtA,3/26/2015,NV,1,
The Chandelier,Restaurants,Las Vegas,sQb1iDMVJAKOGjrFdwYqtA,3/26/2015,NV,1,306.67
The Peppermill Restaurant & Fireside Lounge,Cafes,Las Vegas,BripuS4ZR94dXVNkr01sfw,3/26/2015,NV,1,
The Peppermill Restaurant & Fireside Lounge,Bars,Las Vegas,BripuS4ZR94dXVNkr01sfw,3/26/2015,NV,1,
The Peppermill Restaurant & Fireside Lounge,Restaurants,Las Vegas,BripuS4ZR94dXVNkr01sfw,3/26/2015,NV,1,113.35
CUT,Bars,Las Vegas,_cdM8vgagBmo3S2PcAycYQ,3/27/2015,NV,1,
CUT,Cafes,Las Vegas,_cdM8vgagBmo3S2PcAycYQ,3/27/2015,NV,1,
CUT,Restaurants,Las Vegas,_cdM8vgagBmo3S2PcAycYQ,3/27/2015,NV,1,214.95
Encore Beach Club,Restaurants,Las Vegas,yI1Cb95oGnRVmGF3coE0Vw,3/27/2015,NV,1,
Encore Beach Club,Cafes,Las Vegas,yI1Cb95oGnRVmGF3coE0Vw,3/27/2015,NV,1,
Encore Beach Club,Bars,Las Vegas,yI1Cb95oGnRVmGF3coE0Vw,3/27/2015,NV,1,82.4
Fat Tuesday,Bars,Las Vegas,m9qpqKIaJ938_H8FSNfuVA,3/27/2015,NV,1,
Fat Tuesday,Cafes,Las Vegas,m9qpqKIaJ938_H8FSNfuVA,3/27/2015,NV,1,
Fat Tuesday,Restaurants,Las Vegas,m9qpqKIaJ938_H8FSNfuVA,3/27/2015,NV,1,337.52
Frankie's Tiki Room,Cafes,Las Vegas,zL3J_eG0S2X4XgSmaMqwYQ,3/27/2015,NV,1,
Frankie's Tiki Room,Bars,Las Vegas,zL3J_eG0S2X4XgSmaMqwYQ,3/27/2015,NV,1,
Frankie's Tiki Room,Restaurants,Las Vegas,zL3J_eG0S2X4XgSmaMqwYQ,3/27/2015,NV,1,351.4
LAVO Italian Restaurant & Lounge,Restaurants,Las Vegas,ijg6K6Adnw6_ppRLn5Eq1Q,3/27/2015,NV,1,
LAVO Italian Restaurant & Lounge,Cafes,Las Vegas,ijg6K6Adnw6_ppRLn5Eq1Q,3/27/2015,NV,1,
LAVO Italian Restaurant & Lounge,Bars,Las Vegas,ijg6K6Adnw6_ppRLn5Eq1Q,3/27/2015,NV,1,5.46
Margaritaville,Restaurants,Las Vegas,F1cvSKGF_K_mctyN6jX4Mw,3/27/2015,NV,1,
Margaritaville,Cafes,Las Vegas,F1cvSKGF_K_mctyN6jX4Mw,3/27/2015,NV,1,
Margaritaville,Bars,Las Vegas,F1cvSKGF_K_mctyN6jX4Mw,3/27/2015,NV,1,46.92
Margaritaville,Restaurants,Las Vegas,KQiFMkiUsI_T7vTnxChbxw,3/27/2015,NV,1,
Margaritaville,Cafes,Las Vegas,KQiFMkiUsI_T7vTnxChbxw,3/27/2015,NV,1,
Margaritaville,Bars,Las Vegas,KQiFMkiUsI_T7vTnxChbxw,3/27/2015,NV,1,69.31
Scarpetta,Cafes,Las Vegas,fUlSAMFfewxaRY14Ib07uw,3/27/2015,NV,1,
Scarpetta,Restaurants,Las Vegas,fUlSAMFfewxaRY14Ib07uw,3/27/2015,NV,1,
Scarpetta,Bars,Las Vegas,fUlSAMFfewxaRY14Ib07uw,3/27/2015,NV,1,88.41
Brio Tuscan Grille,Cafes,Las Vegas,cLauoo5bVAr_R92Z3fcLUQ,3/28/2015,NV,1,
Brio Tuscan Grille,Restaurants,Las Vegas,cLauoo5bVAr_R92Z3fcLUQ,3/28/2015,NV,1,
Brio Tuscan Grille,Bars,Las Vegas,cLauoo5bVAr_R92Z3fcLUQ,3/28/2015,NV,1,30.71
CUT,Bars,Las Vegas,IIIPno2Ep1k_IPbKt-KOWw,3/28/2015,NV,1,
CUT,Cafes,Las Vegas,IIIPno2Ep1k_IPbKt-KOWw,3/28/2015,NV,1,
CUT,Restaurants,Las Vegas,IIIPno2Ep1k_IPbKt-KOWw,3/28/2015,NV,1,325.36
LAVO Italian Restaurant & Lounge,Restaurants,Las Vegas,W8Wb3hoa99chWiiGd86aVg,3/28/2015,NV,1,
LAVO Italian Restaurant & Lounge,Cafes,Las Vegas,W8Wb3hoa99chWiiGd86aVg,3/28/2015,NV,1,
LAVO Italian Restaurant & Lounge,Bars,Las Vegas,W8Wb3hoa99chWiiGd86aVg,3/28/2015,NV,1,12.96
SUSHISAMBA Las Vegas,Bars,Las Vegas,bzAZl9i3jNCsk90uYTB_AA,3/28/2015,NV,1,
SUSHISAMBA Las Vegas,Cafes,Las Vegas,bzAZl9i3jNCsk90uYTB_AA,3/28/2015,NV,1,
SUSHISAMBA Las Vegas,Restaurants,Las Vegas,bzAZl9i3jNCsk90uYTB_AA,3/28/2015,NV,1,174.45
The Chandelier,Bars,Las Vegas,0ZJZPgwqFHJE397ZKB9ziA,3/28/2015,NV,1,
The Chandelier,Cafes,Las Vegas,0ZJZPgwqFHJE397ZKB9ziA,3/28/2015,NV,1,
The Chandelier,Restaurants,Las Vegas,0ZJZPgwqFHJE397ZKB9ziA,3/28/2015,NV,1,397.56
Brio Tuscan Grille,Restaurants,Las Vegas,IIIPno2Ep1k_IPbKt-KOWw,3/29/2015,NV,1,
Brio Tuscan Grille,Cafes,Las Vegas,IIIPno2Ep1k_IPbKt-KOWw,3/29/2015,NV,1,
Brio Tuscan Grille,Bars,Las Vegas,IIIPno2Ep1k_IPbKt-KOWw,3/29/2015,NV,1,50.92
Fat Tuesday,Bars,Las Vegas,Z4ME_0M7mjSzBokwRUxPMQ,3/29/2015,NV,1,
Fat Tuesday,Cafes,Las Vegas,Z4ME_0M7mjSzBokwRUxPMQ,3/29/2015,NV,1,
Fat Tuesday,Restaurants,Las Vegas,Z4ME_0M7mjSzBokwRUxPMQ,3/29/2015,NV,1,228.08
SUSHISAMBA Las Vegas,Bars,Las Vegas,GFj7sT00BR_-QdgFe6Hydw,3/29/2015,NV,1,
SUSHISAMBA Las Vegas,Cafes,Las Vegas,GFj7sT00BR_-QdgFe6Hydw,3/29/2015,NV,1,
SUSHISAMBA Las Vegas,Restaurants,Las Vegas,GFj7sT00BR_-QdgFe6Hydw,3/29/2015,NV,1,209.36
The Chandelier,Bars,Las Vegas,yR3jLGMZ1ug7zdPI_xKgTA,3/29/2015,NV,1,
The Chandelier,Cafes,Las Vegas,yR3jLGMZ1ug7zdPI_xKgTA,3/29/2015,NV,1,
The Chandelier,Restaurants,Las Vegas,yR3jLGMZ1ug7zdPI_xKgTA,3/29/2015,NV,1,83.35
The Peppermill Restaurant & Fireside Lounge,Bars,Las Vegas,sAFOZbX0nIpop-uzQ9VMGw,3/29/2015,NV,1,
The Peppermill Restaurant & Fireside Lounge,Cafes,Las Vegas,sAFOZbX0nIpop-uzQ9VMGw,3/29/2015,NV,1,
The Peppermill Restaurant & Fireside Lounge,Restaurants,Las Vegas,sAFOZbX0nIpop-uzQ9VMGw,3/29/2015,NV,1,308.1
SUSHISAMBA Las Vegas,Cafes,Las Vegas,HWeFN6e0rPRT-T0zOJSIEg,3/30/2015,NV,1,
SUSHISAMBA Las Vegas,Bars,Las Vegas,HWeFN6e0rPRT-T0zOJSIEg,3/30/2015,NV,1,
SUSHISAMBA Las Vegas,Restaurants,Las Vegas,HWeFN6e0rPRT-T0zOJSIEg,3/30/2015,NV,1,238.98
The Chandelier,Bars,Las Vegas,w2N2ynSzEWYA_9EK12D6zA,3/30/2015,NV,1,
The Chandelier,Cafes,Las Vegas,w2N2ynSzEWYA_9EK12D6zA,3/30/2015,NV,1,
The Chandelier,Restaurants,Las Vegas,w2N2ynSzEWYA_9EK12D6zA,3/30/2015,NV,1,45.41
Brio Tuscan Grille,Cafes,Las Vegas,XqtcjU9d8bDccPQ3O1EQVA,3/31/2015,NV,1,
Brio Tuscan Grille,Restaurants,Las Vegas,XqtcjU9d8bDccPQ3O1EQVA,3/31/2015,NV,1,
Brio Tuscan Grille,Bars,Las Vegas,XqtcjU9d8bDccPQ3O1EQVA,3/31/2015,NV,1,62.27
CUT,Cafes,Las Vegas,Z7WyN2jw4veTTrX8aoHmDQ,3/31/2015,NV,1,
CUT,Bars,Las Vegas,Z7WyN2jw4veTTrX8aoHmDQ,3/31/2015,NV,1,
CUT,Restaurants,Las Vegas,Z7WyN2jw4veTTrX8aoHmDQ,3/31/2015,NV,1,286.7
Frankie's Tiki Room,Bars,Las Vegas,Rpgyk5ljNeQ2kWhaYRVELQ,3/31/2015,NV,1,
Frankie's Tiki Room,Cafes,Las Vegas,Rpgyk5ljNeQ2kWhaYRVELQ,3/31/2015,NV,1,
Frankie's Tiki Room,Restaurants,Las Vegas,Rpgyk5ljNeQ2kWhaYRVELQ,3/31/2015,NV,1,98.99
Nora's Cuisine,Restaurants,Las Vegas,rR-o9W6QvZ8fOiua5lJlIQ,3/31/2015,NV,1,
Nora's Cuisine,Cafes,Las Vegas,rR-o9W6QvZ8fOiua5lJlIQ,3/31/2015,NV,1,
Nora's Cuisine,Bars,Las Vegas,rR-o9W6QvZ8fOiua5lJlIQ,3/31/2015,NV,1,43.42
SUSHISAMBA Las Vegas,Bars,Las Vegas,BripuS4ZR94dXVNkr01sfw,3/31/2015,NV,1,
SUSHISAMBA Las Vegas,Cafes,Las Vegas,BripuS4ZR94dXVNkr01sfw,3/31/2015,NV,1,
SUSHISAMBA Las Vegas,Restaurants,Las Vegas,BripuS4ZR94dXVNkr01sfw,3/31/2015,NV,1,206.1
The Bagel Café,Bars,Las Vegas,RbuRUPyuq5--Y9HYbR0cbQ,3/31/2015,NV,1,
The Bagel Café,Restaurants,Las Vegas,RbuRUPyuq5--Y9HYbR0cbQ,3/31/2015,NV,1,
The Bagel Café,Cafes,Las Vegas,RbuRUPyuq5--Y9HYbR0cbQ,3/31/2015,NV,1,16.49
The Bagel Café,Bars,Las Vegas,TnPYt3Hm-Glyniqyuq9nEA,3/31/2015,NV,1,
The Bagel Café,Restaurants,Las Vegas,TnPYt3Hm-Glyniqyuq9nEA,3/31/2015,NV,1,
The Bagel Café,Cafes,Las Vegas,TnPYt3Hm-Glyniqyuq9nEA,3/31/2015,NV,1,12.68
The Bagel Café,Bars,Las Vegas,UjuSPAgBxZMrQg5RJmv1wQ,3/31/2015,NV,1,
The Bagel Café,Restaurants,Las Vegas,UjuSPAgBxZMrQg5RJmv1wQ,3/31/2015,NV,1,
The Bagel Café,Cafes,Las Vegas,UjuSPAgBxZMrQg5RJmv1wQ,3/31/2015,NV,1,19.94
The Bagel Café,Bars,Las Vegas,V7S_ja18I3q4QRKUsTn-Nw,3/31/2015,NV,1,
The Bagel Café,Restaurants,Las Vegas,V7S_ja18I3q4QRKUsTn-Nw,3/31/2015,NV,1,
The Bagel Café,Cafes,Las Vegas,V7S_ja18I3q4QRKUsTn-Nw,3/31/2015,NV,1,26.4
The Chandelier,Bars,Las Vegas,jJTp4Uw3YI0AAcoXXSxBtA,3/31/2015,NV,1,
The Chandelier,Cafes,Las Vegas,jJTp4Uw3YI0AAcoXXSxBtA,3/31/2015,NV,1,
The Chandelier,Restaurants,Las Vegas,jJTp4Uw3YI0AAcoXXSxBtA,3/31/2015,NV,1,312.15
CUT,Bars,Las Vegas,KkR0jlQvAxANFC38xMJe2g,4/1/2015,NV,1,
CUT,Cafes,Las Vegas,KkR0jlQvAxANFC38xMJe2g,4/1/2015,NV,1,
CUT,Restaurants,Las Vegas,KkR0jlQvAxANFC38xMJe2g,4/1/2015,NV,1,139.04
CUT,Cafes,Las Vegas,raLypzEwwwQ-xzbMOVJQPA,4/1/2015,NV,1,
CUT,Bars,Las Vegas,raLypzEwwwQ-xzbMOVJQPA,4/1/2015,NV,1,
CUT,Restaurants,Las Vegas,raLypzEwwwQ-xzbMOVJQPA,4/1/2015,NV,1,43.96
Frankie's Tiki Room,Bars,Las Vegas,jkHxXmzPeCQK9oQPeeeMSw,4/1/2015,NV,1,
Frankie's Tiki Room,Cafes,Las Vegas,jkHxXmzPeCQK9oQPeeeMSw,4/1/2015,NV,1,
Frankie's Tiki Room,Restaurants,Las Vegas,jkHxXmzPeCQK9oQPeeeMSw,4/1/2015,NV,1,167.91
Frankie's Tiki Room,Cafes,Las Vegas,UjuSPAgBxZMrQg5RJmv1wQ,4/1/2015,NV,1,
Frankie's Tiki Room,Bars,Las Vegas,UjuSPAgBxZMrQg5RJmv1wQ,4/1/2015,NV,1,
Frankie's Tiki Room,Restaurants,Las Vegas,UjuSPAgBxZMrQg5RJmv1wQ,4/1/2015,NV,1,312.79
Nora's Cuisine,Restaurants,Las Vegas,bArGgo1zVotankArJPU9dA,4/1/2015,NV,1,
Nora's Cuisine,Cafes,Las Vegas,bArGgo1zVotankArJPU9dA,4/1/2015,NV,1,
Nora's Cuisine,Bars,Las Vegas,bArGgo1zVotankArJPU9dA,4/1/2015,NV,1,40.9
Nora's Cuisine,Restaurants,Las Vegas,JkSMEIzRsSeREHHIC4AAIQ,4/1/2015,NV,1,
Nora's Cuisine,Cafes,Las Vegas,JkSMEIzRsSeREHHIC4AAIQ,4/1/2015,NV,1,
Nora's Cuisine,Bars,Las Vegas,JkSMEIzRsSeREHHIC4AAIQ,4/1/2015,NV,1,-6.3
SUSHISAMBA Las Vegas,Bars,Las Vegas,GFj7sT00BR_-QdgFe6Hydw,4/1/2015,NV,1,
SUSHISAMBA Las Vegas,Cafes,Las Vegas,GFj7sT00BR_-QdgFe6Hydw,4/1/2015,NV,1,
SUSHISAMBA Las Vegas,Restaurants,Las Vegas,GFj7sT00BR_-QdgFe6Hydw,4/1/2015,NV,1,193.61
SUSHISAMBA Las Vegas,Cafes,Las Vegas,zL3J_eG0S2X4XgSmaMqwYQ,4/1/2015,NV,1,
SUSHISAMBA Las Vegas,Bars,Las Vegas,zL3J_eG0S2X4XgSmaMqwYQ,4/1/2015,NV,1,
SUSHISAMBA Las Vegas,Restaurants,Las Vegas,zL3J_eG0S2X4XgSmaMqwYQ,4/1/2015,NV,1,143.87
The Bagel Café,Bars,Las Vegas,Jq_apJB3Uf3Q_R9OeEuqBA,4/1/2015,NV,1,
The Bagel Café,Restaurants,Las Vegas,Jq_apJB3Uf3Q_R9OeEuqBA,4/1/2015,NV,1,
The Bagel Café,Cafes,Las Vegas,Jq_apJB3Uf3Q_R9OeEuqBA,4/1/2015,NV,1,18.55
The Chandelier,Bars,Las Vegas,f8LTSe-dO_giyJ2694Zk9A,4/1/2015,NV,1,
The Chandelier,Cafes,Las Vegas,f8LTSe-dO_giyJ2694Zk9A,4/1/2015,NV,1,
The Chandelier,Restaurants,Las Vegas,f8LTSe-dO_giyJ2694Zk9A,4/1/2015,NV,1,228.52
Brio Tuscan Grille,Restaurants,Las Vegas,V3kL1J_kP-7dBf_JgcyODw,4/2/2015,NV,1,
Brio Tuscan Grille,Cafes,Las Vegas,V3kL1J_kP-7dBf_JgcyODw,4/2/2015,NV,1,
Brio Tuscan Grille,Bars,Las Vegas,V3kL1J_kP-7dBf_JgcyODw,4/2/2015,NV,1,1.81
CUT,Bars,Las Vegas,k5p3YP1ZjCa8ZS3xqXgBug,4/2/2015,NV,1,
CUT,Cafes,Las Vegas,k5p3YP1ZjCa8ZS3xqXgBug,4/2/2015,NV,1,
CUT,Restaurants,Las Vegas,k5p3YP1ZjCa8ZS3xqXgBug,4/2/2015,NV,1,237.67
Frankie's Tiki Room,Bars,Las Vegas,B48auyX6nYRrgb_x9f0kUA,4/2/2015,NV,1,
Frankie's Tiki Room,Cafes,Las Vegas,B48auyX6nYRrgb_x9f0kUA,4/2/2015,NV,1,
Frankie's Tiki Room,Restaurants,Las Vegas,B48auyX6nYRrgb_x9f0kUA,4/2/2015,NV,1,54.1
LAVO Italian Restaurant & Lounge,Restaurants,Las Vegas,SOEsRQttwV3FA0CUVtCtGQ,4/2/2015,NV,1,
LAVO Italian Restaurant & Lounge,Cafes,Las Vegas,SOEsRQttwV3FA0CUVtCtGQ,4/2/2015,NV,1,
LAVO Italian Restaurant & Lounge,Bars,Las Vegas,SOEsRQttwV3FA0CUVtCtGQ,4/2/2015,NV,1,38.79
The Bagel Café,Restaurants,Las Vegas,6BI2XAnVHwhH8LiheWHQqw,4/2/2015,NV,1,
The Bagel Café,Bars,Las Vegas,6BI2XAnVHwhH8LiheWHQqw,4/2/2015,NV,1,
The Bagel Café,Cafes,Las Vegas,6BI2XAnVHwhH8LiheWHQqw,4/2/2015,NV,1,25.48
The Chandelier,Bars,Las Vegas,Z9R3ZsgsKWVR20WYlQjCsg,4/2/2015,NV,1,
The Chandelier,Cafes,Las Vegas,Z9R3ZsgsKWVR20WYlQjCsg,4/2/2015,NV,1,
The Chandelier,Restaurants,Las Vegas,Z9R3ZsgsKWVR20WYlQjCsg,4/2/2015,NV,1,111.73
The Peppermill Restaurant & Fireside Lounge,Bars,Las Vegas,wbIU917ctOGp8-NdeVxIWw,4/2/2015,NV,1,
The Peppermill Restaurant & Fireside Lounge,Cafes,Las Vegas,wbIU917ctOGp8-NdeVxIWw,4/2/2015,NV,1,
The Peppermill Restaurant & Fireside Lounge,Restaurants,Las Vegas,wbIU917ctOGp8-NdeVxIWw,4/2/2015,NV,1,123.16
Fat Tuesday,Cafes,Las Vegas,eH7wt30Kr2ae0F2PS-JdfQ,4/3/2015,NV,1,
Fat Tuesday,Bars,Las Vegas,eH7wt30Kr2ae0F2PS-JdfQ,4/3/2015,NV,1,
Fat Tuesday,Restaurants,Las Vegas,eH7wt30Kr2ae0F2PS-JdfQ,4/3/2015,NV,1,149.47
Fat Tuesday,Cafes,Las Vegas,KLbm5X6RXkIRoDZ0GH-E-g,4/3/2015,NV,1,
Fat Tuesday,Bars,Las Vegas,KLbm5X6RXkIRoDZ0GH-E-g,4/3/2015,NV,1,
Fat Tuesday,Restaurants,Las Vegas,KLbm5X6RXkIRoDZ0GH-E-g,4/3/2015,NV,1,325.55
Fat Tuesday,Cafes,Las Vegas,xKrTpZcwR69fGocWlWTrsg,4/3/2015,NV,1,
Fat Tuesday,Bars,Las Vegas,xKrTpZcwR69fGocWlWTrsg,4/3/2015,NV,1,
Fat Tuesday,Restaurants,Las Vegas,xKrTpZcwR69fGocWlWTrsg,4/3/2015,NV,1,30.08
LAVO Italian Restaurant & Lounge,Cafes,Las Vegas,B48auyX6nYRrgb_x9f0kUA,4/3/2015,NV,1,
LAVO Italian Restaurant & Lounge,Restaurants,Las Vegas,B48auyX6nYRrgb_x9f0kUA,4/3/2015,NV,1,
LAVO Italian Restaurant & Lounge,Bars,Las Vegas,B48auyX6nYRrgb_x9f0kUA,4/3/2015,NV,1,101.59
SUSHISAMBA Las Vegas,Cafes,Las Vegas,pEVf8GRshP9HUkSpizc9LA,4/3/2015,NV,1,
SUSHISAMBA Las Vegas,Bars,Las Vegas,pEVf8GRshP9HUkSpizc9LA,4/3/2015,NV,1,
SUSHISAMBA Las Vegas,Restaurants,Las Vegas,pEVf8GRshP9HUkSpizc9LA,4/3/2015,NV,1,223.33
Encore Beach Club,Restaurants,Henderson,gStP1jQncPmUME4SnfURyw,4/4/2015,NV,1,
Encore Beach Club,Cafes,Henderson,gStP1jQncPmUME4SnfURyw,4/4/2015,NV,1,
Encore Beach Club,Bars,Henderson,gStP1jQncPmUME4SnfURyw,4/4/2015,NV,1,111.55
Encore Beach Club,Restaurants,Henderson,jdzrcWd-s300V0huIOj-tA,4/4/2015,NV,1,
Encore Beach Club,Cafes,Henderson,jdzrcWd-s300V0huIOj-tA,4/4/2015,NV,1,
Encore Beach Club,Bars,Henderson,jdzrcWd-s300V0huIOj-tA,4/4/2015,NV,1,111.1
Margaritaville,Cafes,Henderson,0fvMdn6M5PLUQPIVk5HsYQ,4/4/2015,NV,1,
Margaritaville,Restaurants,Henderson,0fvMdn6M5PLUQPIVk5HsYQ,4/4/2015,NV,1,
Margaritaville,Bars,Henderson,0fvMdn6M5PLUQPIVk5HsYQ,4/4/2015,NV,1,67.06
Scarpetta,Cafes,Henderson,80-MYGu3roY5eXHAvO0OAw,4/4/2015,NV,1,
Scarpetta,Restaurants,Henderson,80-MYGu3roY5eXHAvO0OAw,4/4/2015,NV,1,
Scarpetta,Bars,Henderson,80-MYGu3roY5eXHAvO0OAw,4/4/2015,NV,1,56.46
SUSHISAMBA Las Vegas,Cafes,Henderson,UhRbCtkYI-dsN8wuJmo_Cw,4/4/2015,NV,1,
SUSHISAMBA Las Vegas,Bars,Henderson,UhRbCtkYI-dsN8wuJmo_Cw,4/4/2015,NV,1,
SUSHISAMBA Las Vegas,Restaurants,Henderson,UhRbCtkYI-dsN8wuJmo_Cw,4/4/2015,NV,1,305.23
The Chandelier,Bars,Henderson,WX4k2uoScxUypW59orsDPw,4/4/2015,NV,1,
The Chandelier,Cafes,Henderson,WX4k2uoScxUypW59orsDPw,4/4/2015,NV,1,
The Chandelier,Restaurants,Henderson,WX4k2uoScxUypW59orsDPw,4/4/2015,NV,1,354.5
Brio Tuscan Grille,Cafes,Henderson,H0runro-JouQzAXxj3-mPA,4/5/2015,NV,1,
Brio Tuscan Grille,Restaurants,Henderson,H0runro-JouQzAXxj3-mPA,4/5/2015,NV,1,
Brio Tuscan Grille,Bars,Henderson,H0runro-JouQzAXxj3-mPA,4/5/2015,NV,1,59.12
Brio Tuscan Grille,Cafes,Henderson,ijg6K6Adnw6_ppRLn5Eq1Q,4/5/2015,NV,1,
Brio Tuscan Grille,Restaurants,Henderson,ijg6K6Adnw6_ppRLn5Eq1Q,4/5/2015,NV,1,
Brio Tuscan Grille,Bars,Henderson,ijg6K6Adnw6_ppRLn5Eq1Q,4/5/2015,NV,1,53.49
The Bagel Café,Restaurants,Henderson,Ygymu8dIEf8QLb_BO1RpYQ,4/5/2015,NV,1,
The Bagel Café,Bars,Henderson,Ygymu8dIEf8QLb_BO1RpYQ,4/5/2015,NV,1,
The Bagel Café,Cafes,Henderson,Ygymu8dIEf8QLb_BO1RpYQ,4/5/2015,NV,1,36.74
CUT,Cafes,Henderson,F8Cb0Vfh4iSk67Zkfg4XKA,4/6/2015,NV,1,
CUT,Bars,Henderson,F8Cb0Vfh4iSk67Zkfg4XKA,4/6/2015,NV,1,
CUT,Restaurants,Henderson,F8Cb0Vfh4iSk67Zkfg4XKA,4/6/2015,NV,1,312.67
Fat Tuesday,Bars,Henderson,iAfl4oFawCiGYCHFOPvLAA,4/6/2015,NV,1,
Fat Tuesday,Cafes,Henderson,iAfl4oFawCiGYCHFOPvLAA,4/6/2015,NV,1,
Fat Tuesday,Restaurants,Henderson,iAfl4oFawCiGYCHFOPvLAA,4/6/2015,NV,1,182.7
The Chandelier,Cafes,Henderson,EpVY2OYeKZmpkh3vPyV_sg,4/6/2015,NV,1,
The Chandelier,Bars,Henderson,EpVY2OYeKZmpkh3vPyV_sg,4/6/2015,NV,1,
The Chandelier,Restaurants,Henderson,EpVY2OYeKZmpkh3vPyV_sg,4/6/2015,NV,1,88.07
Scarpetta,Cafes,Henderson,r7y8qGL4Y7M4FlZq39_UGA,4/7/2015,NV,1,
Scarpetta,Restaurants,Henderson,r7y8qGL4Y7M4FlZq39_UGA,4/7/2015,NV,1,
Scarpetta,Bars,Henderson,r7y8qGL4Y7M4FlZq39_UGA,4/7/2015,NV,1,71.86
The Bagel Café,Bars,Henderson,HYePUgL2QqZLMQnobh7imw,4/7/2015,NV,1,
The Bagel Café,Restaurants,Henderson,HYePUgL2QqZLMQnobh7imw,4/7/2015,NV,1,
The Bagel Café,Cafes,Henderson,HYePUgL2QqZLMQnobh7imw,4/7/2015,NV,1,0.54
The Chandelier,Bars,Henderson,rX_J_hZl4lV6BXsoidyCCg,4/7/2015,NV,1,
The Chandelier,Cafes,Henderson,rX_J_hZl4lV6BXsoidyCCg,4/7/2015,NV,1,
The Chandelier,Restaurants,Henderson,rX_J_hZl4lV6BXsoidyCCg,4/7/2015,NV,1,337.65
Frankie's Tiki Room,Bars,Henderson,4IBXnq5ia-27waHfZYGilQ,4/8/2015,NV,1,
Frankie's Tiki Room,Cafes,Henderson,4IBXnq5ia-27waHfZYGilQ,4/8/2015,NV,1,
Frankie's Tiki Room,Restaurants,Henderson,4IBXnq5ia-27waHfZYGilQ,4/8/2015,NV,1,-56.34
Frankie's Tiki Room,Cafes,Henderson,TWs1G1PxdWR_ms0hFL8MYQ,4/8/2015,NV,1,
Frankie's Tiki Room,Bars,Henderson,TWs1G1PxdWR_ms0hFL8MYQ,4/8/2015,NV,1,
Frankie's Tiki Room,Restaurants,Henderson,TWs1G1PxdWR_ms0hFL8MYQ,4/8/2015,NV,1,173.61
Margaritaville,Cafes,Henderson,g1sd14nmJyxGDBd_Ab_ovQ,4/8/2015,NV,1,
Margaritaville,Restaurants,Henderson,g1sd14nmJyxGDBd_Ab_ovQ,4/8/2015,NV,1,
Margaritaville,Bars,Henderson,g1sd14nmJyxGDBd_Ab_ovQ,4/8/2015,NV,1,47.87
Nora's Cuisine,Restaurants,Henderson,Hyhmpb3UnbjtSEXvgviCow,4/8/2015,NV,1,
Nora's Cuisine,Cafes,Henderson,Hyhmpb3UnbjtSEXvgviCow,4/8/2015,NV,1,
Nora's Cuisine,Bars,Henderson,Hyhmpb3UnbjtSEXvgviCow,4/8/2015,NV,1,78.43
The Chandelier,Cafes,Henderson,GlNcv3FQRqgTSp3TsVwWUQ,4/8/2015,NV,1,
The Chandelier,Bars,Henderson,GlNcv3FQRqgTSp3TsVwWUQ,4/8/2015,NV,1,
The Chandelier,Restaurants,Henderson,GlNcv3FQRqgTSp3TsVwWUQ,4/8/2015,NV,1,255.35
The Chandelier,Bars,Henderson,spZ06v78ERelJilKdQETuA,4/8/2015,NV,1,
The Chandelier,Cafes,Henderson,spZ06v78ERelJilKdQETuA,4/8/2015,NV,1,
The Chandelier,Restaurants,Henderson,spZ06v78ERelJilKdQETuA,4/8/2015,NV,1,129.56
Frankie's Tiki Room,Bars,Henderson,f4Q-3a-LN5SrC34kKw8qXA,4/9/2015,NV,1,
Frankie's Tiki Room,Cafes,Henderson,f4Q-3a-LN5SrC34kKw8qXA,4/9/2015,NV,1,
Frankie's Tiki Room,Restaurants,Henderson,f4Q-3a-LN5SrC34kKw8qXA,4/9/2015,NV,1,160.49
Frankie's Tiki Room,Bars,Henderson,FbvuZyo2VRAq0XL3UOy_Zw,4/9/2015,NV,1,
Frankie's Tiki Room,Cafes,Henderson,FbvuZyo2VRAq0XL3UOy_Zw,4/9/2015,NV,1,
Frankie's Tiki Room,Restaurants,Henderson,FbvuZyo2VRAq0XL3UOy_Zw,4/9/2015,NV,1,295.77
LAVO Italian Restaurant & Lounge,Cafes,Henderson,87g9y057oFyeQh4XnUqL4g,4/9/2015,NV,1,
LAVO Italian Restaurant & Lounge,Restaurants,Henderson,87g9y057oFyeQh4XnUqL4g,4/9/2015,NV,1,
LAVO Italian Restaurant & Lounge,Bars,Henderson,87g9y057oFyeQh4XnUqL4g,4/9/2015,NV,1,74.07
Margaritaville,Cafes,Henderson,ghse3a7l8koj8nWYzTwKjQ,4/9/2015,NV,1,
Margaritaville,Restaurants,Henderson,ghse3a7l8koj8nWYzTwKjQ,4/9/2015,NV,1,
Margaritaville,Bars,Henderson,ghse3a7l8koj8nWYzTwKjQ,4/9/2015,NV,1,91.68
Encore Beach Club,Cafes,Henderson,8aW9JKcJYZ8repy4pMVA_g,4/10/2015,NV,1,
Encore Beach Club,Restaurants,Henderson,8aW9JKcJYZ8repy4pMVA_g,4/10/2015,NV,1,
Encore Beach Club,Bars,Henderson,8aW9JKcJYZ8repy4pMVA_g,4/10/2015,NV,1,63.42
Fat Tuesday,Bars,Henderson,Yd4NVsow2YSmh7czWJIo1g,4/10/2015,NV,1,
Fat Tuesday,Cafes,Henderson,Yd4NVsow2YSmh7czWJIo1g,4/10/2015,NV,1,
Fat Tuesday,Restaurants,Henderson,Yd4NVsow2YSmh7czWJIo1g,4/10/2015,NV,1,364.48
Margaritaville,Cafes,Henderson,JWvxlyxu_TlzQDXw68KZBA,4/10/2015,NV,1,
Margaritaville,Restaurants,Henderson,JWvxlyxu_TlzQDXw68KZBA,4/10/2015,NV,1,
Margaritaville,Bars,Henderson,JWvxlyxu_TlzQDXw68KZBA,4/10/2015,NV,1,111.76
Nora's Cuisine,Cafes,Henderson,9FGYspfmryoYXkFGqcK7OA,4/10/2015,NV,1,
Nora's Cuisine,Restaurants,Henderson,9FGYspfmryoYXkFGqcK7OA,4/10/2015,NV,1,
Nora's Cuisine,Bars,Henderson,9FGYspfmryoYXkFGqcK7OA,4/10/2015,NV,1,83.61
SUSHISAMBA Las Vegas,Bars,Henderson,zL3J_eG0S2X4XgSmaMqwYQ,4/10/2015,NV,1,
SUSHISAMBA Las Vegas,Cafes,Henderson,zL3J_eG0S2X4XgSmaMqwYQ,4/10/2015,NV,1,
SUSHISAMBA Las Vegas,Restaurants,Henderson,zL3J_eG0S2X4XgSmaMqwYQ,4/10/2015,NV,1,-16.56
LAVO Italian Restaurant & Lounge,Restaurants,Henderson,M2nmZUu7_Xyd3f9fjo2s8Q,4/11/2015,NV,1,
LAVO Italian Restaurant & Lounge,Cafes,Henderson,M2nmZUu7_Xyd3f9fjo2s8Q,4/11/2015,NV,1,
LAVO Italian Restaurant & Lounge,Bars,Henderson,M2nmZUu7_Xyd3f9fjo2s8Q,4/11/2015,NV,1,73.21
The Bagel Café,Restaurants,Henderson,RLCjcLNSUOLiP_hEW6XGaw,4/11/2015,NV,1,
The Bagel Café,Bars,Henderson,RLCjcLNSUOLiP_hEW6XGaw,4/11/2015,NV,1,
The Bagel Café,Cafes,Henderson,RLCjcLNSUOLiP_hEW6XGaw,4/11/2015,NV,1,26.13
The Peppermill Restaurant & Fireside Lounge,Cafes,Henderson,f78O2Wa8E1x8sG6C9fDwbg,4/11/2015,NV,1,
The Peppermill Restaurant & Fireside Lounge,Bars,Henderson,f78O2Wa8E1x8sG6C9fDwbg,4/11/2015,NV,1,
The Peppermill Restaurant & Fireside Lounge,Restaurants,Henderson,f78O2Wa8E1x8sG6C9fDwbg,4/11/2015,NV,1,190.94
The Peppermill Restaurant & Fireside Lounge,Cafes,Henderson,pYz7z_1130tw21C47GNKHg,4/11/2015,NV,1,
The Peppermill Restaurant & Fireside Lounge,Bars,Henderson,pYz7z_1130tw21C47GNKHg,4/11/2015,NV,1,
The Peppermill Restaurant & Fireside Lounge,Restaurants,Henderson,pYz7z_1130tw21C47GNKHg,4/11/2015,NV,1,89.98
Encore Beach Club,Restaurants,Henderson,ld7dPTW7NSTOwt8S5-w4SA,4/12/2015,NV,1,
Encore Beach Club,Cafes,Henderson,ld7dPTW7NSTOwt8S5-w4SA,4/12/2015,NV,1,
Encore Beach Club,Bars,Henderson,ld7dPTW7NSTOwt8S5-w4SA,4/12/2015,NV,1,37.5
Fat Tuesday,Cafes,Henderson,cTqjCINamOfIpUoLEzcczQ,4/12/2015,NV,1,
Fat Tuesday,Bars,Henderson,cTqjCINamOfIpUoLEzcczQ,4/12/2015,NV,1,
Fat Tuesday,Restaurants,Henderson,cTqjCINamOfIpUoLEzcczQ,4/12/2015,NV,1,50.11
LAVO Italian Restaurant & Lounge,Cafes,Henderson,cXxq1RHFXUKAkZ2-CGQcpg,4/12/2015,NV,1,
LAVO Italian Restaurant & Lounge,Restaurants,Henderson,cXxq1RHFXUKAkZ2-CGQcpg,4/12/2015,NV,1,
LAVO Italian Restaurant & Lounge,Bars,Henderson,cXxq1RHFXUKAkZ2-CGQcpg,4/12/2015,NV,1,75.55
Scarpetta,Cafes,Henderson,JmNhFIz9PEXVWFy77leMIg,4/12/2015,NV,1,
Scarpetta,Restaurants,Henderson,JmNhFIz9PEXVWFy77leMIg,4/12/2015,NV,1,
Scarpetta,Bars,Henderson,JmNhFIz9PEXVWFy77leMIg,4/12/2015,NV,1,71.15
SUSHISAMBA Las Vegas,Cafes,Henderson,2Zhh-gmwK0cnBIuTm5Dz_Q,4/12/2015,NV,1,
SUSHISAMBA Las Vegas,Bars,Henderson,2Zhh-gmwK0cnBIuTm5Dz_Q,4/12/2015,NV,1,
SUSHISAMBA Las Vegas,Restaurants,Henderson,2Zhh-gmwK0cnBIuTm5Dz_Q,4/12/2015,NV,1,178.26
SUSHISAMBA Las Vegas,Bars,Henderson,lScAaXwR6TeiH59Hv2vjPQ,4/12/2015,NV,1,
SUSHISAMBA Las Vegas,Cafes,Henderson,lScAaXwR6TeiH59Hv2vjPQ,4/12/2015,NV,1,
SUSHISAMBA Las Vegas,Restaurants,Henderson,lScAaXwR6TeiH59Hv2vjPQ,4/12/2015,NV,1,68.18
CUT,Bars,Henderson,A3mpjzazkSDkua4cPSayYA,4/13/2015,NV,1,
CUT,Cafes,Henderson,A3mpjzazkSDkua4cPSayYA,4/13/2015,NV,1,
CUT,Restaurants,Henderson,A3mpjzazkSDkua4cPSayYA,4/13/2015,NV,1,282.58
Margaritaville,Restaurants,Henderson,4IBXnq5ia-27waHfZYGilQ,4/13/2015,NV,1,
Margaritaville,Cafes,Henderson,4IBXnq5ia-27waHfZYGilQ,4/13/2015,NV,1,
Margaritaville,Bars,Henderson,4IBXnq5ia-27waHfZYGilQ,4/13/2015,NV,1,60.68
Margaritaville,Restaurants,Henderson,7MtXdUEwHRF2i1T6KKgguA,4/14/2015,NV,1,
Margaritaville,Cafes,Henderson,7MtXdUEwHRF2i1T6KKgguA,4/14/2015,NV,1,
Margaritaville,Bars,Henderson,7MtXdUEwHRF2i1T6KKgguA,4/14/2015,NV,1,75.79
Scarpetta,Cafes,Henderson,zzUcHAdUr5uLrKRfw8iIHQ,4/14/2015,NV,1,
Scarpetta,Restaurants,Henderson,zzUcHAdUr5uLrKRfw8iIHQ,4/14/2015,NV,1,
Scarpetta,Bars,Henderson,zzUcHAdUr5uLrKRfw8iIHQ,4/14/2015,NV,1,62.26
CUT,Bars,Henderson,dTFs-SDYdn9kAl4-wQjNpw,4/15/2015,NV,1,
CUT,Cafes,Henderson,dTFs-SDYdn9kAl4-wQjNpw,4/15/2015,NV,1,
CUT,Restaurants,Henderson,dTFs-SDYdn9kAl4-wQjNpw,4/15/2015,NV,1,267.68
CUT,Bars,Henderson,jDb2vguou9IYVeL6qMr3HQ,4/15/2015,NV,1,
CUT,Cafes,Henderson,jDb2vguou9IYVeL6qMr3HQ,4/15/2015,NV,1,
CUT,Restaurants,Henderson,jDb2vguou9IYVeL6qMr3HQ,4/15/2015,NV,1,7.74
Fat Tuesday,Bars,Henderson,fU13OrvIV8uvKxUhceF6Vw,4/15/2015,NV,1,
Fat Tuesday,Cafes,Henderson,fU13OrvIV8uvKxUhceF6Vw,4/15/2015,NV,1,
Fat Tuesday,Restaurants,Henderson,fU13OrvIV8uvKxUhceF6Vw,4/15/2015,NV,1,54.69
Frankie's Tiki Room,Bars,Henderson,awZvWvEavT2BcbMvKAu0ug,4/15/2015,NV,1,
Frankie's Tiki Room,Cafes,Henderson,awZvWvEavT2BcbMvKAu0ug,4/15/2015,NV,1,
Frankie's Tiki Room,Restaurants,Henderson,awZvWvEavT2BcbMvKAu0ug,4/15/2015,NV,1,233.25
Scarpetta,Restaurants,Henderson,dU4TPMnb_D5vyIrSuIMIgg,4/15/2015,NV,1,
Scarpetta,Cafes,Henderson,dU4TPMnb_D5vyIrSuIMIgg,4/15/2015,NV,1,
Scarpetta,Bars,Henderson,dU4TPMnb_D5vyIrSuIMIgg,4/15/2015,NV,1,75.4
The Peppermill Restaurant & Fireside Lounge,Cafes,Henderson,WdmtUMK0xUZrc5YJcNP9xQ,4/15/2015,NV,1,
The Peppermill Restaurant & Fireside Lounge,Bars,Henderson,WdmtUMK0xUZrc5YJcNP9xQ,4/15/2015,NV,1,
The Peppermill Restaurant & Fireside Lounge,Restaurants,Henderson,WdmtUMK0xUZrc5YJcNP9xQ,4/15/2015,NV,1,30.68
Frankie's Tiki Room,Cafes,Henderson,4oODaigt-m6kVjU9ySfH7w,4/16/2015,NV,1,
Frankie's Tiki Room,Bars,Henderson,4oODaigt-m6kVjU9ySfH7w,4/16/2015,NV,1,
Frankie's Tiki Room,Restaurants,Henderson,4oODaigt-m6kVjU9ySfH7w,4/16/2015,NV,1,291.39
SUSHISAMBA Las Vegas,Cafes,Henderson,V1qmCtP5bAat9CSRugNXZA,4/16/2015,NV,1,
SUSHISAMBA Las Vegas,Bars,Henderson,V1qmCtP5bAat9CSRugNXZA,4/16/2015,NV,1,
SUSHISAMBA Las Vegas,Restaurants,Henderson,V1qmCtP5bAat9CSRugNXZA,4/16/2015,NV,1,187.46
The Bagel Café,Bars,Henderson,EaE0VFIsbhMNoWIIczyneA,4/16/2015,NV,1,
The Bagel Café,Restaurants,Henderson,EaE0VFIsbhMNoWIIczyneA,4/16/2015,NV,1,
The Bagel Café,Cafes,Henderson,EaE0VFIsbhMNoWIIczyneA,4/16/2015,NV,1,16.68
The Bagel Café,Bars,Henderson,vyiHjaQlESGcXgEfEmH4ow,4/16/2015,NV,1,
The Bagel Café,Restaurants,Henderson,vyiHjaQlESGcXgEfEmH4ow,4/16/2015,NV,1,
The Bagel Café,Cafes,Henderson,vyiHjaQlESGcXgEfEmH4ow,4/16/2015,NV,1,39.06
The Chandelier,Bars,Henderson,GRIUSZG7gxwA-L-jUfgbRg,4/16/2015,NV,1,
The Chandelier,Cafes,Henderson,GRIUSZG7gxwA-L-jUfgbRg,4/16/2015,NV,1,
The Chandelier,Restaurants,Henderson,GRIUSZG7gxwA-L-jUfgbRg,4/16/2015,NV,1,76.32
CUT,Bars,Henderson,WTyk16y136mLO7mFfn_lYw,4/17/2015,NV,1,
CUT,Cafes,Henderson,WTyk16y136mLO7mFfn_lYw,4/17/2015,NV,1,
CUT,Restaurants,Henderson,WTyk16y136mLO7mFfn_lYw,4/17/2015,NV,1,142.33
Fat Tuesday,Bars,Henderson,UfeHndURvGfJ5PZuFbHTvA,4/17/2015,NV,1,
Fat Tuesday,Cafes,Henderson,UfeHndURvGfJ5PZuFbHTvA,4/17/2015,NV,1,
Fat Tuesday,Restaurants,Henderson,UfeHndURvGfJ5PZuFbHTvA,4/17/2015,NV,1,141.61
Frankie's Tiki Room,Cafes,Henderson,XUSPGy1inoDbhN7yGvdLCQ,4/17/2015,NV,1,
Frankie's Tiki Room,Bars,Henderson,XUSPGy1inoDbhN7yGvdLCQ,4/17/2015,NV,1,
Frankie's Tiki Room,Restaurants,Henderson,XUSPGy1inoDbhN7yGvdLCQ,4/17/2015,NV,1,317.99
Margaritaville,Restaurants,Henderson,5pn0Rb0RSvt7IkPLWsGeZg,4/17/2015,NV,1,
Margaritaville,Cafes,Henderson,5pn0Rb0RSvt7IkPLWsGeZg,4/17/2015,NV,1,
Margaritaville,Bars,Henderson,5pn0Rb0RSvt7IkPLWsGeZg,4/17/2015,NV,1,48.7
The Peppermill Restaurant & Fireside Lounge,Cafes,Henderson,qiAxQxOvgGjOv7G9fKVd_Q,4/17/2015,NV,1,
The Peppermill Restaurant & Fireside Lounge,Bars,Henderson,qiAxQxOvgGjOv7G9fKVd_Q,4/17/2015,NV,1,
The Peppermill Restaurant & Fireside Lounge,Restaurants,Henderson,qiAxQxOvgGjOv7G9fKVd_Q,4/17/2015,NV,1,40.41
Encore Beach Club,Restaurants,Henderson,nA4yCblbGyCFcs-G6UcLlg,4/18/2015,NV,1,
Encore Beach Club,Cafes,Henderson,nA4yCblbGyCFcs-G6UcLlg,4/18/2015,NV,1,
Encore Beach Club,Bars,Henderson,nA4yCblbGyCFcs-G6UcLlg,4/18/2015,NV,1,17.83
Nora's Cuisine,Restaurants,Henderson,KOxd6rC7dtk5BmniPmHfTA,4/18/2015,NV,1,
Nora's Cuisine,Cafes,Henderson,KOxd6rC7dtk5BmniPmHfTA,4/18/2015,NV,1,
Nora's Cuisine,Bars,Henderson,KOxd6rC7dtk5BmniPmHfTA,4/18/2015,NV,1,78.63
The Bagel Café,Bars,Henderson,7x3-B0yaO_hqXm42VKStzw,4/18/2015,NV,1,
The Bagel Café,Restaurants,Henderson,7x3-B0yaO_hqXm42VKStzw,4/18/2015,NV,1,
The Bagel Café,Cafes,Henderson,7x3-B0yaO_hqXm42VKStzw,4/18/2015,NV,1,29.26
Frankie's Tiki Room,Bars,Henderson,ZEj9R_Uk66NccaEXH_TydA,4/19/2015,NV,1,
Frankie's Tiki Room,Cafes,Henderson,ZEj9R_Uk66NccaEXH_TydA,4/19/2015,NV,1,
Frankie's Tiki Room,Restaurants,Henderson,ZEj9R_Uk66NccaEXH_TydA,4/19/2015,NV,1,492.59
LAVO Italian Restaurant & Lounge,Restaurants,Henderson,NKN-_GPWhYDBJBntUlNOIg,4/19/2015,NV,1,
LAVO Italian Restaurant & Lounge,Cafes,Henderson,NKN-_GPWhYDBJBntUlNOIg,4/19/2015,NV,1,
LAVO Italian Restaurant & Lounge,Bars,Henderson,NKN-_GPWhYDBJBntUlNOIg,4/19/2015,NV,1,69.17
SUSHISAMBA Las Vegas,Bars,Henderson,BripuS4ZR94dXVNkr01sfw,4/19/2015,NV,1,
SUSHISAMBA Las Vegas,Cafes,Henderson,BripuS4ZR94dXVNkr01sfw,4/19/2015,NV,1,
SUSHISAMBA Las Vegas,Restaurants,Henderson,BripuS4ZR94dXVNkr01sfw,4/19/2015,NV,1,225.86
SUSHISAMBA Las Vegas,Bars,Henderson,btc5cy4JHDNdoWyiptVjZA,4/19/2015,NV,1,
SUSHISAMBA Las Vegas,Cafes,Henderson,btc5cy4JHDNdoWyiptVjZA,4/19/2015,NV,1,
SUSHISAMBA Las Vegas,Restaurants,Henderson,btc5cy4JHDNdoWyiptVjZA,4/19/2015,NV,1,98.54
The Peppermill Restaurant & Fireside Lounge,Cafes,Henderson,JWvxlyxu_TlzQDXw68KZBA,4/19/2015,NV,1,
The Peppermill Restaurant & Fireside Lounge,Bars,Henderson,JWvxlyxu_TlzQDXw68KZBA,4/19/2015,NV,1,
The Peppermill Restaurant & Fireside Lounge,Restaurants,Henderson,JWvxlyxu_TlzQDXw68KZBA,4/19/2015,NV,1,202.93
Fat Tuesday,Cafes,Henderson,7pEDezR5VOOPl7NI-WISLA,4/20/2015,NV,1,
Fat Tuesday,Bars,Henderson,7pEDezR5VOOPl7NI-WISLA,4/20/2015,NV,1,
Fat Tuesday,Restaurants,Henderson,7pEDezR5VOOPl7NI-WISLA,4/20/2015,NV,1,121.21
LAVO Italian Restaurant & Lounge,Restaurants,Henderson,UMmtL8H0Pf6UxHeww2FISA,4/20/2015,NV,1,
LAVO Italian Restaurant & Lounge,Cafes,Henderson,UMmtL8H0Pf6UxHeww2FISA,4/20/2015,NV,1,
LAVO Italian Restaurant & Lounge,Bars,Henderson,UMmtL8H0Pf6UxHeww2FISA,4/20/2015,NV,1,74.73
Margaritaville,Cafes,Henderson,bzAZl9i3jNCsk90uYTB_AA,4/20/2015,NV,1,
Margaritaville,Restaurants,Henderson,bzAZl9i3jNCsk90uYTB_AA,4/20/2015,NV,1,
Margaritaville,Bars,Henderson,bzAZl9i3jNCsk90uYTB_AA,4/20/2015,NV,1,55.45
The Chandelier,Cafes,Henderson,opQrpfhWAt_ZVc-SdzzzZA,4/20/2015,NV,1,
The Chandelier,Bars,Henderson,opQrpfhWAt_ZVc-SdzzzZA,4/20/2015,NV,1,
The Chandelier,Restaurants,Henderson,opQrpfhWAt_ZVc-SdzzzZA,4/20/2015,NV,1,1.97
The Peppermill Restaurant & Fireside Lounge,Cafes,Henderson,f78O2Wa8E1x8sG6C9fDwbg,4/20/2015,NV,1,
The Peppermill Restaurant & Fireside Lounge,Bars,Henderson,f78O2Wa8E1x8sG6C9fDwbg,4/20/2015,NV,1,
The Peppermill Restaurant & Fireside Lounge,Restaurants,Henderson,f78O2Wa8E1x8sG6C9fDwbg,4/20/2015,NV,1,291.77
Brio Tuscan Grille,Restaurants,Henderson,dt-PrUupgaDK5qZccBdT9w,4/21/2015,NV,1,
Brio Tuscan Grille,Cafes,Henderson,dt-PrUupgaDK5qZccBdT9w,4/21/2015,NV,1,
Brio Tuscan Grille,Bars,Henderson,dt-PrUupgaDK5qZccBdT9w,4/21/2015,NV,1,75.15
Scarpetta,Restaurants,Henderson,9sXPgl0LlTCdBL19S_R5Hw,4/21/2015,NV,1,
Scarpetta,Cafes,Henderson,9sXPgl0LlTCdBL19S_R5Hw,4/21/2015,NV,1,
Scarpetta,Bars,Henderson,9sXPgl0LlTCdBL19S_R5Hw,4/21/2015,NV,1,22.8
The Bagel Café,Bars,Henderson,38JK-SfO9NkAGs1RwlH2Gw,4/21/2015,NV,1,
The Bagel Café,Restaurants,Henderson,38JK-SfO9NkAGs1RwlH2Gw,4/21/2015,NV,1,
The Bagel Café,Cafes,Henderson,38JK-SfO9NkAGs1RwlH2Gw,4/21/2015,NV,1,19.32
The Bagel Café,Bars,Henderson,U_pYV7n7cY2eGeDBwDsqSQ,4/21/2015,NV,1,
The Bagel Café,Restaurants,Henderson,U_pYV7n7cY2eGeDBwDsqSQ,4/21/2015,NV,1,
The Bagel Café,Cafes,Henderson,U_pYV7n7cY2eGeDBwDsqSQ,4/21/2015,NV,1,28.55
The Chandelier,Bars,Henderson,hl4_LPK2ZjVZHq4GzVdZuQ,4/21/2015,NV,1,
The Chandelier,Cafes,Henderson,hl4_LPK2ZjVZHq4GzVdZuQ,4/21/2015,NV,1,
The Chandelier,Restaurants,Henderson,hl4_LPK2ZjVZHq4GzVdZuQ,4/21/2015,NV,1,250.2
Frankie's Tiki Room,Bars,Henderson,nMtPifrS4qd2ggGEo48KRg,4/22/2015,NV,1,
Frankie's Tiki Room,Cafes,Henderson,nMtPifrS4qd2ggGEo48KRg,4/22/2015,NV,1,
Frankie's Tiki Room,Restaurants,Henderson,nMtPifrS4qd2ggGEo48KRg,4/22/2015,NV,1,228.55
Margaritaville,Cafes,Henderson,nzVyZRPFsNtPRJox2n19PA,4/22/2015,NV,1,
Margaritaville,Restaurants,Henderson,nzVyZRPFsNtPRJox2n19PA,4/22/2015,NV,1,
Margaritaville,Bars,Henderson,nzVyZRPFsNtPRJox2n19PA,4/22/2015,NV,1,33.96
Scarpetta,Cafes,Henderson,NW_WOT7RcWvmFZRh98CKyA,4/22/2015,NV,1,
Scarpetta,Restaurants,Henderson,NW_WOT7RcWvmFZRh98CKyA,4/22/2015,NV,1,
Scarpetta,Bars,Henderson,NW_WOT7RcWvmFZRh98CKyA,4/22/2015,NV,1,11.37
The Chandelier,Bars,Henderson,XPcjdBjad9K6g-_exTAc1A,4/22/2015,NV,1,
The Chandelier,Cafes,Henderson,XPcjdBjad9K6g-_exTAc1A,4/22/2015,NV,1,
The Chandelier,Restaurants,Henderson,XPcjdBjad9K6g-_exTAc1A,4/22/2015,NV,1,-29.47
The Peppermill Restaurant & Fireside Lounge,Cafes,Henderson,2BiT4UmTnrnipyJTcBb6QA,4/22/2015,NV,1,
The Peppermill Restaurant & Fireside Lounge,Bars,Henderson,2BiT4UmTnrnipyJTcBb6QA,4/22/2015,NV,1,
The Peppermill Restaurant & Fireside Lounge,Restaurants,Henderson,2BiT4UmTnrnipyJTcBb6QA,4/22/2015,NV,1,125.62
The Peppermill Restaurant & Fireside Lounge,Bars,Henderson,Izc_9GAoY7hmJGHt8cYYIA,4/22/2015,NV,1,
The Peppermill Restaurant & Fireside Lounge,Cafes,Henderson,Izc_9GAoY7hmJGHt8cYYIA,4/22/2015,NV,1,
The Peppermill Restaurant & Fireside Lounge,Restaurants,Henderson,Izc_9GAoY7hmJGHt8cYYIA,4/22/2015,NV,1,243.41
CUT,Bars,Henderson,_thh8zy7Z7y9S0hrRa6U_w,4/23/2015,NV,1,
CUT,Cafes,Henderson,_thh8zy7Z7y9S0hrRa6U_w,4/23/2015,NV,1,
CUT,Restaurants,Henderson,_thh8zy7Z7y9S0hrRa6U_w,4/23/2015,NV,1,258.05
Fat Tuesday,Cafes,Henderson,nE_Ef39i5Jur6LyQiWFBGw,4/23/2015,NV,1,
Fat Tuesday,Bars,Henderson,nE_Ef39i5Jur6LyQiWFBGw,4/23/2015,NV,1,
Fat Tuesday,Restaurants,Henderson,nE_Ef39i5Jur6LyQiWFBGw,4/23/2015,NV,1,249.36
LAVO Italian Restaurant & Lounge,Restaurants,Henderson,P2FD7E392y01VcBVWli6og,4/23/2015,NV,1,
LAVO Italian Restaurant & Lounge,Cafes,Henderson,P2FD7E392y01VcBVWli6og,4/23/2015,NV,1,
LAVO Italian Restaurant & Lounge,Bars,Henderson,P2FD7E392y01VcBVWli6og,4/23/2015,NV,1,78.46
Margaritaville,Cafes,Henderson,yrHLj15hMEZmOo3n1v5t-g,4/23/2015,NV,1,
Margaritaville,Restaurants,Henderson,yrHLj15hMEZmOo3n1v5t-g,4/23/2015,NV,1,
Margaritaville,Bars,Henderson,yrHLj15hMEZmOo3n1v5t-g,4/23/2015,NV,1,45.57
The Bagel Café,Restaurants,Henderson,V1qmCtP5bAat9CSRugNXZA,4/23/2015,NV,1,
The Bagel Café,Bars,Henderson,V1qmCtP5bAat9CSRugNXZA,4/23/2015,NV,1,
The Bagel Café,Cafes,Henderson,V1qmCtP5bAat9CSRugNXZA,4/23/2015,NV,1,7.64
Brio Tuscan Grille,Restaurants,Henderson,FfK5TM2HqIbXQJNIqeumwg,4/24/2015,NV,1,
Brio Tuscan Grille,Cafes,Henderson,FfK5TM2HqIbXQJNIqeumwg,4/24/2015,NV,1,
Brio Tuscan Grille,Bars,Henderson,FfK5TM2HqIbXQJNIqeumwg,4/24/2015,NV,1,49.57
Encore Beach Club,Cafes,Henderson,87g9y057oFyeQh4XnUqL4g,4/24/2015,NV,1,
Encore Beach Club,Restaurants,Henderson,87g9y057oFyeQh4XnUqL4g,4/24/2015,NV,1,
Encore Beach Club,Bars,Henderson,87g9y057oFyeQh4XnUqL4g,4/24/2015,NV,1,67.84
Fat Tuesday,Cafes,Henderson,PEVcTmyiPkBuby3XDhaiIA,4/24/2015,NV,1,
Fat Tuesday,Bars,Henderson,PEVcTmyiPkBuby3XDhaiIA,4/24/2015,NV,1,
Fat Tuesday,Restaurants,Henderson,PEVcTmyiPkBuby3XDhaiIA,4/24/2015,NV,1,137.24
The Bagel Café,Restaurants,Henderson,15HGQ_19DylbPz7cLk46Pw,4/24/2015,NV,1,
The Bagel Café,Bars,Henderson,15HGQ_19DylbPz7cLk46Pw,4/24/2015,NV,1,
The Bagel Café,Cafes,Henderson,15HGQ_19DylbPz7cLk46Pw,4/24/2015,NV,1,24.99
The Chandelier,Cafes,Henderson,akYlOY3UcUTFhKdU69oD5A,4/24/2015,NV,1,
The Chandelier,Bars,Henderson,akYlOY3UcUTFhKdU69oD5A,4/24/2015,NV,1,
The Chandelier,Restaurants,Henderson,akYlOY3UcUTFhKdU69oD5A,4/24/2015,NV,1,332.14
The Chandelier,Cafes,Henderson,QTWp08epdNiZ-l0VrJUbVQ,4/24/2015,NV,1,
The Chandelier,Bars,Henderson,QTWp08epdNiZ-l0VrJUbVQ,4/24/2015,NV,1,
The Chandelier,Restaurants,Henderson,QTWp08epdNiZ-l0VrJUbVQ,4/24/2015,NV,1,163.73
Encore Beach Club,Restaurants,Henderson,GFj7sT00BR_-QdgFe6Hydw,4/25/2015,NV,1,
Encore Beach Club,Cafes,Henderson,GFj7sT00BR_-QdgFe6Hydw,4/25/2015,NV,1,
Encore Beach Club,Bars,Henderson,GFj7sT00BR_-QdgFe6Hydw,4/25/2015,NV,1,151.2
Fat Tuesday,Cafes,Henderson,A3mpjzazkSDkua4cPSayYA,4/25/2015,NV,1,
Fat Tuesday,Bars,Henderson,A3mpjzazkSDkua4cPSayYA,4/25/2015,NV,1,
Fat Tuesday,Restaurants,Henderson,A3mpjzazkSDkua4cPSayYA,4/25/2015,NV,1,1.68
Fat Tuesday,Bars,Henderson,jykemU4-CaDr-8Lnei-_ZA,4/25/2015,NV,1,
Fat Tuesday,Cafes,Henderson,jykemU4-CaDr-8Lnei-_ZA,4/25/2015,NV,1,
Fat Tuesday,Restaurants,Henderson,jykemU4-CaDr-8Lnei-_ZA,4/25/2015,NV,1,211.01
Frankie's Tiki Room,Cafes,Henderson,vAX5VC7Zdk-BTxRa7CC6OQ,4/25/2015,NV,1,
Frankie's Tiki Room,Bars,Henderson,vAX5VC7Zdk-BTxRa7CC6OQ,4/25/2015,NV,1,
Frankie's Tiki Room,Restaurants,Henderson,vAX5VC7Zdk-BTxRa7CC6OQ,4/25/2015,NV,1,6.26
Margaritaville,Cafes,Henderson,tcKH661Mylv2W3_vxXajEA,4/25/2015,NV,1,
Margaritaville,Restaurants,Henderson,tcKH661Mylv2W3_vxXajEA,4/25/2015,NV,1,
Margaritaville,Bars,Henderson,tcKH661Mylv2W3_vxXajEA,4/25/2015,NV,1,47.73
The Chandelier,Bars,Henderson,Lc9LmBuK24mSrDluIs_8Gg,4/25/2015,NV,1,
The Chandelier,Cafes,Henderson,Lc9LmBuK24mSrDluIs_8Gg,4/25/2015,NV,1,
The Chandelier,Restaurants,Henderson,Lc9LmBuK24mSrDluIs_8Gg,4/25/2015,NV,1,213.98
The Chandelier,Cafes,Henderson,UyOxJBlR3L_yU-e9QPpvXw,4/25/2015,NV,1,
The Chandelier,Bars,Henderson,UyOxJBlR3L_yU-e9QPpvXw,4/25/2015,NV,1,
The Chandelier,Restaurants,Henderson,UyOxJBlR3L_yU-e9QPpvXw,4/25/2015,NV,1,183.89
The Peppermill Restaurant & Fireside Lounge,Bars,Henderson,nfNch-WQPzubm8DR4-S-1Q,4/25/2015,NV,1,
The Peppermill Restaurant & Fireside Lounge,Cafes,Henderson,nfNch-WQPzubm8DR4-S-1Q,4/25/2015,NV,1,
The Peppermill Restaurant & Fireside Lounge,Restaurants,Henderson,nfNch-WQPzubm8DR4-S-1Q,4/25/2015,NV,1,53
Frankie's Tiki Room,Bars,Henderson,NJlSKaz5HXwjd5rrAieanA,4/26/2015,NV,1,
Frankie's Tiki Room,Cafes,Henderson,NJlSKaz5HXwjd5rrAieanA,4/26/2015,NV,1,
Frankie's Tiki Room,Restaurants,Henderson,NJlSKaz5HXwjd5rrAieanA,4/26/2015,NV,1,285.81
Scarpetta,Cafes,Henderson,PQe5OJC-vAMMSyI-9xAjOA,4/26/2015,NV,1,
Scarpetta,Restaurants,Henderson,PQe5OJC-vAMMSyI-9xAjOA,4/26/2015,NV,1,
Scarpetta,Bars,Henderson,PQe5OJC-vAMMSyI-9xAjOA,4/26/2015,NV,1,7.46
SUSHISAMBA Las Vegas,Bars,Henderson,VSXa-gtVlZcdOJpylKrQ6Q,4/26/2015,NV,1,
SUSHISAMBA Las Vegas,Cafes,Henderson,VSXa-gtVlZcdOJpylKrQ6Q,4/26/2015,NV,1,
SUSHISAMBA Las Vegas,Restaurants,Henderson,VSXa-gtVlZcdOJpylKrQ6Q,4/26/2015,NV,1,361.16
CUT,Bars,Henderson,xtm1vPbYXWxSLJmol1so4Q,4/27/2015,NV,1,
CUT,Cafes,Henderson,xtm1vPbYXWxSLJmol1so4Q,4/27/2015,NV,1,
CUT,Restaurants,Henderson,xtm1vPbYXWxSLJmol1so4Q,4/27/2015,NV,1,232.36
The Bagel Café,Bars,Henderson,1w32UX4lKRA18ITs66IjAw,4/27/2015,NV,1,
The Bagel Café,Restaurants,Henderson,1w32UX4lKRA18ITs66IjAw,4/27/2015,NV,1,
The Bagel Café,Cafes,Henderson,1w32UX4lKRA18ITs66IjAw,4/27/2015,NV,1,30.77
The Peppermill Restaurant & Fireside Lounge,Bars,Henderson,wdk23Z76EwJCMO2Qywx2-g,4/27/2015,NV,1,
The Peppermill Restaurant & Fireside Lounge,Cafes,Henderson,wdk23Z76EwJCMO2Qywx2-g,4/27/2015,NV,1,
The Peppermill Restaurant & Fireside Lounge,Restaurants,Henderson,wdk23Z76EwJCMO2Qywx2-g,4/27/2015,NV,1,207.64
Frankie's Tiki Room,Bars,Henderson,JsDgzK3dMJgQF4-bM6k9nQ,4/28/2015,NV,1,
Frankie's Tiki Room,Cafes,Henderson,JsDgzK3dMJgQF4-bM6k9nQ,4/28/2015,NV,1,
Frankie's Tiki Room,Restaurants,Henderson,JsDgzK3dMJgQF4-bM6k9nQ,4/28/2015,NV,1,237.78
LAVO Italian Restaurant & Lounge,Cafes,Henderson,yUBT7gMTqTrpRnDUFpXGWw,4/28/2015,NV,1,
LAVO Italian Restaurant & Lounge,Restaurants,Henderson,yUBT7gMTqTrpRnDUFpXGWw,4/28/2015,NV,1,
LAVO Italian Restaurant & Lounge,Bars,Henderson,yUBT7gMTqTrpRnDUFpXGWw,4/28/2015,NV,1,-4.79
Margaritaville,Restaurants,Henderson,RjsXNuzUOjOhKUQPakLGoA,4/28/2015,NV,1,
Margaritaville,Cafes,Henderson,RjsXNuzUOjOhKUQPakLGoA,4/28/2015,NV,1,
Margaritaville,Bars,Henderson,RjsXNuzUOjOhKUQPakLGoA,4/28/2015,NV,1,24.71
Scarpetta,Restaurants,Henderson,6uugz8picdVrjgmkymurXg,4/28/2015,NV,1,
Scarpetta,Cafes,Henderson,6uugz8picdVrjgmkymurXg,4/28/2015,NV,1,
Scarpetta,Bars,Henderson,6uugz8picdVrjgmkymurXg,4/28/2015,NV,1,52.35
Scarpetta,Cafes,Henderson,bDomx2QRbZGw3ybT03AG1g,4/28/2015,NV,1,
Scarpetta,Restaurants,Henderson,bDomx2QRbZGw3ybT03AG1g,4/28/2015,NV,1,
Scarpetta,Bars,Henderson,bDomx2QRbZGw3ybT03AG1g,4/28/2015,NV,1,47.85
SUSHISAMBA Las Vegas,Cafes,Henderson,S0yRUj8IbVjO_2tT66DyQw,4/28/2015,NV,1,
SUSHISAMBA Las Vegas,Bars,Henderson,S0yRUj8IbVjO_2tT66DyQw,4/28/2015,NV,1,
SUSHISAMBA Las Vegas,Restaurants,Henderson,S0yRUj8IbVjO_2tT66DyQw,4/28/2015,NV,1,227.65
The Bagel Café,Restaurants,Henderson,17LPTsu4RgqTZ3SxsGzzxw,4/28/2015,NV,1,
The Bagel Café,Bars,Henderson,17LPTsu4RgqTZ3SxsGzzxw,4/28/2015,NV,1,
The Bagel Café,Cafes,Henderson,17LPTsu4RgqTZ3SxsGzzxw,4/28/2015,NV,1,21.17
The Bagel Café,Restaurants,Henderson,BripuS4ZR94dXVNkr01sfw,4/28/2015,NV,1,
The Bagel Café,Bars,Henderson,BripuS4ZR94dXVNkr01sfw,4/28/2015,NV,1,
The Bagel Café,Cafes,Henderson,BripuS4ZR94dXVNkr01sfw,4/28/2015,NV,1,14.07
The Bagel Café,Restaurants,Henderson,TmvqI-IT23ogzdp05ctVhw,4/28/2015,NV,1,
The Bagel Café,Bars,Henderson,TmvqI-IT23ogzdp05ctVhw,4/28/2015,NV,1,
The Bagel Café,Cafes,Henderson,TmvqI-IT23ogzdp05ctVhw,4/28/2015,NV,1,13.74
The Bagel Café,Restaurants,Henderson,UfeHndURvGfJ5PZuFbHTvA,4/28/2015,NV,1,
The Bagel Café,Bars,Henderson,UfeHndURvGfJ5PZuFbHTvA,4/28/2015,NV,1,
The Bagel Café,Cafes,Henderson,UfeHndURvGfJ5PZuFbHTvA,4/28/2015,NV,1,-0.86
The Chandelier,Cafes,Henderson,P2FD7E392y01VcBVWli6og,4/28/2015,NV,1,
The Chandelier,Bars,Henderson,P2FD7E392y01VcBVWli6og,4/28/2015,NV,1,
The Chandelier,Restaurants,Henderson,P2FD7E392y01VcBVWli6og,4/28/2015,NV,1,139.15
The Chandelier,Bars,Henderson,vuvaXKLJzBantHpRwggJuQ,4/28/2015,NV,1,
The Chandelier,Cafes,Henderson,vuvaXKLJzBantHpRwggJuQ,4/28/2015,NV,1,
The Chandelier,Restaurants,Henderson,vuvaXKLJzBantHpRwggJuQ,4/28/2015,NV,1,69.54
The Peppermill Restaurant & Fireside Lounge,Bars,Henderson,w2W01_xzk020zfnmnrgjOg,4/28/2015,NV,1,
The Peppermill Restaurant & Fireside Lounge,Cafes,Henderson,w2W01_xzk020zfnmnrgjOg,4/28/2015,NV,1,
The Peppermill Restaurant & Fireside Lounge,Restaurants,Henderson,w2W01_xzk020zfnmnrgjOg,4/28/2015,NV,1,151.36
Frankie's Tiki Room,Bars,Henderson,PIkbLtQwfbgNCsInmoUlhw,4/29/2015,NV,1,
Frankie's Tiki Room,Cafes,Henderson,PIkbLtQwfbgNCsInmoUlhw,4/29/2015,NV,1,
Frankie's Tiki Room,Restaurants,Henderson,PIkbLtQwfbgNCsInmoUlhw,4/29/2015,NV,1,247.99
The Peppermill Restaurant & Fireside Lounge,Bars,Henderson,IG2q-hIDlwyovjLyi41WXg,4/29/2015,NV,1,
The Peppermill Restaurant & Fireside Lounge,Cafes,Henderson,IG2q-hIDlwyovjLyi41WXg,4/29/2015,NV,1,
The Peppermill Restaurant & Fireside Lounge,Restaurants,Henderson,IG2q-hIDlwyovjLyi41WXg,4/29/2015,NV,1,261.07
Fat Tuesday,Bars,Henderson,duaazv8Oepq1B2_lGGQg4A,4/30/2015,NV,1,
Fat Tuesday,Cafes,Henderson,duaazv8Oepq1B2_lGGQg4A,4/30/2015,NV,1,
Fat Tuesday,Restaurants,Henderson,duaazv8Oepq1B2_lGGQg4A,4/30/2015,NV,1,297.19
Frankie's Tiki Room,Bars,Henderson,5u8T9xvZOxG-HZY6PBA-qA,4/30/2015,NV,1,
Frankie's Tiki Room,Cafes,Henderson,5u8T9xvZOxG-HZY6PBA-qA,4/30/2015,NV,1,
Frankie's Tiki Room,Restaurants,Henderson,5u8T9xvZOxG-HZY6PBA-qA,4/30/2015,NV,1,186.53
The Bagel Café,Bars,Henderson,eGdk9XWbnJ8FqFkgumI3gQ,4/30/2015,NV,1,
The Bagel Café,Restaurants,Henderson,eGdk9XWbnJ8FqFkgumI3gQ,4/30/2015,NV,1,
The Bagel Café,Cafes,Henderson,eGdk9XWbnJ8FqFkgumI3gQ,4/30/2015,NV,1,15.26
Scarpetta,Restaurants,Henderson,HNGR1FkPx3qtm13dVeUKwQ,5/1/2015,NV,1,
Scarpetta,Cafes,Henderson,HNGR1FkPx3qtm13dVeUKwQ,5/1/2015,NV,1,
Scarpetta,Bars,Henderson,HNGR1FkPx3qtm13dVeUKwQ,5/1/2015,NV,1,42.24
Frankie's Tiki Room,Cafes,Henderson,bZJzFDArRX0FZqIZsNZ0CA,5/2/2015,NV,1,
Frankie's Tiki Room,Bars,Henderson,bZJzFDArRX0FZqIZsNZ0CA,5/2/2015,NV,1,
Frankie's Tiki Room,Restaurants,Henderson,bZJzFDArRX0FZqIZsNZ0CA,5/2/2015,NV,1,266.78
Frankie's Tiki Room,Bars,Henderson,QfMHeXjBJhxjZ2i5cEgQEw,5/2/2015,NV,1,
Frankie's Tiki Room,Cafes,Henderson,QfMHeXjBJhxjZ2i5cEgQEw,5/2/2015,NV,1,
Frankie's Tiki Room,Restaurants,Henderson,QfMHeXjBJhxjZ2i5cEgQEw,5/2/2015,NV,1,389.37
The Bagel Café,Restaurants,Henderson,pWuvsvfxnamrNzW5Kj-pVg,5/2/2015,NV,1,
The Bagel Café,Bars,Henderson,pWuvsvfxnamrNzW5Kj-pVg,5/2/2015,NV,1,
The Bagel Café,Cafes,Henderson,pWuvsvfxnamrNzW5Kj-pVg,5/2/2015,NV,1,18.19
CUT,Cafes,Henderson,So5HMCXthdTWncE5S4FevQ,5/3/2015,NV,1,
CUT,Bars,Henderson,So5HMCXthdTWncE5S4FevQ,5/3/2015,NV,1,
CUT,Restaurants,Henderson,So5HMCXthdTWncE5S4FevQ,5/3/2015,NV,1,247.67
Encore Beach Club,Restaurants,Henderson,TKkT42aG8GNoOIlUFRkBYQ,5/3/2015,NV,1,
Encore Beach Club,Cafes,Henderson,TKkT42aG8GNoOIlUFRkBYQ,5/3/2015,NV,1,
Encore Beach Club,Bars,Henderson,TKkT42aG8GNoOIlUFRkBYQ,5/3/2015,NV,1,2.13
Fat Tuesday,Cafes,Henderson,gStP1jQncPmUME4SnfURyw,5/3/2015,NV,1,
Fat Tuesday,Bars,Henderson,gStP1jQncPmUME4SnfURyw,5/3/2015,NV,1,
Fat Tuesday,Restaurants,Henderson,gStP1jQncPmUME4SnfURyw,5/3/2015,NV,1,220.16
Frankie's Tiki Room,Cafes,Henderson,GhFrTrE3xGzb4jO5ReSloQ,5/3/2015,NV,1,
Frankie's Tiki Room,Bars,Henderson,GhFrTrE3xGzb4jO5ReSloQ,5/3/2015,NV,1,
Frankie's Tiki Room,Restaurants,Henderson,GhFrTrE3xGzb4jO5ReSloQ,5/3/2015,NV,1,3.33
Margaritaville,Cafes,Henderson,N9G69VkLMihbHdoUzbeM1Q,5/3/2015,NV,1,
Margaritaville,Restaurants,Henderson,N9G69VkLMihbHdoUzbeM1Q,5/3/2015,NV,1,
Margaritaville,Bars,Henderson,N9G69VkLMihbHdoUzbeM1Q,5/3/2015,NV,1,36.98
SUSHISAMBA Las Vegas,Cafes,Henderson,N9G69VkLMihbHdoUzbeM1Q,5/3/2015,NV,1,
SUSHISAMBA Las Vegas,Bars,Henderson,N9G69VkLMihbHdoUzbeM1Q,5/3/2015,NV,1,
SUSHISAMBA Las Vegas,Restaurants,Henderson,N9G69VkLMihbHdoUzbeM1Q,5/3/2015,NV,1,266.3
The Chandelier,Cafes,Henderson,PBw_S9oext8w4lClp57FsA,5/3/2015,NV,1,
The Chandelier,Bars,Henderson,PBw_S9oext8w4lClp57FsA,5/3/2015,NV,1,
The Chandelier,Restaurants,Henderson,PBw_S9oext8w4lClp57FsA,5/3/2015,NV,1,239.85
Brio Tuscan Grille,Restaurants,Henderson,HWeFN6e0rPRT-T0zOJSIEg,5/4/2015,NV,1,
Brio Tuscan Grille,Cafes,Henderson,HWeFN6e0rPRT-T0zOJSIEg,5/4/2015,NV,1,
Brio Tuscan Grille,Bars,Henderson,HWeFN6e0rPRT-T0zOJSIEg,5/4/2015,NV,1,48.85
CUT,Bars,Henderson,HtE-R8yRUXWdz97rzJy92Q,5/4/2015,NV,1,
CUT,Cafes,Henderson,HtE-R8yRUXWdz97rzJy92Q,5/4/2015,NV,1,
CUT,Restaurants,Henderson,HtE-R8yRUXWdz97rzJy92Q,5/4/2015,NV,1,160.69
CUT,Cafes,Henderson,J72hf_DSYNo0IbvgxVCp1w,5/4/2015,NV,1,
CUT,Bars,Henderson,J72hf_DSYNo0IbvgxVCp1w,5/4/2015,NV,1,
CUT,Restaurants,Henderson,J72hf_DSYNo0IbvgxVCp1w,5/4/2015,NV,1,156.46
Fat Tuesday,Cafes,Henderson,QRsWnrpY-BK-dHcxrknKxw,5/4/2015,NV,1,
Fat Tuesday,Bars,Henderson,QRsWnrpY-BK-dHcxrknKxw,5/4/2015,NV,1,
Fat Tuesday,Restaurants,Henderson,QRsWnrpY-BK-dHcxrknKxw,5/4/2015,NV,1,287.48
The Peppermill Restaurant & Fireside Lounge,Cafes,Henderson,98cgPsPpT8J0TBlY-nk15Q,5/4/2015,NV,1,
The Peppermill Restaurant & Fireside Lounge,Bars,Henderson,98cgPsPpT8J0TBlY-nk15Q,5/4/2015,NV,1,
The Peppermill Restaurant & Fireside Lounge,Restaurants,Henderson,98cgPsPpT8J0TBlY-nk15Q,5/4/2015,NV,1,271.85
Encore Beach Club,Restaurants,Henderson,Oa5Hi-d523YIXHnFnE_EVw,5/5/2015,NV,1,
Encore Beach Club,Cafes,Henderson,Oa5Hi-d523YIXHnFnE_EVw,5/5/2015,NV,1,
Encore Beach Club,Bars,Henderson,Oa5Hi-d523YIXHnFnE_EVw,5/5/2015,NV,1,54.3
Brio Tuscan Grille,Restaurants,Henderson,LvCwZSjHOlNrwT-DyWyaEg,5/6/2015,NV,1,
Brio Tuscan Grille,Cafes,Henderson,LvCwZSjHOlNrwT-DyWyaEg,5/6/2015,NV,1,
Brio Tuscan Grille,Bars,Henderson,LvCwZSjHOlNrwT-DyWyaEg,5/6/2015,NV,1,92.72
Fat Tuesday,Bars,Henderson,opQrpfhWAt_ZVc-SdzzzZA,5/6/2015,NV,1,
Fat Tuesday,Cafes,Henderson,opQrpfhWAt_ZVc-SdzzzZA,5/6/2015,NV,1,
Fat Tuesday,Restaurants,Henderson,opQrpfhWAt_ZVc-SdzzzZA,5/6/2015,NV,1,109.87
Fat Tuesday,Bars,Henderson,W8Wb3hoa99chWiiGd86aVg,5/6/2015,NV,1,
Fat Tuesday,Cafes,Henderson,W8Wb3hoa99chWiiGd86aVg,5/6/2015,NV,1,
Fat Tuesday,Restaurants,Henderson,W8Wb3hoa99chWiiGd86aVg,5/6/2015,NV,1,182.26
LAVO Italian Restaurant & Lounge,Cafes,Henderson,kRbaEclEHTI5bCybEEH4wA,5/6/2015,NV,1,
LAVO Italian Restaurant & Lounge,Restaurants,Henderson,kRbaEclEHTI5bCybEEH4wA,5/6/2015,NV,1,
LAVO Italian Restaurant & Lounge,Bars,Henderson,kRbaEclEHTI5bCybEEH4wA,5/6/2015,NV,1,56.38
SUSHISAMBA Las Vegas,Bars,Henderson,TKkT42aG8GNoOIlUFRkBYQ,5/6/2015,NV,1,
SUSHISAMBA Las Vegas,Cafes,Henderson,TKkT42aG8GNoOIlUFRkBYQ,5/6/2015,NV,1,
SUSHISAMBA Las Vegas,Restaurants,Henderson,TKkT42aG8GNoOIlUFRkBYQ,5/6/2015,NV,1,243.26
The Chandelier,Cafes,Henderson,Jt4xH1Kqw2EqeaMg2VYQMA,5/6/2015,NV,1,
The Chandelier,Bars,Henderson,Jt4xH1Kqw2EqeaMg2VYQMA,5/6/2015,NV,1,
The Chandelier,Restaurants,Henderson,Jt4xH1Kqw2EqeaMg2VYQMA,5/6/2015,NV,1,292.55
The Chandelier,Bars,Henderson,pNgSnD_z8Y-78iO3kC-r8Q,5/6/2015,NV,1,
The Chandelier,Cafes,Henderson,pNgSnD_z8Y-78iO3kC-r8Q,5/6/2015,NV,1,
The Chandelier,Restaurants,Henderson,pNgSnD_z8Y-78iO3kC-r8Q,5/6/2015,NV,1,190.56
CUT,Cafes,Henderson,N9G69VkLMihbHdoUzbeM1Q,5/7/2015,NV,1,
CUT,Bars,Henderson,N9G69VkLMihbHdoUzbeM1Q,5/7/2015,NV,1,
CUT,Restaurants,Henderson,N9G69VkLMihbHdoUzbeM1Q,5/7/2015,NV,1,80.02
SUSHISAMBA Las Vegas,Cafes,Henderson,XsE7i7UhTOK1lk7lQcMIPg,5/7/2015,NV,1,
SUSHISAMBA Las Vegas,Bars,Henderson,XsE7i7UhTOK1lk7lQcMIPg,5/7/2015,NV,1,
SUSHISAMBA Las Vegas,Restaurants,Henderson,XsE7i7UhTOK1lk7lQcMIPg,5/7/2015,NV,1,313.86
The Peppermill Restaurant & Fireside Lounge,Cafes,Henderson,j7UH7I6PQ89K9EgOCgcqcA,5/7/2015,NV,1,
The Peppermill Restaurant & Fireside Lounge,Bars,Henderson,j7UH7I6PQ89K9EgOCgcqcA,5/7/2015,NV,1,
The Peppermill Restaurant & Fireside Lounge,Restaurants,Henderson,j7UH7I6PQ89K9EgOCgcqcA,5/7/2015,NV,1,205.87
Brio Tuscan Grille,Cafes,Henderson,Q8V8lSHDFoIqbK4gsqr-EA,5/8/2015,NV,1,
Brio Tuscan Grille,Restaurants,Henderson,Q8V8lSHDFoIqbK4gsqr-EA,5/8/2015,NV,1,
Brio Tuscan Grille,Bars,Henderson,Q8V8lSHDFoIqbK4gsqr-EA,5/8/2015,NV,1,21.21
Brio Tuscan Grille,Cafes,Henderson,VSXa-gtVlZcdOJpylKrQ6Q,5/8/2015,NV,1,
Brio Tuscan Grille,Restaurants,Henderson,VSXa-gtVlZcdOJpylKrQ6Q,5/8/2015,NV,1,
Brio Tuscan Grille,Bars,Henderson,VSXa-gtVlZcdOJpylKrQ6Q,5/8/2015,NV,1,33.36
CUT,Cafes,Henderson,2BiT4UmTnrnipyJTcBb6QA,5/8/2015,NV,1,
CUT,Bars,Henderson,2BiT4UmTnrnipyJTcBb6QA,5/8/2015,NV,1,
CUT,Restaurants,Henderson,2BiT4UmTnrnipyJTcBb6QA,5/8/2015,NV,1,93.88
Fat Tuesday,Cafes,Henderson,HnxhB37MFl-WFCzc6hn4cg,5/8/2015,NV,1,
Fat Tuesday,Bars,Henderson,HnxhB37MFl-WFCzc6hn4cg,5/8/2015,NV,1,
Fat Tuesday,Restaurants,Henderson,HnxhB37MFl-WFCzc6hn4cg,5/8/2015,NV,1,324.15
Fat Tuesday,Cafes,Henderson,L79wA5De6GOzt5ilTJfIUA,5/8/2015,NV,1,
Fat Tuesday,Bars,Henderson,L79wA5De6GOzt5ilTJfIUA,5/8/2015,NV,1,
Fat Tuesday,Restaurants,Henderson,L79wA5De6GOzt5ilTJfIUA,5/8/2015,NV,1,490.72
Fat Tuesday,Bars,Henderson,TnPYt3Hm-Glyniqyuq9nEA,5/8/2015,NV,1,
Fat Tuesday,Cafes,Henderson,TnPYt3Hm-Glyniqyuq9nEA,5/8/2015,NV,1,
Fat Tuesday,Restaurants,Henderson,TnPYt3Hm-Glyniqyuq9nEA,5/8/2015,NV,1,199.41
Frankie's Tiki Room,Bars,Henderson,mFuo-10DMYljWZcAXj9XHg,5/8/2015,NV,1,
Frankie's Tiki Room,Cafes,Henderson,mFuo-10DMYljWZcAXj9XHg,5/8/2015,NV,1,
Frankie's Tiki Room,Restaurants,Henderson,mFuo-10DMYljWZcAXj9XHg,5/8/2015,NV,1,181.81
LAVO Italian Restaurant & Lounge,Restaurants,Henderson,ov_2PW8xiMC1EevMV48zIw,5/8/2015,NV,1,
LAVO Italian Restaurant & Lounge,Cafes,Henderson,ov_2PW8xiMC1EevMV48zIw,5/8/2015,NV,1,
LAVO Italian Restaurant & Lounge,Bars,Henderson,ov_2PW8xiMC1EevMV48zIw,5/8/2015,NV,1,100.74
Margaritaville,Restaurants,Henderson,PXAIu1h0kt2rqwYbup7NjQ,5/8/2015,NV,1,
Margaritaville,Cafes,Henderson,PXAIu1h0kt2rqwYbup7NjQ,5/8/2015,NV,1,
Margaritaville,Bars,Henderson,PXAIu1h0kt2rqwYbup7NjQ,5/8/2015,NV,1,55.11
The Chandelier,Cafes,Henderson,uI2I4lOpL_OLElpb7PLTXA,5/8/2015,NV,1,
The Chandelier,Bars,Henderson,uI2I4lOpL_OLElpb7PLTXA,5/8/2015,NV,1,
The Chandelier,Restaurants,Henderson,uI2I4lOpL_OLElpb7PLTXA,5/8/2015,NV,1,137.93
The Peppermill Restaurant & Fireside Lounge,Cafes,Henderson,cdhIOG9HKJKBtRC-AXckEg,5/8/2015,NV,1,
The Peppermill Restaurant & Fireside Lounge,Bars,Henderson,cdhIOG9HKJKBtRC-AXckEg,5/8/2015,NV,1,
The Peppermill Restaurant & Fireside Lounge,Restaurants,Henderson,cdhIOG9HKJKBtRC-AXckEg,5/8/2015,NV,1,241.63
Fat Tuesday,Cafes,Henderson,dyA6Pf2DtGIrSrTSpIK-pA,5/9/2015,NV,1,
Fat Tuesday,Bars,Henderson,dyA6Pf2DtGIrSrTSpIK-pA,5/9/2015,NV,1,
Fat Tuesday,Restaurants,Henderson,dyA6Pf2DtGIrSrTSpIK-pA,5/9/2015,NV,1,300.21
Frankie's Tiki Room,Cafes,Henderson,spZ06v78ERelJilKdQETuA,5/9/2015,NV,1,
Frankie's Tiki Room,Bars,Henderson,spZ06v78ERelJilKdQETuA,5/9/2015,NV,1,
Frankie's Tiki Room,Restaurants,Henderson,spZ06v78ERelJilKdQETuA,5/9/2015,NV,1,282.83
SUSHISAMBA Las Vegas,Bars,Henderson,2Zhh-gmwK0cnBIuTm5Dz_Q,5/9/2015,NV,1,
SUSHISAMBA Las Vegas,Cafes,Henderson,2Zhh-gmwK0cnBIuTm5Dz_Q,5/9/2015,NV,1,
SUSHISAMBA Las Vegas,Restaurants,Henderson,2Zhh-gmwK0cnBIuTm5Dz_Q,5/9/2015,NV,1,131.21
LAVO Italian Restaurant & Lounge,Cafes,Henderson,RLmUj1QGMz2dLBcdayuBiw,5/10/2015,NV,1,
LAVO Italian Restaurant & Lounge,Restaurants,Henderson,RLmUj1QGMz2dLBcdayuBiw,5/10/2015,NV,1,
LAVO Italian Restaurant & Lounge,Bars,Henderson,RLmUj1QGMz2dLBcdayuBiw,5/10/2015,NV,1,56.34
SUSHISAMBA Las Vegas,Cafes,Henderson,zL3J_eG0S2X4XgSmaMqwYQ,5/10/2015,NV,1,
SUSHISAMBA Las Vegas,Bars,Henderson,zL3J_eG0S2X4XgSmaMqwYQ,5/10/2015,NV,1,
SUSHISAMBA Las Vegas,Restaurants,Henderson,zL3J_eG0S2X4XgSmaMqwYQ,5/10/2015,NV,1,180.36
The Peppermill Restaurant & Fireside Lounge,Cafes,Henderson,74kScmJ5DTE-o8TF9dU2Og,5/10/2015,NV,1,
The Peppermill Restaurant & Fireside Lounge,Bars,Henderson,74kScmJ5DTE-o8TF9dU2Og,5/10/2015,NV,1,
The Peppermill Restaurant & Fireside Lounge,Restaurants,Henderson,74kScmJ5DTE-o8TF9dU2Og,5/10/2015,NV,1,331.42
The Peppermill Restaurant & Fireside Lounge,Cafes,Henderson,yBfWrMo0WYqJU5t-oXLVIQ,5/10/2015,NV,1,
The Peppermill Restaurant & Fireside Lounge,Bars,Henderson,yBfWrMo0WYqJU5t-oXLVIQ,5/10/2015,NV,1,
The Peppermill Restaurant & Fireside Lounge,Restaurants,Henderson,yBfWrMo0WYqJU5t-oXLVIQ,5/10/2015,NV,1,188.93
Encore Beach Club,Cafes,Henderson,XNLDwA8xzh7aKLG9y8lbgg,5/11/2015,NV,1,
Encore Beach Club,Restaurants,Henderson,XNLDwA8xzh7aKLG9y8lbgg,5/11/2015,NV,1,
Encore Beach Club,Bars,Henderson,XNLDwA8xzh7aKLG9y8lbgg,5/11/2015,NV,1,80.27
Fat Tuesday,Bars,Henderson,N9G69VkLMihbHdoUzbeM1Q,5/11/2015,NV,1,
Fat Tuesday,Cafes,Henderson,N9G69VkLMihbHdoUzbeM1Q,5/11/2015,NV,1,
Fat Tuesday,Restaurants,Henderson,N9G69VkLMihbHdoUzbeM1Q,5/11/2015,NV,1,33.77
SUSHISAMBA Las Vegas,Bars,Henderson,VSXa-gtVlZcdOJpylKrQ6Q,5/11/2015,NV,1,
SUSHISAMBA Las Vegas,Cafes,Henderson,VSXa-gtVlZcdOJpylKrQ6Q,5/11/2015,NV,1,
SUSHISAMBA Las Vegas,Restaurants,Henderson,VSXa-gtVlZcdOJpylKrQ6Q,5/11/2015,NV,1,184.06
The Bagel Café,Bars,Henderson,1XfiFW571NJMqcSei3nQlQ,5/11/2015,NV,1,
The Bagel Café,Restaurants,Henderson,1XfiFW571NJMqcSei3nQlQ,5/11/2015,NV,1,
The Bagel Café,Cafes,Henderson,1XfiFW571NJMqcSei3nQlQ,5/11/2015,NV,1,23.89
The Bagel Café,Bars,Henderson,3qyItNtavVUxRLsmPzlAcw,5/11/2015,NV,1,
The Bagel Café,Restaurants,Henderson,3qyItNtavVUxRLsmPzlAcw,5/11/2015,NV,1,
The Bagel Café,Cafes,Henderson,3qyItNtavVUxRLsmPzlAcw,5/11/2015,NV,1,23.4
The Chandelier,Cafes,Henderson,JRQpH9pLVDWLhE0hnaXNFw,5/11/2015,NV,1,
The Chandelier,Bars,Henderson,JRQpH9pLVDWLhE0hnaXNFw,5/11/2015,NV,1,
The Chandelier,Restaurants,Henderson,JRQpH9pLVDWLhE0hnaXNFw,5/11/2015,NV,1,200.24
The Peppermill Restaurant & Fireside Lounge,Cafes,Henderson,YoFVJkCVpzR0VFWRRBT3nA,5/12/2015,NV,1,
The Peppermill Restaurant & Fireside Lounge,Bars,Henderson,YoFVJkCVpzR0VFWRRBT3nA,5/12/2015,NV,1,
The Peppermill Restaurant & Fireside Lounge,Restaurants,Henderson,YoFVJkCVpzR0VFWRRBT3nA,5/12/2015,NV,1,338.68
Margaritaville,Cafes,Henderson,YQQPaWieGhGrq6xBVj1byQ,5/13/2015,NV,1,
Margaritaville,Restaurants,Henderson,YQQPaWieGhGrq6xBVj1byQ,5/13/2015,NV,1,
Margaritaville,Bars,Henderson,YQQPaWieGhGrq6xBVj1byQ,5/13/2015,NV,1,15.55
CUT,Cafes,Henderson,dqggaKO1B0z5oga264VgXA,5/14/2015,NV,1,
CUT,Bars,Henderson,dqggaKO1B0z5oga264VgXA,5/14/2015,NV,1,
CUT,Restaurants,Henderson,dqggaKO1B0z5oga264VgXA,5/14/2015,NV,1,169.08
Encore Beach Club,Cafes,Henderson,kElltumRMn9B-sqiDdWs9A,5/14/2015,NV,1,
Encore Beach Club,Restaurants,Henderson,kElltumRMn9B-sqiDdWs9A,5/14/2015,NV,1,
Encore Beach Club,Bars,Henderson,kElltumRMn9B-sqiDdWs9A,5/14/2015,NV,1,40.84
Fat Tuesday,Cafes,Henderson,SMLycAv6ojrn6ZjBWiMHiA,5/14/2015,NV,1,
Fat Tuesday,Bars,Henderson,SMLycAv6ojrn6ZjBWiMHiA,5/14/2015,NV,1,
Fat Tuesday,Restaurants,Henderson,SMLycAv6ojrn6ZjBWiMHiA,5/14/2015,NV,1,143.38
Frankie's Tiki Room,Cafes,Henderson,DtaCNzzBnfYcDvXE0N270g,5/14/2015,NV,1,
Frankie's Tiki Room,Bars,Henderson,DtaCNzzBnfYcDvXE0N270g,5/14/2015,NV,1,
Frankie's Tiki Room,Restaurants,Henderson,DtaCNzzBnfYcDvXE0N270g,5/14/2015,NV,1,192.11
The Peppermill Restaurant & Fireside Lounge,Bars,Henderson,6kvUHI9MYtIuJXWecP7Zqg,5/14/2015,NV,1,
The Peppermill Restaurant & Fireside Lounge,Cafes,Henderson,6kvUHI9MYtIuJXWecP7Zqg,5/14/2015,NV,1,
The Peppermill Restaurant & Fireside Lounge,Restaurants,Henderson,6kvUHI9MYtIuJXWecP7Zqg,5/14/2015,NV,1,56.83
The Peppermill Restaurant & Fireside Lounge,Cafes,Henderson,XJMSexMQLfy8oc4o7s05ZQ,5/14/2015,NV,1,
The Peppermill Restaurant & Fireside Lounge,Bars,Henderson,XJMSexMQLfy8oc4o7s05ZQ,5/14/2015,NV,1,
The Peppermill Restaurant & Fireside Lounge,Restaurants,Henderson,XJMSexMQLfy8oc4o7s05ZQ,5/14/2015,NV,1,86.75
Brio Tuscan Grille,Cafes,Henderson,Oa5Hi-d523YIXHnFnE_EVw,5/15/2015,NV,1,
Brio Tuscan Grille,Restaurants,Henderson,Oa5Hi-d523YIXHnFnE_EVw,5/15/2015,NV,1,
Brio Tuscan Grille,Bars,Henderson,Oa5Hi-d523YIXHnFnE_EVw,5/15/2015,NV,1,74.34
CUT,Cafes,Henderson,Rj0NbPLgbff4vW1lA8nmvA,5/15/2015,NV,1,
CUT,Bars,Henderson,Rj0NbPLgbff4vW1lA8nmvA,5/15/2015,NV,1,
CUT,Restaurants,Henderson,Rj0NbPLgbff4vW1lA8nmvA,5/15/2015,NV,1,344.29
Encore Beach Club,Restaurants,Henderson,KkR0jlQvAxANFC38xMJe2g,5/15/2015,NV,1,
Encore Beach Club,Cafes,Henderson,KkR0jlQvAxANFC38xMJe2g,5/15/2015,NV,1,
Encore Beach Club,Bars,Henderson,KkR0jlQvAxANFC38xMJe2g,5/15/2015,NV,1,20.63
Fat Tuesday,Cafes,Henderson,XgIhw-aWaq_Fx3ZVQGjnuA,5/15/2015,NV,1,
Fat Tuesday,Bars,Henderson,XgIhw-aWaq_Fx3ZVQGjnuA,5/15/2015,NV,1,
Fat Tuesday,Restaurants,Henderson,XgIhw-aWaq_Fx3ZVQGjnuA,5/15/2015,NV,1,192.92
The Bagel Café,Bars,Henderson,2QZg_zFLfW-jlypVIAP7Vw,5/15/2015,NV,1,
The Bagel Café,Restaurants,Henderson,2QZg_zFLfW-jlypVIAP7Vw,5/15/2015,NV,1,
The Bagel Café,Cafes,Henderson,2QZg_zFLfW-jlypVIAP7Vw,5/15/2015,NV,1,23.17
The Bagel Café,Bars,Henderson,RkLFtp-j1pQotNqvOI6lag,5/15/2015,NV,1,
The Bagel Café,Restaurants,Henderson,RkLFtp-j1pQotNqvOI6lag,5/15/2015,NV,1,
The Bagel Café,Cafes,Henderson,RkLFtp-j1pQotNqvOI6lag,5/15/2015,NV,1,15.07
The Bagel Café,Bars,Henderson,x3uAxqLVL9KVB8KPCwZSVA,5/15/2015,NV,1,
The Bagel Café,Restaurants,Henderson,x3uAxqLVL9KVB8KPCwZSVA,5/15/2015,NV,1,
The Bagel Café,Cafes,Henderson,x3uAxqLVL9KVB8KPCwZSVA,5/15/2015,NV,1,37.68
The Chandelier,Bars,Henderson,bEOf20giEPtmtiYRTp10Jw,5/15/2015,NV,1,
The Chandelier,Cafes,Henderson,bEOf20giEPtmtiYRTp10Jw,5/15/2015,NV,1,
The Chandelier,Restaurants,Henderson,bEOf20giEPtmtiYRTp10Jw,5/15/2015,NV,1,153.14
The Peppermill Restaurant & Fireside Lounge,Cafes,Henderson,PQJ8CxK8xxaecDsie5hyaA,5/15/2015,NV,1,
The Peppermill Restaurant & Fireside Lounge,Bars,Henderson,PQJ8CxK8xxaecDsie5hyaA,5/15/2015,NV,1,
The Peppermill Restaurant & Fireside Lounge,Restaurants,Henderson,PQJ8CxK8xxaecDsie5hyaA,5/15/2015,NV,1,300.59
Encore Beach Club,Restaurants,Henderson,MPksDrnZFt17O0AIdG4VWg,5/16/2015,NV,1,
Encore Beach Club,Cafes,Henderson,MPksDrnZFt17O0AIdG4VWg,5/16/2015,NV,1,
Encore Beach Club,Bars,Henderson,MPksDrnZFt17O0AIdG4VWg,5/16/2015,NV,1,48.14
Margaritaville,Cafes,Henderson,E0ztmyXb3pcVABNqBmURVQ,5/16/2015,NV,1,
Margaritaville,Restaurants,Henderson,E0ztmyXb3pcVABNqBmURVQ,5/16/2015,NV,1,
Margaritaville,Bars,Henderson,E0ztmyXb3pcVABNqBmURVQ,5/16/2015,NV,1,32.84
Margaritaville,Restaurants,Henderson,GFj7sT00BR_-QdgFe6Hydw,5/16/2015,NV,1,
Margaritaville,Cafes,Henderson,GFj7sT00BR_-QdgFe6Hydw,5/16/2015,NV,1,
Margaritaville,Bars,Henderson,GFj7sT00BR_-QdgFe6Hydw,5/16/2015,NV,1,14.98
SUSHISAMBA Las Vegas,Cafes,Henderson,GFj7sT00BR_-QdgFe6Hydw,5/16/2015,NV,1,
SUSHISAMBA Las Vegas,Bars,Henderson,GFj7sT00BR_-QdgFe6Hydw,5/16/2015,NV,1,
SUSHISAMBA Las Vegas,Restaurants,Henderson,GFj7sT00BR_-QdgFe6Hydw,5/16/2015,NV,1,217.27
LAVO Italian Restaurant & Lounge,Restaurants,Henderson,Drs6N6UhvsERT2GvxsaHDw,5/17/2015,NV,1,
LAVO Italian Restaurant & Lounge,Cafes,Henderson,Drs6N6UhvsERT2GvxsaHDw,5/17/2015,NV,1,
LAVO Italian Restaurant & Lounge,Bars,Henderson,Drs6N6UhvsERT2GvxsaHDw,5/17/2015,NV,1,59.41
The Bagel Café,Bars,Henderson,MtwKgPbXr71HumNRtZ7YEQ,5/17/2015,NV,1,
The Bagel Café,Restaurants,Henderson,MtwKgPbXr71HumNRtZ7YEQ,5/17/2015,NV,1,
The Bagel Café,Cafes,Henderson,MtwKgPbXr71HumNRtZ7YEQ,5/17/2015,NV,1,22.59
The Bagel Café,Bars,Henderson,XqtcjU9d8bDccPQ3O1EQVA,5/17/2015,NV,1,
The Bagel Café,Restaurants,Henderson,XqtcjU9d8bDccPQ3O1EQVA,5/17/2015,NV,1,
The Bagel Café,Cafes,Henderson,XqtcjU9d8bDccPQ3O1EQVA,5/17/2015,NV,1,16.55
Encore Beach Club,Restaurants,Henderson,sQb1iDMVJAKOGjrFdwYqtA,5/18/2015,NV,1,
Encore Beach Club,Cafes,Henderson,sQb1iDMVJAKOGjrFdwYqtA,5/18/2015,NV,1,
Encore Beach Club,Bars,Henderson,sQb1iDMVJAKOGjrFdwYqtA,5/18/2015,NV,1,67.88
Fat Tuesday,Bars,Henderson,uW_BiO-wT4raWMgUdCWOqQ,5/18/2015,NV,1,
Fat Tuesday,Cafes,Henderson,uW_BiO-wT4raWMgUdCWOqQ,5/18/2015,NV,1,
Fat Tuesday,Restaurants,Henderson,uW_BiO-wT4raWMgUdCWOqQ,5/18/2015,NV,1,172.67
LAVO Italian Restaurant & Lounge,Restaurants,Henderson,Gb74e3NProDiMq88JGvjpw,5/18/2015,NV,1,
LAVO Italian Restaurant & Lounge,Cafes,Henderson,Gb74e3NProDiMq88JGvjpw,5/18/2015,NV,1,
LAVO Italian Restaurant & Lounge,Bars,Henderson,Gb74e3NProDiMq88JGvjpw,5/18/2015,NV,1,110.07
LAVO Italian Restaurant & Lounge,Restaurants,Henderson,r1OTLwsimSd5u1p-onKx0A,5/18/2015,NV,1,
LAVO Italian Restaurant & Lounge,Cafes,Henderson,r1OTLwsimSd5u1p-onKx0A,5/18/2015,NV,1,
LAVO Italian Restaurant & Lounge,Bars,Henderson,r1OTLwsimSd5u1p-onKx0A,5/18/2015,NV,1,65.78
Nora's Cuisine,Restaurants,Henderson,UyOxJBlR3L_yU-e9QPpvXw,5/18/2015,NV,1,
Nora's Cuisine,Cafes,Henderson,UyOxJBlR3L_yU-e9QPpvXw,5/18/2015,NV,1,
Nora's Cuisine,Bars,Henderson,UyOxJBlR3L_yU-e9QPpvXw,5/18/2015,NV,1,16.73
The Peppermill Restaurant & Fireside Lounge,Cafes,Henderson,98cgPsPpT8J0TBlY-nk15Q,5/18/2015,NV,1,
The Peppermill Restaurant & Fireside Lounge,Bars,Henderson,98cgPsPpT8J0TBlY-nk15Q,5/18/2015,NV,1,
The Peppermill Restaurant & Fireside Lounge,Restaurants,Henderson,98cgPsPpT8J0TBlY-nk15Q,5/18/2015,NV,1,220.21
Frankie's Tiki Room,Bars,Henderson,dNvxK1cXGqi5nVOWIhN2Zw,5/19/2015,NV,1,
Frankie's Tiki Room,Cafes,Henderson,dNvxK1cXGqi5nVOWIhN2Zw,5/19/2015,NV,1,
Frankie's Tiki Room,Restaurants,Henderson,dNvxK1cXGqi5nVOWIhN2Zw,5/19/2015,NV,1,331.24
Frankie's Tiki Room,Bars,Henderson,wR9z5pB9y2DQJtDpNs6h6Q,5/19/2015,NV,1,
Frankie's Tiki Room,Cafes,Henderson,wR9z5pB9y2DQJtDpNs6h6Q,5/19/2015,NV,1,
Frankie's Tiki Room,Restaurants,Henderson,wR9z5pB9y2DQJtDpNs6h6Q,5/19/2015,NV,1,224.52
Margaritaville,Restaurants,Henderson,fRbqoHAkgC5MeW3x15mezA,5/19/2015,NV,1,
Margaritaville,Cafes,Henderson,fRbqoHAkgC5MeW3x15mezA,5/19/2015,NV,1,
Margaritaville,Bars,Henderson,fRbqoHAkgC5MeW3x15mezA,5/19/2015,NV,1,45.77
Nora's Cuisine,Cafes,Henderson,pWuvsvfxnamrNzW5Kj-pVg,5/19/2015,NV,1,
Nora's Cuisine,Restaurants,Henderson,pWuvsvfxnamrNzW5Kj-pVg,5/19/2015,NV,1,
Nora's Cuisine,Bars,Henderson,pWuvsvfxnamrNzW5Kj-pVg,5/19/2015,NV,1,80.31
Scarpetta,Restaurants,Henderson,STcCu-FCjB4gjMRkMb_B3Q,5/19/2015,NV,1,
Scarpetta,Cafes,Henderson,STcCu-FCjB4gjMRkMb_B3Q,5/19/2015,NV,1,
Scarpetta,Bars,Henderson,STcCu-FCjB4gjMRkMb_B3Q,5/19/2015,NV,1,104.71
The Chandelier,Cafes,Henderson,4cYtue-eo3TsP0bobc5DWA,5/19/2015,NV,1,
The Chandelier,Bars,Henderson,4cYtue-eo3TsP0bobc5DWA,5/19/2015,NV,1,
The Chandelier,Restaurants,Henderson,4cYtue-eo3TsP0bobc5DWA,5/19/2015,NV,1,94.56
The Chandelier,Bars,Henderson,TLCIGu8lzvm58TpYSWphVQ,5/19/2015,NV,1,
The Chandelier,Cafes,Henderson,TLCIGu8lzvm58TpYSWphVQ,5/19/2015,NV,1,
The Chandelier,Restaurants,Henderson,TLCIGu8lzvm58TpYSWphVQ,5/19/2015,NV,1,145.05
CUT,Cafes,Enterprise,Ox_TgDuw5lx9hwHa4HTDkg,5/20/2015,NV,1,
CUT,Bars,Enterprise,Ox_TgDuw5lx9hwHa4HTDkg,5/20/2015,NV,1,
CUT,Restaurants,Enterprise,Ox_TgDuw5lx9hwHa4HTDkg,5/20/2015,NV,1,312.17
SUSHISAMBA Las Vegas,Cafes,Enterprise,f5vgLcoKpFcTvD4lOUxcTQ,5/20/2015,NV,1,
SUSHISAMBA Las Vegas,Bars,Enterprise,f5vgLcoKpFcTvD4lOUxcTQ,5/20/2015,NV,1,
SUSHISAMBA Las Vegas,Restaurants,Enterprise,f5vgLcoKpFcTvD4lOUxcTQ,5/20/2015,NV,1,127.76
Brio Tuscan Grille,Cafes,Henderson,LvCwZSjHOlNrwT-DyWyaEg,5/20/2015,NV,1,
Brio Tuscan Grille,Restaurants,Henderson,LvCwZSjHOlNrwT-DyWyaEg,5/20/2015,NV,1,
Brio Tuscan Grille,Bars,Henderson,LvCwZSjHOlNrwT-DyWyaEg,5/20/2015,NV,1,30.61
Encore Beach Club,Cafes,Henderson,b6MsyX8u-6k85XpmIHMDyg,5/20/2015,NV,1,
Encore Beach Club,Restaurants,Henderson,b6MsyX8u-6k85XpmIHMDyg,5/20/2015,NV,1,
Encore Beach Club,Bars,Henderson,b6MsyX8u-6k85XpmIHMDyg,5/20/2015,NV,1,25.79
Encore Beach Club,Cafes,Henderson,EbiSuLuYFJfcMtGobbG6PA,5/20/2015,NV,1,
Encore Beach Club,Restaurants,Henderson,EbiSuLuYFJfcMtGobbG6PA,5/20/2015,NV,1,
Encore Beach Club,Bars,Henderson,EbiSuLuYFJfcMtGobbG6PA,5/20/2015,NV,1,73.97
LAVO Italian Restaurant & Lounge,Cafes,Henderson,5PgHBuRfL9xUqIqWDZ1_SQ,5/20/2015,NV,1,
LAVO Italian Restaurant & Lounge,Restaurants,Henderson,5PgHBuRfL9xUqIqWDZ1_SQ,5/20/2015,NV,1,
LAVO Italian Restaurant & Lounge,Bars,Henderson,5PgHBuRfL9xUqIqWDZ1_SQ,5/20/2015,NV,1,69.32
The Bagel Café,Bars,Henderson,1-nRAH7_dAvs3IFsGXzHgg,5/20/2015,NV,1,
The Bagel Café,Restaurants,Henderson,1-nRAH7_dAvs3IFsGXzHgg,5/20/2015,NV,1,
The Bagel Café,Cafes,Henderson,1-nRAH7_dAvs3IFsGXzHgg,5/20/2015,NV,1,22.51
Brio Tuscan Grille,Restaurants,Enterprise,dqKnVQ4MAvrQLjiBbxm-GQ,5/21/2015,NV,1,
Brio Tuscan Grille,Cafes,Enterprise,dqKnVQ4MAvrQLjiBbxm-GQ,5/21/2015,NV,1,
Brio Tuscan Grille,Bars,Enterprise,dqKnVQ4MAvrQLjiBbxm-GQ,5/21/2015,NV,1,29.31
Fat Tuesday,Bars,Enterprise,FmnoBsFiSyRQ5o8G1JO3iw,5/21/2015,NV,1,
Fat Tuesday,Cafes,Enterprise,FmnoBsFiSyRQ5o8G1JO3iw,5/21/2015,NV,1,
Fat Tuesday,Restaurants,Enterprise,FmnoBsFiSyRQ5o8G1JO3iw,5/21/2015,NV,1,163.66
Margaritaville,Cafes,Enterprise,PQJ8CxK8xxaecDsie5hyaA,5/21/2015,NV,1,
Margaritaville,Restaurants,Enterprise,PQJ8CxK8xxaecDsie5hyaA,5/21/2015,NV,1,
Margaritaville,Bars,Enterprise,PQJ8CxK8xxaecDsie5hyaA,5/21/2015,NV,1,50.61
The Bagel Café,Bars,Enterprise,0QH_h9h7tWUN90jrJhw1fg,5/21/2015,NV,1,
The Bagel Café,Restaurants,Enterprise,0QH_h9h7tWUN90jrJhw1fg,5/21/2015,NV,1,
The Bagel Café,Cafes,Enterprise,0QH_h9h7tWUN90jrJhw1fg,5/21/2015,NV,1,49.55
The Bagel Café,Bars,Enterprise,TTCIHyxtXNyWUQyL5mHf9Q,5/21/2015,NV,1,
The Bagel Café,Restaurants,Enterprise,TTCIHyxtXNyWUQyL5mHf9Q,5/21/2015,NV,1,
The Bagel Café,Cafes,Enterprise,TTCIHyxtXNyWUQyL5mHf9Q,5/21/2015,NV,1,17.27
The Chandelier,Cafes,Enterprise,m27WI7rq8SXaz-CRVdsS0Q,5/21/2015,NV,1,
The Chandelier,Bars,Enterprise,m27WI7rq8SXaz-CRVdsS0Q,5/21/2015,NV,1,
The Chandelier,Restaurants,Enterprise,m27WI7rq8SXaz-CRVdsS0Q,5/21/2015,NV,1,86.69
Encore Beach Club,Restaurants,Enterprise,7-zMaU9rwUo0yl2f6uM60w,5/22/2015,NV,1,
Encore Beach Club,Cafes,Enterprise,7-zMaU9rwUo0yl2f6uM60w,5/22/2015,NV,1,
Encore Beach Club,Bars,Enterprise,7-zMaU9rwUo0yl2f6uM60w,5/22/2015,NV,1,25.39
SUSHISAMBA Las Vegas,Cafes,Enterprise,N9G69VkLMihbHdoUzbeM1Q,5/22/2015,NV,1,
SUSHISAMBA Las Vegas,Bars,Enterprise,N9G69VkLMihbHdoUzbeM1Q,5/22/2015,NV,1,
SUSHISAMBA Las Vegas,Restaurants,Enterprise,N9G69VkLMihbHdoUzbeM1Q,5/22/2015,NV,1,121.85
SUSHISAMBA Las Vegas,Cafes,Enterprise,qnnieCU8EXZyojWuKg1iVQ,5/22/2015,NV,1,
SUSHISAMBA Las Vegas,Bars,Enterprise,qnnieCU8EXZyojWuKg1iVQ,5/22/2015,NV,1,
SUSHISAMBA Las Vegas,Restaurants,Enterprise,qnnieCU8EXZyojWuKg1iVQ,5/22/2015,NV,1,425.02
The Bagel Café,Bars,Enterprise,yUBT7gMTqTrpRnDUFpXGWw,5/22/2015,NV,1,
The Bagel Café,Restaurants,Enterprise,yUBT7gMTqTrpRnDUFpXGWw,5/22/2015,NV,1,
The Bagel Café,Cafes,Enterprise,yUBT7gMTqTrpRnDUFpXGWw,5/22/2015,NV,1,19.74
CUT,Cafes,Enterprise,WqdJBm6qpwbSC0kWgsd56A,5/23/2015,NV,1,
CUT,Bars,Enterprise,WqdJBm6qpwbSC0kWgsd56A,5/23/2015,NV,1,
CUT,Restaurants,Enterprise,WqdJBm6qpwbSC0kWgsd56A,5/23/2015,NV,1,119.78
Frankie's Tiki Room,Cafes,Enterprise,6XwyHAucbGrjH_I_ZgSYZA,5/23/2015,NV,1,
Frankie's Tiki Room,Bars,Enterprise,6XwyHAucbGrjH_I_ZgSYZA,5/23/2015,NV,1,
Frankie's Tiki Room,Restaurants,Enterprise,6XwyHAucbGrjH_I_ZgSYZA,5/23/2015,NV,1,212.93
Frankie's Tiki Room,Cafes,Enterprise,I_aKEaLpND2ThZKP1Fy91A,5/23/2015,NV,1,
Frankie's Tiki Room,Bars,Enterprise,I_aKEaLpND2ThZKP1Fy91A,5/23/2015,NV,1,
Frankie's Tiki Room,Restaurants,Enterprise,I_aKEaLpND2ThZKP1Fy91A,5/23/2015,NV,1,219.44
LAVO Italian Restaurant & Lounge,Restaurants,Enterprise,HGrP0FEbMsP3_1BQqmDHBg,5/23/2015,NV,1,
LAVO Italian Restaurant & Lounge,Cafes,Enterprise,HGrP0FEbMsP3_1BQqmDHBg,5/23/2015,NV,1,
LAVO Italian Restaurant & Lounge,Bars,Enterprise,HGrP0FEbMsP3_1BQqmDHBg,5/23/2015,NV,1,37.51
Scarpetta,Cafes,Enterprise,rzG4hD7FYVWkitB_2qLCsA,5/23/2015,NV,1,
Scarpetta,Restaurants,Enterprise,rzG4hD7FYVWkitB_2qLCsA,5/23/2015,NV,1,
Scarpetta,Bars,Enterprise,rzG4hD7FYVWkitB_2qLCsA,5/23/2015,NV,1,110.74
SUSHISAMBA Las Vegas,Bars,Enterprise,UBFOklzRQ27KeTD8zWTqOg,5/23/2015,NV,1,
SUSHISAMBA Las Vegas,Cafes,Enterprise,UBFOklzRQ27KeTD8zWTqOg,5/23/2015,NV,1,
SUSHISAMBA Las Vegas,Restaurants,Enterprise,UBFOklzRQ27KeTD8zWTqOg,5/23/2015,NV,1,294.68
The Bagel Café,Bars,Enterprise,4zFSECc7qtLAlx6lNgDJaQ,5/23/2015,NV,1,
The Bagel Café,Restaurants,Enterprise,4zFSECc7qtLAlx6lNgDJaQ,5/23/2015,NV,1,
The Bagel Café,Cafes,Enterprise,4zFSECc7qtLAlx6lNgDJaQ,5/23/2015,NV,1,24.5
The Bagel Café,Restaurants,Enterprise,KLbm5X6RXkIRoDZ0GH-E-g,5/23/2015,NV,1,
The Bagel Café,Bars,Enterprise,KLbm5X6RXkIRoDZ0GH-E-g,5/23/2015,NV,1,
The Bagel Café,Cafes,Enterprise,KLbm5X6RXkIRoDZ0GH-E-g,5/23/2015,NV,1,16.6
The Chandelier,Cafes,Enterprise,Jt4xH1Kqw2EqeaMg2VYQMA,5/23/2015,NV,1,
The Chandelier,Bars,Enterprise,Jt4xH1Kqw2EqeaMg2VYQMA,5/23/2015,NV,1,
The Chandelier,Restaurants,Enterprise,Jt4xH1Kqw2EqeaMg2VYQMA,5/23/2015,NV,1,211.63
Fat Tuesday,Cafes,Enterprise,0QH_h9h7tWUN90jrJhw1fg,5/24/2015,NV,1,
Fat Tuesday,Bars,Enterprise,0QH_h9h7tWUN90jrJhw1fg,5/24/2015,NV,1,
Fat Tuesday,Restaurants,Enterprise,0QH_h9h7tWUN90jrJhw1fg,5/24/2015,NV,1,182.97
SUSHISAMBA Las Vegas,Cafes,Enterprise,S0yRUj8IbVjO_2tT66DyQw,5/24/2015,NV,1,
SUSHISAMBA Las Vegas,Bars,Enterprise,S0yRUj8IbVjO_2tT66DyQw,5/24/2015,NV,1,
SUSHISAMBA Las Vegas,Restaurants,Enterprise,S0yRUj8IbVjO_2tT66DyQw,5/24/2015,NV,1,80.28
The Chandelier,Bars,Enterprise,q6ju5KFQKZiNuQTZ9NA6sQ,5/24/2015,NV,1,
The Chandelier,Cafes,Enterprise,q6ju5KFQKZiNuQTZ9NA6sQ,5/24/2015,NV,1,
The Chandelier,Restaurants,Enterprise,q6ju5KFQKZiNuQTZ9NA6sQ,5/24/2015,NV,1,207.02
The Peppermill Restaurant & Fireside Lounge,Bars,Enterprise,r7y8qGL4Y7M4FlZq39_UGA,5/24/2015,NV,1,
The Peppermill Restaurant & Fireside Lounge,Cafes,Enterprise,r7y8qGL4Y7M4FlZq39_UGA,5/24/2015,NV,1,
The Peppermill Restaurant & Fireside Lounge,Restaurants,Enterprise,r7y8qGL4Y7M4FlZq39_UGA,5/24/2015,NV,1,272.38
Fat Tuesday,Cafes,Enterprise,CtvmXGt-GSudXnAU7Oh-8Q,5/25/2015,NV,1,
Fat Tuesday,Bars,Enterprise,CtvmXGt-GSudXnAU7Oh-8Q,5/25/2015,NV,1,
Fat Tuesday,Restaurants,Enterprise,CtvmXGt-GSudXnAU7Oh-8Q,5/25/2015,NV,1,124.92
LAVO Italian Restaurant & Lounge,Restaurants,Enterprise,3DmA6rp1NHqrq938cnRCmw,5/25/2015,NV,1,
LAVO Italian Restaurant & Lounge,Cafes,Enterprise,3DmA6rp1NHqrq938cnRCmw,5/25/2015,NV,1,
LAVO Italian Restaurant & Lounge,Bars,Enterprise,3DmA6rp1NHqrq938cnRCmw,5/25/2015,NV,1,120.93
Margaritaville,Cafes,Enterprise,xgbBlOH59x6cXjD0atJMhA,5/25/2015,NV,1,
Margaritaville,Restaurants,Enterprise,xgbBlOH59x6cXjD0atJMhA,5/25/2015,NV,1,
Margaritaville,Bars,Enterprise,xgbBlOH59x6cXjD0atJMhA,5/25/2015,NV,1,90.92
The Peppermill Restaurant & Fireside Lounge,Bars,Enterprise,yBfWrMo0WYqJU5t-oXLVIQ,5/25/2015,NV,1,
The Peppermill Restaurant & Fireside Lounge,Cafes,Enterprise,yBfWrMo0WYqJU5t-oXLVIQ,5/25/2015,NV,1,
The Peppermill Restaurant & Fireside Lounge,Restaurants,Enterprise,yBfWrMo0WYqJU5t-oXLVIQ,5/25/2015,NV,1,270.12
Fat Tuesday,Bars,Enterprise,nfNch-WQPzubm8DR4-S-1Q,5/26/2015,NV,1,
Fat Tuesday,Cafes,Enterprise,nfNch-WQPzubm8DR4-S-1Q,5/26/2015,NV,1,
Fat Tuesday,Restaurants,Enterprise,nfNch-WQPzubm8DR4-S-1Q,5/26/2015,NV,1,109.94
Scarpetta,Cafes,Enterprise,M_xgfzNiYDvP5oVad2OhCA,5/26/2015,NV,1,
Scarpetta,Restaurants,Enterprise,M_xgfzNiYDvP5oVad2OhCA,5/26/2015,NV,1,
Scarpetta,Bars,Enterprise,M_xgfzNiYDvP5oVad2OhCA,5/26/2015,NV,1,49.38
Fat Tuesday,Bars,Enterprise,m27WI7rq8SXaz-CRVdsS0Q,5/27/2015,NV,1,
Fat Tuesday,Cafes,Enterprise,m27WI7rq8SXaz-CRVdsS0Q,5/27/2015,NV,1,
Fat Tuesday,Restaurants,Enterprise,m27WI7rq8SXaz-CRVdsS0Q,5/27/2015,NV,1,315.78
LAVO Italian Restaurant & Lounge,Restaurants,Enterprise,qnnieCU8EXZyojWuKg1iVQ,5/27/2015,NV,1,
LAVO Italian Restaurant & Lounge,Cafes,Enterprise,qnnieCU8EXZyojWuKg1iVQ,5/27/2015,NV,1,
LAVO Italian Restaurant & Lounge,Bars,Enterprise,qnnieCU8EXZyojWuKg1iVQ,5/27/2015,NV,1,2.04
SUSHISAMBA Las Vegas,Bars,Enterprise,NW_WOT7RcWvmFZRh98CKyA,5/27/2015,NV,1,
SUSHISAMBA Las Vegas,Cafes,Enterprise,NW_WOT7RcWvmFZRh98CKyA,5/27/2015,NV,1,
SUSHISAMBA Las Vegas,Restaurants,Enterprise,NW_WOT7RcWvmFZRh98CKyA,5/27/2015,NV,1,193.12
The Bagel Café,Bars,Enterprise,ibOgVlxQxJAijBaQnyoGeg,5/27/2015,NV,1,
The Bagel Café,Restaurants,Enterprise,ibOgVlxQxJAijBaQnyoGeg,5/27/2015,NV,1,
The Bagel Café,Cafes,Enterprise,ibOgVlxQxJAijBaQnyoGeg,5/27/2015,NV,1,6.19
The Bagel Café,Restaurants,Enterprise,JsDgzK3dMJgQF4-bM6k9nQ,5/28/2015,NV,1,
The Bagel Café,Bars,Enterprise,JsDgzK3dMJgQF4-bM6k9nQ,5/28/2015,NV,1,
The Bagel Café,Cafes,Enterprise,JsDgzK3dMJgQF4-bM6k9nQ,5/28/2015,NV,1,34.03
The Bagel Café,Restaurants,Enterprise,zaMpyqjK3jFaYl9Sv-Q6yg,5/28/2015,NV,1,
The Bagel Café,Bars,Enterprise,zaMpyqjK3jFaYl9Sv-Q6yg,5/28/2015,NV,1,
The Bagel Café,Cafes,Enterprise,zaMpyqjK3jFaYl9Sv-Q6yg,5/28/2015,NV,1,12.9
The Peppermill Restaurant & Fireside Lounge,Cafes,Enterprise,pb0MADLnmfv5SzCVciVBGQ,5/28/2015,NV,1,
The Peppermill Restaurant & Fireside Lounge,Bars,Enterprise,pb0MADLnmfv5SzCVciVBGQ,5/28/2015,NV,1,
The Peppermill Restaurant & Fireside Lounge,Restaurants,Enterprise,pb0MADLnmfv5SzCVciVBGQ,5/28/2015,NV,1,73.36
CUT,Cafes,Enterprise,0XRFyY8-dxmrDheFPpe8Sg,5/29/2015,NV,1,
CUT,Bars,Enterprise,0XRFyY8-dxmrDheFPpe8Sg,5/29/2015,NV,1,
CUT,Restaurants,Enterprise,0XRFyY8-dxmrDheFPpe8Sg,5/29/2015,NV,1,98.72
Frankie's Tiki Room,Cafes,Enterprise,Puvtz67srAKsbR0Lg0GmoA,5/29/2015,NV,1,
Frankie's Tiki Room,Bars,Enterprise,Puvtz67srAKsbR0Lg0GmoA,5/29/2015,NV,1,
Frankie's Tiki Room,Restaurants,Enterprise,Puvtz67srAKsbR0Lg0GmoA,5/29/2015,NV,1,321.97
SUSHISAMBA Las Vegas,Bars,Enterprise,OldskeQ-d3sonyBvgqP5fQ,5/29/2015,NV,1,
SUSHISAMBA Las Vegas,Cafes,Enterprise,OldskeQ-d3sonyBvgqP5fQ,5/29/2015,NV,1,
SUSHISAMBA Las Vegas,Restaurants,Enterprise,OldskeQ-d3sonyBvgqP5fQ,5/29/2015,NV,1,308.84
SUSHISAMBA Las Vegas,Cafes,Enterprise,VSXa-gtVlZcdOJpylKrQ6Q,5/29/2015,NV,1,
SUSHISAMBA Las Vegas,Bars,Enterprise,VSXa-gtVlZcdOJpylKrQ6Q,5/29/2015,NV,1,
SUSHISAMBA Las Vegas,Restaurants,Enterprise,VSXa-gtVlZcdOJpylKrQ6Q,5/29/2015,NV,1,175.57
The Bagel Café,Restaurants,Enterprise,1UKlgLg1l6w3tyEshZja6A,5/29/2015,NV,1,
The Bagel Café,Bars,Enterprise,1UKlgLg1l6w3tyEshZja6A,5/29/2015,NV,1,
The Bagel Café,Cafes,Enterprise,1UKlgLg1l6w3tyEshZja6A,5/29/2015,NV,1,31.25
Fat Tuesday,Cafes,Enterprise,PQe5OJC-vAMMSyI-9xAjOA,5/30/2015,NV,1,
Fat Tuesday,Bars,Enterprise,PQe5OJC-vAMMSyI-9xAjOA,5/30/2015,NV,1,
Fat Tuesday,Restaurants,Enterprise,PQe5OJC-vAMMSyI-9xAjOA,5/30/2015,NV,1,295.47
Frankie's Tiki Room,Bars,Enterprise,87g9y057oFyeQh4XnUqL4g,5/30/2015,NV,1,
Frankie's Tiki Room,Cafes,Enterprise,87g9y057oFyeQh4XnUqL4g,5/30/2015,NV,1,
Frankie's Tiki Room,Restaurants,Enterprise,87g9y057oFyeQh4XnUqL4g,5/30/2015,NV,1,208.53
LAVO Italian Restaurant & Lounge,Cafes,Enterprise,yhAAeh611cpCksu3PpHloA,5/30/2015,NV,1,
LAVO Italian Restaurant & Lounge,Restaurants,Enterprise,yhAAeh611cpCksu3PpHloA,5/30/2015,NV,1,
LAVO Italian Restaurant & Lounge,Bars,Enterprise,yhAAeh611cpCksu3PpHloA,5/30/2015,NV,1,65
Nora's Cuisine,Restaurants,Enterprise,GvEjcS8C4vWkxbkMsRt3dA,5/30/2015,NV,1,
Nora's Cuisine,Cafes,Enterprise,GvEjcS8C4vWkxbkMsRt3dA,5/30/2015,NV,1,
Nora's Cuisine,Bars,Enterprise,GvEjcS8C4vWkxbkMsRt3dA,5/30/2015,NV,1,38.86
Nora's Cuisine,Cafes,Enterprise,h5LCziBXelRkDhIHrq-xrg,5/30/2015,NV,1,
Nora's Cuisine,Restaurants,Enterprise,h5LCziBXelRkDhIHrq-xrg,5/30/2015,NV,1,
Nora's Cuisine,Bars,Enterprise,h5LCziBXelRkDhIHrq-xrg,5/30/2015,NV,1,27.58
Scarpetta,Restaurants,Enterprise,BT3AQK9b5oIAdVve3_Sh1Q,5/30/2015,NV,1,
Scarpetta,Cafes,Enterprise,BT3AQK9b5oIAdVve3_Sh1Q,5/30/2015,NV,1,
Scarpetta,Bars,Enterprise,BT3AQK9b5oIAdVve3_Sh1Q,5/30/2015,NV,1,15.38
The Chandelier,Cafes,Enterprise,m27WI7rq8SXaz-CRVdsS0Q,5/30/2015,NV,1,
The Chandelier,Bars,Enterprise,m27WI7rq8SXaz-CRVdsS0Q,5/30/2015,NV,1,
The Chandelier,Restaurants,Enterprise,m27WI7rq8SXaz-CRVdsS0Q,5/30/2015,NV,1,358.52
Margaritaville,Restaurants,Enterprise,vyiHjaQlESGcXgEfEmH4ow,5/31/2015,NV,1,
Margaritaville,Cafes,Enterprise,vyiHjaQlESGcXgEfEmH4ow,5/31/2015,NV,1,
Margaritaville,Bars,Enterprise,vyiHjaQlESGcXgEfEmH4ow,5/31/2015,NV,1,30.61
SUSHISAMBA Las Vegas,Cafes,Enterprise,2Zhh-gmwK0cnBIuTm5Dz_Q,5/31/2015,NV,1,
SUSHISAMBA Las Vegas,Bars,Enterprise,2Zhh-gmwK0cnBIuTm5Dz_Q,5/31/2015,NV,1,
SUSHISAMBA Las Vegas,Restaurants,Enterprise,2Zhh-gmwK0cnBIuTm5Dz_Q,5/31/2015,NV,1,-15.06
The Bagel Café,Restaurants,Enterprise,1_muxK0RWjENP6bBx-7y_g,5/31/2015,NV,1,
The Bagel Café,Bars,Enterprise,1_muxK0RWjENP6bBx-7y_g,5/31/2015,NV,1,
The Bagel Café,Cafes,Enterprise,1_muxK0RWjENP6bBx-7y_g,5/31/2015,NV,1,10.95
CUT,Bars,Enterprise,uz28eMdo3KOmYKd-O8V0xQ,6/1/2015,NV,1,
CUT,Cafes,Enterprise,uz28eMdo3KOmYKd-O8V0xQ,6/1/2015,NV,1,
CUT,Restaurants,Enterprise,uz28eMdo3KOmYKd-O8V0xQ,6/1/2015,NV,1,173.18
Encore Beach Club,Cafes,Enterprise,HnomGkKdgG7RTcgdkLtziw,6/1/2015,NV,1,
Encore Beach Club,Restaurants,Enterprise,HnomGkKdgG7RTcgdkLtziw,6/1/2015,NV,1,
Encore Beach Club,Bars,Enterprise,HnomGkKdgG7RTcgdkLtziw,6/1/2015,NV,1,56.72
Frankie's Tiki Room,Cafes,Enterprise,rM2EgDABupC_yKwqICDS0g,6/1/2015,NV,1,
Frankie's Tiki Room,Bars,Enterprise,rM2EgDABupC_yKwqICDS0g,6/1/2015,NV,1,
Frankie's Tiki Room,Restaurants,Enterprise,rM2EgDABupC_yKwqICDS0g,6/1/2015,NV,1,309.87
Frankie's Tiki Room,Bars,Enterprise,t9LH-b7CEidZeADgsDS4sQ,6/1/2015,NV,1,
Frankie's Tiki Room,Cafes,Enterprise,t9LH-b7CEidZeADgsDS4sQ,6/1/2015,NV,1,
Frankie's Tiki Room,Restaurants,Enterprise,t9LH-b7CEidZeADgsDS4sQ,6/1/2015,NV,1,127.98
Scarpetta,Restaurants,Enterprise,L79wA5De6GOzt5ilTJfIUA,6/1/2015,NV,1,
Scarpetta,Cafes,Enterprise,L79wA5De6GOzt5ilTJfIUA,6/1/2015,NV,1,
Scarpetta,Bars,Enterprise,L79wA5De6GOzt5ilTJfIUA,6/1/2015,NV,1,71.11
The Bagel Café,Bars,Enterprise,j1flSWztDUVSkLoslkOMwA,6/1/2015,NV,1,
The Bagel Café,Restaurants,Enterprise,j1flSWztDUVSkLoslkOMwA,6/1/2015,NV,1,
The Bagel Café,Cafes,Enterprise,j1flSWztDUVSkLoslkOMwA,6/1/2015,NV,1,25.93
The Chandelier,Cafes,Enterprise,GlNcv3FQRqgTSp3TsVwWUQ,6/1/2015,NV,1,
The Chandelier,Bars,Enterprise,GlNcv3FQRqgTSp3TsVwWUQ,6/1/2015,NV,1,
The Chandelier,Restaurants,Enterprise,GlNcv3FQRqgTSp3TsVwWUQ,6/1/2015,NV,1,336.28
Fat Tuesday,Cafes,Enterprise,kElltumRMn9B-sqiDdWs9A,6/2/2015,NV,1,
Fat Tuesday,Bars,Enterprise,kElltumRMn9B-sqiDdWs9A,6/2/2015,NV,1,
Fat Tuesday,Restaurants,Enterprise,kElltumRMn9B-sqiDdWs9A,6/2/2015,NV,1,180.41
Fat Tuesday,Cafes,Enterprise,Vp4RUJvsXB5gb7k3CDdHnw,6/2/2015,NV,1,
Fat Tuesday,Bars,Enterprise,Vp4RUJvsXB5gb7k3CDdHnw,6/2/2015,NV,1,
Fat Tuesday,Restaurants,Enterprise,Vp4RUJvsXB5gb7k3CDdHnw,6/2/2015,NV,1,245.63
Frankie's Tiki Room,Cafes,Enterprise,80-MYGu3roY5eXHAvO0OAw,6/2/2015,NV,1,
Frankie's Tiki Room,Bars,Enterprise,80-MYGu3roY5eXHAvO0OAw,6/2/2015,NV,1,
Frankie's Tiki Room,Restaurants,Enterprise,80-MYGu3roY5eXHAvO0OAw,6/2/2015,NV,1,288.58
The Bagel Café,Bars,Enterprise,m-0xsGsVMk2QhNpkIxX6zw,6/2/2015,NV,1,
The Bagel Café,Restaurants,Enterprise,m-0xsGsVMk2QhNpkIxX6zw,6/2/2015,NV,1,
The Bagel Café,Cafes,Enterprise,m-0xsGsVMk2QhNpkIxX6zw,6/2/2015,NV,1,32.84
The Chandelier,Cafes,Enterprise,Ox_TgDuw5lx9hwHa4HTDkg,6/2/2015,NV,1,
The Chandelier,Bars,Enterprise,Ox_TgDuw5lx9hwHa4HTDkg,6/2/2015,NV,1,
The Chandelier,Restaurants,Enterprise,Ox_TgDuw5lx9hwHa4HTDkg,6/2/2015,NV,1,219.33
Fat Tuesday,Bars,Enterprise,fRbqoHAkgC5MeW3x15mezA,6/3/2015,NV,1,
Fat Tuesday,Cafes,Enterprise,fRbqoHAkgC5MeW3x15mezA,6/3/2015,NV,1,
Fat Tuesday,Restaurants,Enterprise,fRbqoHAkgC5MeW3x15mezA,6/3/2015,NV,1,22.38
Fat Tuesday,Bars,Enterprise,kMcavfs00rRZ7ZPovECmFQ,6/3/2015,NV,1,
Fat Tuesday,Cafes,Enterprise,kMcavfs00rRZ7ZPovECmFQ,6/3/2015,NV,1,
Fat Tuesday,Restaurants,Enterprise,kMcavfs00rRZ7ZPovECmFQ,6/3/2015,NV,1,90.83
Scarpetta,Restaurants,Enterprise,Qw_d8QV6_B6Ztre-X8L8cA,6/3/2015,NV,1,
Scarpetta,Cafes,Enterprise,Qw_d8QV6_B6Ztre-X8L8cA,6/3/2015,NV,1,
Scarpetta,Bars,Enterprise,Qw_d8QV6_B6Ztre-X8L8cA,6/3/2015,NV,1,58.55
SUSHISAMBA Las Vegas,Bars,Enterprise,OsE7rfPZqpfjJZJeiANQUQ,6/3/2015,NV,1,
SUSHISAMBA Las Vegas,Cafes,Enterprise,OsE7rfPZqpfjJZJeiANQUQ,6/3/2015,NV,1,
SUSHISAMBA Las Vegas,Restaurants,Enterprise,OsE7rfPZqpfjJZJeiANQUQ,6/3/2015,NV,1,245.03
The Bagel Café,Bars,Enterprise,vAX5VC7Zdk-BTxRa7CC6OQ,6/3/2015,NV,1,
The Bagel Café,Restaurants,Enterprise,vAX5VC7Zdk-BTxRa7CC6OQ,6/3/2015,NV,1,
The Bagel Café,Cafes,Enterprise,vAX5VC7Zdk-BTxRa7CC6OQ,6/3/2015,NV,1,25.18
The Chandelier,Cafes,Enterprise,M-qXBkg7qbEPE4D0fgeaag,6/3/2015,NV,1,
The Chandelier,Bars,Enterprise,M-qXBkg7qbEPE4D0fgeaag,6/3/2015,NV,1,
The Chandelier,Restaurants,Enterprise,M-qXBkg7qbEPE4D0fgeaag,6/3/2015,NV,1,225.37
Fat Tuesday,Bars,Enterprise,UfeHndURvGfJ5PZuFbHTvA,6/4/2015,NV,1,
Fat Tuesday,Cafes,Enterprise,UfeHndURvGfJ5PZuFbHTvA,6/4/2015,NV,1,
Fat Tuesday,Restaurants,Enterprise,UfeHndURvGfJ5PZuFbHTvA,6/4/2015,NV,1,135.26
LAVO Italian Restaurant & Lounge,Cafes,Enterprise,CqWHrA6o9WKmbYjtnoKkRA,6/4/2015,NV,1,
LAVO Italian Restaurant & Lounge,Restaurants,Enterprise,CqWHrA6o9WKmbYjtnoKkRA,6/4/2015,NV,1,
LAVO Italian Restaurant & Lounge,Bars,Enterprise,CqWHrA6o9WKmbYjtnoKkRA,6/4/2015,NV,1,52.32
The Peppermill Restaurant & Fireside Lounge,Bars,Enterprise,-syKj-9DbT2Gncu1AfF-Ug,6/4/2015,NV,1,
The Peppermill Restaurant & Fireside Lounge,Cafes,Enterprise,-syKj-9DbT2Gncu1AfF-Ug,6/4/2015,NV,1,
The Peppermill Restaurant & Fireside Lounge,Restaurants,Enterprise,-syKj-9DbT2Gncu1AfF-Ug,6/4/2015,NV,1,357.34
CUT,Cafes,Enterprise,httuLBVcvqPll0oEXDc0cA,6/5/2015,NV,1,
CUT,Bars,Enterprise,httuLBVcvqPll0oEXDc0cA,6/5/2015,NV,1,
CUT,Restaurants,Enterprise,httuLBVcvqPll0oEXDc0cA,6/5/2015,NV,1,245.55
Fat Tuesday,Bars,Enterprise,r8kV9I1HjhRKGB7cEA6rrA,6/5/2015,NV,1,
Fat Tuesday,Cafes,Enterprise,r8kV9I1HjhRKGB7cEA6rrA,6/5/2015,NV,1,
Fat Tuesday,Restaurants,Enterprise,r8kV9I1HjhRKGB7cEA6rrA,6/5/2015,NV,1,199.66
LAVO Italian Restaurant & Lounge,Cafes,Enterprise,r7y8qGL4Y7M4FlZq39_UGA,6/5/2015,NV,1,
LAVO Italian Restaurant & Lounge,Restaurants,Enterprise,r7y8qGL4Y7M4FlZq39_UGA,6/5/2015,NV,1,
LAVO Italian Restaurant & Lounge,Bars,Enterprise,r7y8qGL4Y7M4FlZq39_UGA,6/5/2015,NV,1,76.31
SUSHISAMBA Las Vegas,Bars,Enterprise,UTtK5S4o7yhHsNcPMI9RMg,6/5/2015,NV,1,
SUSHISAMBA Las Vegas,Cafes,Enterprise,UTtK5S4o7yhHsNcPMI9RMg,6/5/2015,NV,1,
SUSHISAMBA Las Vegas,Restaurants,Enterprise,UTtK5S4o7yhHsNcPMI9RMg,6/5/2015,NV,1,70.91
The Bagel Café,Restaurants,Enterprise,KPMtjOO7b5Qp1J6ptyi68A,6/5/2015,NV,1,
The Bagel Café,Bars,Enterprise,KPMtjOO7b5Qp1J6ptyi68A,6/5/2015,NV,1,
The Bagel Café,Cafes,Enterprise,KPMtjOO7b5Qp1J6ptyi68A,6/5/2015,NV,1,36.04
The Bagel Café,Restaurants,Enterprise,rzHZ3iYVQe_8h2e42DbUsw,6/5/2015,NV,1,
The Bagel Café,Bars,Enterprise,rzHZ3iYVQe_8h2e42DbUsw,6/5/2015,NV,1,
The Bagel Café,Cafes,Enterprise,rzHZ3iYVQe_8h2e42DbUsw,6/5/2015,NV,1,8.41
The Peppermill Restaurant & Fireside Lounge,Cafes,Enterprise,9WVTPO5iMaDv1LgNBoFO5A,6/5/2015,NV,1,
The Peppermill Restaurant & Fireside Lounge,Bars,Enterprise,9WVTPO5iMaDv1LgNBoFO5A,6/5/2015,NV,1,
The Peppermill Restaurant & Fireside Lounge,Restaurants,Enterprise,9WVTPO5iMaDv1LgNBoFO5A,6/5/2015,NV,1,282.82
Brio Tuscan Grille,Cafes,Enterprise,a1Yj9hwiaS_7JtzEGvvBTg,6/7/2015,NV,1,
Brio Tuscan Grille,Restaurants,Enterprise,a1Yj9hwiaS_7JtzEGvvBTg,6/7/2015,NV,1,
Brio Tuscan Grille,Bars,Enterprise,a1Yj9hwiaS_7JtzEGvvBTg,6/7/2015,NV,1,81.92
CUT,Bars,Enterprise,rR-o9W6QvZ8fOiua5lJlIQ,6/7/2015,NV,1,
CUT,Cafes,Enterprise,rR-o9W6QvZ8fOiua5lJlIQ,6/7/2015,NV,1,
CUT,Restaurants,Enterprise,rR-o9W6QvZ8fOiua5lJlIQ,6/7/2015,NV,1,281.28
Frankie's Tiki Room,Cafes,Enterprise,zzUcHAdUr5uLrKRfw8iIHQ,6/7/2015,NV,1,
Frankie's Tiki Room,Bars,Enterprise,zzUcHAdUr5uLrKRfw8iIHQ,6/7/2015,NV,1,
Frankie's Tiki Room,Restaurants,Enterprise,zzUcHAdUr5uLrKRfw8iIHQ,6/7/2015,NV,1,236.95
SUSHISAMBA Las Vegas,Cafes,Enterprise,V1qmCtP5bAat9CSRugNXZA,6/7/2015,NV,1,
SUSHISAMBA Las Vegas,Bars,Enterprise,V1qmCtP5bAat9CSRugNXZA,6/7/2015,NV,1,
SUSHISAMBA Las Vegas,Restaurants,Enterprise,V1qmCtP5bAat9CSRugNXZA,6/7/2015,NV,1,-66.74
The Bagel Café,Restaurants,Enterprise,HWeFN6e0rPRT-T0zOJSIEg,6/7/2015,NV,1,
The Bagel Café,Bars,Enterprise,HWeFN6e0rPRT-T0zOJSIEg,6/7/2015,NV,1,
The Bagel Café,Cafes,Enterprise,HWeFN6e0rPRT-T0zOJSIEg,6/7/2015,NV,1,13.22
The Chandelier,Cafes,Enterprise,dyA6Pf2DtGIrSrTSpIK-pA,6/7/2015,NV,1,
The Chandelier,Bars,Enterprise,dyA6Pf2DtGIrSrTSpIK-pA,6/7/2015,NV,1,
The Chandelier,Restaurants,Enterprise,dyA6Pf2DtGIrSrTSpIK-pA,6/7/2015,NV,1,-16.15
Fat Tuesday,Cafes,Enterprise,glRXVWWD6x1EZKfjJawTOg,6/8/2015,NV,1,
Fat Tuesday,Bars,Enterprise,glRXVWWD6x1EZKfjJawTOg,6/8/2015,NV,1,
Fat Tuesday,Restaurants,Enterprise,glRXVWWD6x1EZKfjJawTOg,6/8/2015,NV,1,242.47
SUSHISAMBA Las Vegas,Cafes,Enterprise,S2hsuTtEOG1_mwjqQSbEUQ,6/8/2015,NV,1,
SUSHISAMBA Las Vegas,Bars,Enterprise,S2hsuTtEOG1_mwjqQSbEUQ,6/8/2015,NV,1,
SUSHISAMBA Las Vegas,Restaurants,Enterprise,S2hsuTtEOG1_mwjqQSbEUQ,6/8/2015,NV,1,578.92
LAVO Italian Restaurant & Lounge,Restaurants,Enterprise,f5vgLcoKpFcTvD4lOUxcTQ,6/9/2015,NV,1,
LAVO Italian Restaurant & Lounge,Cafes,Enterprise,f5vgLcoKpFcTvD4lOUxcTQ,6/9/2015,NV,1,
LAVO Italian Restaurant & Lounge,Bars,Enterprise,f5vgLcoKpFcTvD4lOUxcTQ,6/9/2015,NV,1,45.52
Nora's Cuisine,Restaurants,Enterprise,jJTp4Uw3YI0AAcoXXSxBtA,6/9/2015,NV,1,
Nora's Cuisine,Cafes,Enterprise,jJTp4Uw3YI0AAcoXXSxBtA,6/9/2015,NV,1,
Nora's Cuisine,Bars,Enterprise,jJTp4Uw3YI0AAcoXXSxBtA,6/9/2015,NV,1,16.62
Scarpetta,Restaurants,Enterprise,6Xc3Vwu-6DHYHA2ZvbFYZA,6/9/2015,NV,1,
Scarpetta,Cafes,Enterprise,6Xc3Vwu-6DHYHA2ZvbFYZA,6/9/2015,NV,1,
Scarpetta,Bars,Enterprise,6Xc3Vwu-6DHYHA2ZvbFYZA,6/9/2015,NV,1,62.28
The Bagel Café,Restaurants,Enterprise,sQb1iDMVJAKOGjrFdwYqtA,6/9/2015,NV,1,
The Bagel Café,Bars,Enterprise,sQb1iDMVJAKOGjrFdwYqtA,6/9/2015,NV,1,
The Bagel Café,Cafes,Enterprise,sQb1iDMVJAKOGjrFdwYqtA,6/9/2015,NV,1,3.29
Brio Tuscan Grille,Cafes,Enterprise,C42sej-tar42S6e59A1CBQ,6/10/2015,NV,1,
Brio Tuscan Grille,Restaurants,Enterprise,C42sej-tar42S6e59A1CBQ,6/10/2015,NV,1,
Brio Tuscan Grille,Bars,Enterprise,C42sej-tar42S6e59A1CBQ,6/10/2015,NV,1,27.93
CUT,Bars,Enterprise,tGDL_Q77xrrE2QD9K9sDSw,6/10/2015,NV,1,
CUT,Cafes,Enterprise,tGDL_Q77xrrE2QD9K9sDSw,6/10/2015,NV,1,
CUT,Restaurants,Enterprise,tGDL_Q77xrrE2QD9K9sDSw,6/10/2015,NV,1,311.16
Margaritaville,Cafes,Enterprise,0fvMdn6M5PLUQPIVk5HsYQ,6/10/2015,NV,1,
Margaritaville,Restaurants,Enterprise,0fvMdn6M5PLUQPIVk5HsYQ,6/10/2015,NV,1,
Margaritaville,Bars,Enterprise,0fvMdn6M5PLUQPIVk5HsYQ,6/10/2015,NV,1,47.55
SUSHISAMBA Las Vegas,Bars,Enterprise,1w32UX4lKRA18ITs66IjAw,6/10/2015,NV,1,
SUSHISAMBA Las Vegas,Cafes,Enterprise,1w32UX4lKRA18ITs66IjAw,6/10/2015,NV,1,
SUSHISAMBA Las Vegas,Restaurants,Enterprise,1w32UX4lKRA18ITs66IjAw,6/10/2015,NV,1,339.12
The Bagel Café,Restaurants,Enterprise,SeE7Om9dLCv6LmiXOkjUMg,6/10/2015,NV,1,
The Bagel Café,Bars,Enterprise,SeE7Om9dLCv6LmiXOkjUMg,6/10/2015,NV,1,
The Bagel Café,Cafes,Enterprise,SeE7Om9dLCv6LmiXOkjUMg,6/10/2015,NV,1,2.87
The Peppermill Restaurant & Fireside Lounge,Bars,Enterprise,CtvmXGt-GSudXnAU7Oh-8Q,6/10/2015,NV,1,
The Peppermill Restaurant & Fireside Lounge,Cafes,Enterprise,CtvmXGt-GSudXnAU7Oh-8Q,6/10/2015,NV,1,
The Peppermill Restaurant & Fireside Lounge,Restaurants,Enterprise,CtvmXGt-GSudXnAU7Oh-8Q,6/10/2015,NV,1,255.39
Brio Tuscan Grille,Restaurants,Enterprise,VvrOVlFzCbkOVX4PsF3BOw,6/11/2015,NV,1,
Brio Tuscan Grille,Cafes,Enterprise,VvrOVlFzCbkOVX4PsF3BOw,6/11/2015,NV,1,
Brio Tuscan Grille,Bars,Enterprise,VvrOVlFzCbkOVX4PsF3BOw,6/11/2015,NV,1,61.39
Frankie's Tiki Room,Cafes,Enterprise,LH3e4CvIxgcKItEmdQFkNg,6/11/2015,NV,1,
Frankie's Tiki Room,Bars,Enterprise,LH3e4CvIxgcKItEmdQFkNg,6/11/2015,NV,1,
Frankie's Tiki Room,Restaurants,Enterprise,LH3e4CvIxgcKItEmdQFkNg,6/11/2015,NV,1,148.14
Nora's Cuisine,Restaurants,Enterprise,2BiT4UmTnrnipyJTcBb6QA,6/11/2015,NV,1,
Nora's Cuisine,Cafes,Enterprise,2BiT4UmTnrnipyJTcBb6QA,6/11/2015,NV,1,
Nora's Cuisine,Bars,Enterprise,2BiT4UmTnrnipyJTcBb6QA,6/11/2015,NV,1,21.42
SUSHISAMBA Las Vegas,Cafes,Enterprise,reXzz6CITqFl6JpyPQCX1g,6/11/2015,NV,1,
SUSHISAMBA Las Vegas,Bars,Enterprise,reXzz6CITqFl6JpyPQCX1g,6/11/2015,NV,1,
SUSHISAMBA Las Vegas,Restaurants,Enterprise,reXzz6CITqFl6JpyPQCX1g,6/11/2015,NV,1,241.77
The Bagel Café,Restaurants,Enterprise,R8kIWnvYj6UjzLU3Q-a_Pw,6/11/2015,NV,1,
The Bagel Café,Bars,Enterprise,R8kIWnvYj6UjzLU3Q-a_Pw,6/11/2015,NV,1,
The Bagel Café,Cafes,Enterprise,R8kIWnvYj6UjzLU3Q-a_Pw,6/11/2015,NV,1,10.61
Brio Tuscan Grille,Cafes,Enterprise,JOu4EKGIVcm6WSShCjBf4Q,6/12/2015,NV,1,
Brio Tuscan Grille,Restaurants,Enterprise,JOu4EKGIVcm6WSShCjBf4Q,6/12/2015,NV,1,
Brio Tuscan Grille,Bars,Enterprise,JOu4EKGIVcm6WSShCjBf4Q,6/12/2015,NV,1,89.96
Encore Beach Club,Cafes,Enterprise,dt-PrUupgaDK5qZccBdT9w,6/12/2015,NV,1,
Encore Beach Club,Restaurants,Enterprise,dt-PrUupgaDK5qZccBdT9w,6/12/2015,NV,1,
Encore Beach Club,Bars,Enterprise,dt-PrUupgaDK5qZccBdT9w,6/12/2015,NV,1,28.52
Brio Tuscan Grille,Restaurants,Enterprise,P4P0X_f4zLFWZfeaiIGcXQ,6/13/2015,NV,1,
Brio Tuscan Grille,Cafes,Enterprise,P4P0X_f4zLFWZfeaiIGcXQ,6/13/2015,NV,1,
Brio Tuscan Grille,Bars,Enterprise,P4P0X_f4zLFWZfeaiIGcXQ,6/13/2015,NV,1,76.85
Nora's Cuisine,Restaurants,Enterprise,uck2GHgXy7vAIlgXo7yknw,6/13/2015,NV,1,
Nora's Cuisine,Cafes,Enterprise,uck2GHgXy7vAIlgXo7yknw,6/13/2015,NV,1,
Nora's Cuisine,Bars,Enterprise,uck2GHgXy7vAIlgXo7yknw,6/13/2015,NV,1,69.51
SUSHISAMBA Las Vegas,Bars,Enterprise,lScAaXwR6TeiH59Hv2vjPQ,6/13/2015,NV,1,
SUSHISAMBA Las Vegas,Cafes,Enterprise,lScAaXwR6TeiH59Hv2vjPQ,6/13/2015,NV,1,
SUSHISAMBA Las Vegas,Restaurants,Enterprise,lScAaXwR6TeiH59Hv2vjPQ,6/13/2015,NV,1,223.89
Encore Beach Club,Cafes,Enterprise,1fujZVn5be9EooASzMkdng,6/14/2015,NV,1,
Encore Beach Club,Restaurants,Enterprise,1fujZVn5be9EooASzMkdng,6/14/2015,NV,1,
Encore Beach Club,Bars,Enterprise,1fujZVn5be9EooASzMkdng,6/14/2015,NV,1,21.5
Fat Tuesday,Cafes,Enterprise,efiYw01XvuSq_j6Sal_XiQ,6/14/2015,NV,1,
Fat Tuesday,Bars,Enterprise,efiYw01XvuSq_j6Sal_XiQ,6/14/2015,NV,1,
Fat Tuesday,Restaurants,Enterprise,efiYw01XvuSq_j6Sal_XiQ,6/14/2015,NV,1,294.9
Fat Tuesday,Cafes,Enterprise,fnltftjCKvrAwvM_h1j0kg,6/14/2015,NV,1,
Fat Tuesday,Bars,Enterprise,fnltftjCKvrAwvM_h1j0kg,6/14/2015,NV,1,
Fat Tuesday,Restaurants,Enterprise,fnltftjCKvrAwvM_h1j0kg,6/14/2015,NV,1,299.42
Fat Tuesday,Bars,Enterprise,s5TKbtPmScdaT1XepvdcAg,6/14/2015,NV,1,
Fat Tuesday,Cafes,Enterprise,s5TKbtPmScdaT1XepvdcAg,6/14/2015,NV,1,
Fat Tuesday,Restaurants,Enterprise,s5TKbtPmScdaT1XepvdcAg,6/14/2015,NV,1,228.95
LAVO Italian Restaurant & Lounge,Cafes,Enterprise,g4-b_kxuUn6nuRwxpc1PqQ,6/14/2015,NV,1,
LAVO Italian Restaurant & Lounge,Restaurants,Enterprise,g4-b_kxuUn6nuRwxpc1PqQ,6/14/2015,NV,1,
LAVO Italian Restaurant & Lounge,Bars,Enterprise,g4-b_kxuUn6nuRwxpc1PqQ,6/14/2015,NV,1,29.9
LAVO Italian Restaurant & Lounge,Cafes,Enterprise,gz4IPbqq8C_wQSMS05Rcaw,6/14/2015,NV,1,
LAVO Italian Restaurant & Lounge,Restaurants,Enterprise,gz4IPbqq8C_wQSMS05Rcaw,6/14/2015,NV,1,
LAVO Italian Restaurant & Lounge,Bars,Enterprise,gz4IPbqq8C_wQSMS05Rcaw,6/14/2015,NV,1,76.16
Margaritaville,Restaurants,Enterprise,5pn0Rb0RSvt7IkPLWsGeZg,6/14/2015,NV,1,
Margaritaville,Cafes,Enterprise,5pn0Rb0RSvt7IkPLWsGeZg,6/14/2015,NV,1,
Margaritaville,Bars,Enterprise,5pn0Rb0RSvt7IkPLWsGeZg,6/14/2015,NV,1,46.23
Margaritaville,Restaurants,Enterprise,Q8V8lSHDFoIqbK4gsqr-EA,6/14/2015,NV,1,
Margaritaville,Cafes,Enterprise,Q8V8lSHDFoIqbK4gsqr-EA,6/14/2015,NV,1,
Margaritaville,Bars,Enterprise,Q8V8lSHDFoIqbK4gsqr-EA,6/14/2015,NV,1,59.91
Scarpetta,Cafes,Enterprise,eXWaWOa03jgSV2zBGRDrAQ,6/14/2015,NV,1,
Scarpetta,Restaurants,Enterprise,eXWaWOa03jgSV2zBGRDrAQ,6/14/2015,NV,1,
Scarpetta,Bars,Enterprise,eXWaWOa03jgSV2zBGRDrAQ,6/14/2015,NV,1,78.61
SUSHISAMBA Las Vegas,Cafes,Enterprise,TKkT42aG8GNoOIlUFRkBYQ,6/14/2015,NV,1,
SUSHISAMBA Las Vegas,Bars,Enterprise,TKkT42aG8GNoOIlUFRkBYQ,6/14/2015,NV,1,
SUSHISAMBA Las Vegas,Restaurants,Enterprise,TKkT42aG8GNoOIlUFRkBYQ,6/14/2015,NV,1,-120.83
SUSHISAMBA Las Vegas,Bars,Enterprise,UTtK5S4o7yhHsNcPMI9RMg,6/14/2015,NV,1,
SUSHISAMBA Las Vegas,Cafes,Enterprise,UTtK5S4o7yhHsNcPMI9RMg,6/14/2015,NV,1,
SUSHISAMBA Las Vegas,Restaurants,Enterprise,UTtK5S4o7yhHsNcPMI9RMg,6/14/2015,NV,1,227.16
The Chandelier,Bars,Enterprise,uZnfY6YJnzn4zddK6HYQ1A,6/14/2015,NV,1,
The Chandelier,Cafes,Enterprise,uZnfY6YJnzn4zddK6HYQ1A,6/14/2015,NV,1,
The Chandelier,Restaurants,Enterprise,uZnfY6YJnzn4zddK6HYQ1A,6/14/2015,NV,1,40.72
Brio Tuscan Grille,Restaurants,Enterprise,qnnieCU8EXZyojWuKg1iVQ,6/15/2015,NV,1,
Brio Tuscan Grille,Cafes,Enterprise,qnnieCU8EXZyojWuKg1iVQ,6/15/2015,NV,1,
Brio Tuscan Grille,Bars,Enterprise,qnnieCU8EXZyojWuKg1iVQ,6/15/2015,NV,1,8.89
Fat Tuesday,Bars,Enterprise,4jBdBhngtrcGzTDKjKbmlQ,6/15/2015,NV,1,
Fat Tuesday,Cafes,Enterprise,4jBdBhngtrcGzTDKjKbmlQ,6/15/2015,NV,1,
Fat Tuesday,Restaurants,Enterprise,4jBdBhngtrcGzTDKjKbmlQ,6/15/2015,NV,1,189.21
Frankie's Tiki Room,Bars,Enterprise,2t2O_joazRORBlUttB8Fhg,6/15/2015,NV,1,
Frankie's Tiki Room,Cafes,Enterprise,2t2O_joazRORBlUttB8Fhg,6/15/2015,NV,1,
Frankie's Tiki Room,Restaurants,Enterprise,2t2O_joazRORBlUttB8Fhg,6/15/2015,NV,1,122.16
The Peppermill Restaurant & Fireside Lounge,Bars,Enterprise,ddKobMKnrSfWPCnedHLjXA,6/15/2015,NV,1,
The Peppermill Restaurant & Fireside Lounge,Cafes,Enterprise,ddKobMKnrSfWPCnedHLjXA,6/15/2015,NV,1,
The Peppermill Restaurant & Fireside Lounge,Restaurants,Enterprise,ddKobMKnrSfWPCnedHLjXA,6/15/2015,NV,1,221.02
SUSHISAMBA Las Vegas,Bars,Enterprise,1w32UX4lKRA18ITs66IjAw,6/16/2015,NV,1,
SUSHISAMBA Las Vegas,Cafes,Enterprise,1w32UX4lKRA18ITs66IjAw,6/16/2015,NV,1,
SUSHISAMBA Las Vegas,Restaurants,Enterprise,1w32UX4lKRA18ITs66IjAw,6/16/2015,NV,1,404.96
SUSHISAMBA Las Vegas,Bars,Enterprise,BripuS4ZR94dXVNkr01sfw,6/16/2015,NV,1,
SUSHISAMBA Las Vegas,Cafes,Enterprise,BripuS4ZR94dXVNkr01sfw,6/16/2015,NV,1,
SUSHISAMBA Las Vegas,Restaurants,Enterprise,BripuS4ZR94dXVNkr01sfw,6/16/2015,NV,1,355.42
SUSHISAMBA Las Vegas,Bars,Enterprise,lScAaXwR6TeiH59Hv2vjPQ,6/16/2015,NV,1,
SUSHISAMBA Las Vegas,Cafes,Enterprise,lScAaXwR6TeiH59Hv2vjPQ,6/16/2015,NV,1,
SUSHISAMBA Las Vegas,Restaurants,Enterprise,lScAaXwR6TeiH59Hv2vjPQ,6/16/2015,NV,1,-67.52
The Bagel Café,Bars,Enterprise,SeE7Om9dLCv6LmiXOkjUMg,6/16/2015,NV,1,
The Bagel Café,Restaurants,Enterprise,SeE7Om9dLCv6LmiXOkjUMg,6/16/2015,NV,1,
The Bagel Café,Cafes,Enterprise,SeE7Om9dLCv6LmiXOkjUMg,6/16/2015,NV,1,48.22
The Peppermill Restaurant & Fireside Lounge,Bars,Enterprise,xBTW76iI6Nos0l1SBbDZSg,6/16/2015,NV,1,
The Peppermill Restaurant & Fireside Lounge,Cafes,Enterprise,xBTW76iI6Nos0l1SBbDZSg,6/16/2015,NV,1,
The Peppermill Restaurant & Fireside Lounge,Restaurants,Enterprise,xBTW76iI6Nos0l1SBbDZSg,6/16/2015,NV,1,313.78
Encore Beach Club,Restaurants,Enterprise,17LPTsu4RgqTZ3SxsGzzxw,6/17/2015,NV,1,
Encore Beach Club,Cafes,Enterprise,17LPTsu4RgqTZ3SxsGzzxw,6/17/2015,NV,1,
Encore Beach Club,Bars,Enterprise,17LPTsu4RgqTZ3SxsGzzxw,6/17/2015,NV,1,46.64
Encore Beach Club,Cafes,Enterprise,b21aIGgv-8xrpD0C3ZfQuQ,6/17/2015,NV,1,
Encore Beach Club,Restaurants,Enterprise,b21aIGgv-8xrpD0C3ZfQuQ,6/17/2015,NV,1,
Encore Beach Club,Bars,Enterprise,b21aIGgv-8xrpD0C3ZfQuQ,6/17/2015,NV,1,24.3
Frankie's Tiki Room,Cafes,Enterprise,0ZJZPgwqFHJE397ZKB9ziA,6/17/2015,NV,1,
Frankie's Tiki Room,Bars,Enterprise,0ZJZPgwqFHJE397ZKB9ziA,6/17/2015,NV,1,
Frankie's Tiki Room,Restaurants,Enterprise,0ZJZPgwqFHJE397ZKB9ziA,6/17/2015,NV,1,207.45
Margaritaville,Restaurants,Enterprise,dt-PrUupgaDK5qZccBdT9w,6/17/2015,NV,1,
Margaritaville,Cafes,Enterprise,dt-PrUupgaDK5qZccBdT9w,6/17/2015,NV,1,
Margaritaville,Bars,Enterprise,dt-PrUupgaDK5qZccBdT9w,6/17/2015,NV,1,44.47
SUSHISAMBA Las Vegas,Bars,Enterprise,2Zhh-gmwK0cnBIuTm5Dz_Q,6/17/2015,NV,1,
SUSHISAMBA Las Vegas,Cafes,Enterprise,2Zhh-gmwK0cnBIuTm5Dz_Q,6/17/2015,NV,1,
SUSHISAMBA Las Vegas,Restaurants,Enterprise,2Zhh-gmwK0cnBIuTm5Dz_Q,6/17/2015,NV,1,340.56
The Chandelier,Cafes,Enterprise,2BiT4UmTnrnipyJTcBb6QA,6/17/2015,NV,1,
The Chandelier,Bars,Enterprise,2BiT4UmTnrnipyJTcBb6QA,6/17/2015,NV,1,
The Chandelier,Restaurants,Enterprise,2BiT4UmTnrnipyJTcBb6QA,6/17/2015,NV,1,275.45
The Chandelier,Cafes,Enterprise,Bb2X4kNgWq1pBmicyNz2qg,6/17/2015,NV,1,
The Chandelier,Bars,Enterprise,Bb2X4kNgWq1pBmicyNz2qg,6/17/2015,NV,1,
The Chandelier,Restaurants,Enterprise,Bb2X4kNgWq1pBmicyNz2qg,6/17/2015,NV,1,331.7
Fat Tuesday,Cafes,Enterprise,Rj0NbPLgbff4vW1lA8nmvA,6/18/2015,NV,1,
Fat Tuesday,Bars,Enterprise,Rj0NbPLgbff4vW1lA8nmvA,6/18/2015,NV,1,
Fat Tuesday,Restaurants,Enterprise,Rj0NbPLgbff4vW1lA8nmvA,6/18/2015,NV,1,153.81
LAVO Italian Restaurant & Lounge,Restaurants,Enterprise,vZqL95LDeEGEFVLy98-eMA,6/18/2015,NV,1,
LAVO Italian Restaurant & Lounge,Cafes,Enterprise,vZqL95LDeEGEFVLy98-eMA,6/18/2015,NV,1,
LAVO Italian Restaurant & Lounge,Bars,Enterprise,vZqL95LDeEGEFVLy98-eMA,6/18/2015,NV,1,36.4
Margaritaville,Cafes,Enterprise,ibOgVlxQxJAijBaQnyoGeg,6/18/2015,NV,1,
Margaritaville,Restaurants,Enterprise,ibOgVlxQxJAijBaQnyoGeg,6/18/2015,NV,1,
Margaritaville,Bars,Enterprise,ibOgVlxQxJAijBaQnyoGeg,6/18/2015,NV,1,8.28
Scarpetta,Cafes,Enterprise,HLe1DT83kndSGXTge6DPvQ,6/18/2015,NV,1,
Scarpetta,Restaurants,Enterprise,HLe1DT83kndSGXTge6DPvQ,6/18/2015,NV,1,
Scarpetta,Bars,Enterprise,HLe1DT83kndSGXTge6DPvQ,6/18/2015,NV,1,6.21
The Bagel Café,Bars,Enterprise,kH1fW7g_ZfURHsNkUb9TJA,6/18/2015,NV,1,
The Bagel Café,Restaurants,Enterprise,kH1fW7g_ZfURHsNkUb9TJA,6/18/2015,NV,1,
The Bagel Café,Cafes,Enterprise,kH1fW7g_ZfURHsNkUb9TJA,6/18/2015,NV,1,37.7
The Chandelier,Cafes,Enterprise,3Fs-KWWt7INs57uk32SmRQ,6/18/2015,NV,1,
The Chandelier,Bars,Enterprise,3Fs-KWWt7INs57uk32SmRQ,6/18/2015,NV,1,
The Chandelier,Restaurants,Enterprise,3Fs-KWWt7INs57uk32SmRQ,6/18/2015,NV,1,248.92
The Peppermill Restaurant & Fireside Lounge,Cafes,Enterprise,802-h3XRJWZ8C5aARlEIEQ,6/18/2015,NV,1,
The Peppermill Restaurant & Fireside Lounge,Bars,Enterprise,802-h3XRJWZ8C5aARlEIEQ,6/18/2015,NV,1,
The Peppermill Restaurant & Fireside Lounge,Restaurants,Enterprise,802-h3XRJWZ8C5aARlEIEQ,6/18/2015,NV,1,77.61
The Peppermill Restaurant & Fireside Lounge,Bars,Enterprise,efiYw01XvuSq_j6Sal_XiQ,6/18/2015,NV,1,
The Peppermill Restaurant & Fireside Lounge,Cafes,Enterprise,efiYw01XvuSq_j6Sal_XiQ,6/18/2015,NV,1,
The Peppermill Restaurant & Fireside Lounge,Restaurants,Enterprise,efiYw01XvuSq_j6Sal_XiQ,6/18/2015,NV,1,217.14
The Peppermill Restaurant & Fireside Lounge,Cafes,Enterprise,XJMSexMQLfy8oc4o7s05ZQ,6/18/2015,NV,1,
The Peppermill Restaurant & Fireside Lounge,Bars,Enterprise,XJMSexMQLfy8oc4o7s05ZQ,6/18/2015,NV,1,
The Peppermill Restaurant & Fireside Lounge,Restaurants,Enterprise,XJMSexMQLfy8oc4o7s05ZQ,6/18/2015,NV,1,202.65
Fat Tuesday,Bars,Enterprise,1XxaU8Bsuz-E87TLGTQXsg,6/19/2015,NV,1,
Fat Tuesday,Cafes,Enterprise,1XxaU8Bsuz-E87TLGTQXsg,6/19/2015,NV,1,
Fat Tuesday,Restaurants,Enterprise,1XxaU8Bsuz-E87TLGTQXsg,6/19/2015,NV,1,251.29
Fat Tuesday,Cafes,Enterprise,qvwHgfU0TwVJFx2KvaRXRA,6/19/2015,NV,1,
Fat Tuesday,Bars,Enterprise,qvwHgfU0TwVJFx2KvaRXRA,6/19/2015,NV,1,
Fat Tuesday,Restaurants,Enterprise,qvwHgfU0TwVJFx2KvaRXRA,6/19/2015,NV,1,10.21
Fat Tuesday,Cafes,Enterprise,usS63wQL_v5dCpM_rAH6Fg,6/19/2015,NV,1,
Fat Tuesday,Bars,Enterprise,usS63wQL_v5dCpM_rAH6Fg,6/19/2015,NV,1,
Fat Tuesday,Restaurants,Enterprise,usS63wQL_v5dCpM_rAH6Fg,6/19/2015,NV,1,263.62
LAVO Italian Restaurant & Lounge,Cafes,Enterprise,jZorX8qv1Wc5DjAtHGPUlQ,6/19/2015,NV,1,
LAVO Italian Restaurant & Lounge,Restaurants,Enterprise,jZorX8qv1Wc5DjAtHGPUlQ,6/19/2015,NV,1,
LAVO Italian Restaurant & Lounge,Bars,Enterprise,jZorX8qv1Wc5DjAtHGPUlQ,6/19/2015,NV,1,41.11
CUT,Cafes,Enterprise,FwzXiPL8nY3PmmHjRP1h_g,6/20/2015,NV,1,
CUT,Bars,Enterprise,FwzXiPL8nY3PmmHjRP1h_g,6/20/2015,NV,1,
CUT,Restaurants,Enterprise,FwzXiPL8nY3PmmHjRP1h_g,6/20/2015,NV,1,416.31
Frankie's Tiki Room,Cafes,Enterprise,eCDw3JWjansxAQnfwGozgQ,6/20/2015,NV,1,
Frankie's Tiki Room,Bars,Enterprise,eCDw3JWjansxAQnfwGozgQ,6/20/2015,NV,1,
Frankie's Tiki Room,Restaurants,Enterprise,eCDw3JWjansxAQnfwGozgQ,6/20/2015,NV,1,116.16
Fat Tuesday,Cafes,Enterprise,RLmUj1QGMz2dLBcdayuBiw,6/21/2015,NV,1,
Fat Tuesday,Bars,Enterprise,RLmUj1QGMz2dLBcdayuBiw,6/21/2015,NV,1,
Fat Tuesday,Restaurants,Enterprise,RLmUj1QGMz2dLBcdayuBiw,6/21/2015,NV,1,163.01
SUSHISAMBA Las Vegas,Cafes,Enterprise,V1qmCtP5bAat9CSRugNXZA,6/21/2015,NV,1,
SUSHISAMBA Las Vegas,Bars,Enterprise,V1qmCtP5bAat9CSRugNXZA,6/21/2015,NV,1,
SUSHISAMBA Las Vegas,Restaurants,Enterprise,V1qmCtP5bAat9CSRugNXZA,6/21/2015,NV,1,277.3
The Bagel Café,Restaurants,Enterprise,f8LTSe-dO_giyJ2694Zk9A,6/21/2015,NV,1,
The Bagel Café,Bars,Enterprise,f8LTSe-dO_giyJ2694Zk9A,6/21/2015,NV,1,
The Bagel Café,Cafes,Enterprise,f8LTSe-dO_giyJ2694Zk9A,6/21/2015,NV,1,8.29
The Peppermill Restaurant & Fireside Lounge,Cafes,Enterprise,_6bFXoUrzam_1SzP3bFLXA,6/21/2015,NV,1,
The Peppermill Restaurant & Fireside Lounge,Bars,Enterprise,_6bFXoUrzam_1SzP3bFLXA,6/21/2015,NV,1,
The Peppermill Restaurant & Fireside Lounge,Restaurants,Enterprise,_6bFXoUrzam_1SzP3bFLXA,6/21/2015,NV,1,258.35
Frankie's Tiki Room,Bars,Enterprise,spZ06v78ERelJilKdQETuA,6/22/2015,NV,1,
Frankie's Tiki Room,Cafes,Enterprise,spZ06v78ERelJilKdQETuA,6/22/2015,NV,1,
Frankie's Tiki Room,Restaurants,Enterprise,spZ06v78ERelJilKdQETuA,6/22/2015,NV,1,134.68
Nora's Cuisine,Cafes,Enterprise,m8vVTi2b-SWv3EJrvrruMg,6/22/2015,NV,1,
Nora's Cuisine,Restaurants,Enterprise,m8vVTi2b-SWv3EJrvrruMg,6/22/2015,NV,1,
Nora's Cuisine,Bars,Enterprise,m8vVTi2b-SWv3EJrvrruMg,6/22/2015,NV,1,75.79
Frankie's Tiki Room,Bars,Enterprise,4IBXnq5ia-27waHfZYGilQ,6/23/2015,NV,1,
Frankie's Tiki Room,Cafes,Enterprise,4IBXnq5ia-27waHfZYGilQ,6/23/2015,NV,1,
Frankie's Tiki Room,Restaurants,Enterprise,4IBXnq5ia-27waHfZYGilQ,6/23/2015,NV,1,234.25
Frankie's Tiki Room,Bars,Enterprise,XnXR4JGi5m5LyIG2OpQLAQ,6/23/2015,NV,1,
Frankie's Tiki Room,Cafes,Enterprise,XnXR4JGi5m5LyIG2OpQLAQ,6/23/2015,NV,1,
Frankie's Tiki Room,Restaurants,Enterprise,XnXR4JGi5m5LyIG2OpQLAQ,6/23/2015,NV,1,197.57
Nora's Cuisine,Restaurants,Enterprise,JOu4EKGIVcm6WSShCjBf4Q,6/23/2015,NV,1,
Nora's Cuisine,Cafes,Enterprise,JOu4EKGIVcm6WSShCjBf4Q,6/23/2015,NV,1,
Nora's Cuisine,Bars,Enterprise,JOu4EKGIVcm6WSShCjBf4Q,6/23/2015,NV,1,30.74
The Chandelier,Bars,Enterprise,U3ESRt3OCiWSce0leUFJgg,6/23/2015,NV,1,
The Chandelier,Cafes,Enterprise,U3ESRt3OCiWSce0leUFJgg,6/23/2015,NV,1,
The Chandelier,Restaurants,Enterprise,U3ESRt3OCiWSce0leUFJgg,6/23/2015,NV,1,256.39
Brio Tuscan Grille,Cafes,Enterprise,yMwn3FX0HO_OU8KcwOcXeg,6/24/2015,NV,1,
Brio Tuscan Grille,Restaurants,Enterprise,yMwn3FX0HO_OU8KcwOcXeg,6/24/2015,NV,1,
Brio Tuscan Grille,Bars,Enterprise,yMwn3FX0HO_OU8KcwOcXeg,6/24/2015,NV,1,138.7
CUT,Bars,Enterprise,G0D9PxpdenszALnHqRT5ug,6/24/2015,NV,1,
CUT,Cafes,Enterprise,G0D9PxpdenszALnHqRT5ug,6/24/2015,NV,1,
CUT,Restaurants,Enterprise,G0D9PxpdenszALnHqRT5ug,6/24/2015,NV,1,138.6
CUT,Cafes,Enterprise,V0if1DQ0MaTY-shWddXCsA,6/24/2015,NV,1,
CUT,Bars,Enterprise,V0if1DQ0MaTY-shWddXCsA,6/24/2015,NV,1,
CUT,Restaurants,Enterprise,V0if1DQ0MaTY-shWddXCsA,6/24/2015,NV,1,188.87
Fat Tuesday,Bars,Enterprise,nG--zl-nL4iX5vU6TIDh9w,6/24/2015,NV,1,
Fat Tuesday,Cafes,Enterprise,nG--zl-nL4iX5vU6TIDh9w,6/24/2015,NV,1,
Fat Tuesday,Restaurants,Enterprise,nG--zl-nL4iX5vU6TIDh9w,6/24/2015,NV,1,103.81
Frankie's Tiki Room,Cafes,Enterprise,XWwGb9s879FxazVjkSdXjQ,6/24/2015,NV,1,
Frankie's Tiki Room,Bars,Enterprise,XWwGb9s879FxazVjkSdXjQ,6/24/2015,NV,1,
Frankie's Tiki Room,Restaurants,Enterprise,XWwGb9s879FxazVjkSdXjQ,6/24/2015,NV,1,255.07
SUSHISAMBA Las Vegas,Cafes,Enterprise,UBFOklzRQ27KeTD8zWTqOg,6/24/2015,NV,1,
SUSHISAMBA Las Vegas,Bars,Enterprise,UBFOklzRQ27KeTD8zWTqOg,6/24/2015,NV,1,
SUSHISAMBA Las Vegas,Restaurants,Enterprise,UBFOklzRQ27KeTD8zWTqOg,6/24/2015,NV,1,263.28
The Chandelier,Cafes,Enterprise,4IBXnq5ia-27waHfZYGilQ,6/24/2015,NV,1,
The Chandelier,Bars,Enterprise,4IBXnq5ia-27waHfZYGilQ,6/24/2015,NV,1,
The Chandelier,Restaurants,Enterprise,4IBXnq5ia-27waHfZYGilQ,6/24/2015,NV,1,-13.23
Margaritaville,Restaurants,Enterprise,_cdM8vgagBmo3S2PcAycYQ,6/25/2015,NV,1,
Margaritaville,Cafes,Enterprise,_cdM8vgagBmo3S2PcAycYQ,6/25/2015,NV,1,
Margaritaville,Bars,Enterprise,_cdM8vgagBmo3S2PcAycYQ,6/25/2015,NV,1,16.64
Nora's Cuisine,Restaurants,Enterprise,rzG4hD7FYVWkitB_2qLCsA,6/25/2015,NV,1,
Nora's Cuisine,Cafes,Enterprise,rzG4hD7FYVWkitB_2qLCsA,6/25/2015,NV,1,
Nora's Cuisine,Bars,Enterprise,rzG4hD7FYVWkitB_2qLCsA,6/25/2015,NV,1,35.25
Encore Beach Club,Restaurants,Enterprise,XWwGb9s879FxazVjkSdXjQ,6/26/2015,NV,1,
Encore Beach Club,Cafes,Enterprise,XWwGb9s879FxazVjkSdXjQ,6/26/2015,NV,1,
Encore Beach Club,Bars,Enterprise,XWwGb9s879FxazVjkSdXjQ,6/26/2015,NV,1,92.84
The Bagel Café,Bars,Enterprise,GXDpXErdVi_tmeYzVElDVQ,6/26/2015,NV,1,
The Bagel Café,Restaurants,Enterprise,GXDpXErdVi_tmeYzVElDVQ,6/26/2015,NV,1,
The Bagel Café,Cafes,Enterprise,GXDpXErdVi_tmeYzVElDVQ,6/26/2015,NV,1,20.24
The Peppermill Restaurant & Fireside Lounge,Cafes,Enterprise,iF5cI1t2kMtrIpm_iKdmeg,6/26/2015,NV,1,
The Peppermill Restaurant & Fireside Lounge,Bars,Enterprise,iF5cI1t2kMtrIpm_iKdmeg,6/26/2015,NV,1,
The Peppermill Restaurant & Fireside Lounge,Restaurants,Enterprise,iF5cI1t2kMtrIpm_iKdmeg,6/26/2015,NV,1,35.65
Fat Tuesday,Bars,Enterprise,u8TGzuh-mrJ8Qf5K-5tkpQ,6/27/2015,NV,1,
Fat Tuesday,Cafes,Enterprise,u8TGzuh-mrJ8Qf5K-5tkpQ,6/27/2015,NV,1,
Fat Tuesday,Restaurants,Enterprise,u8TGzuh-mrJ8Qf5K-5tkpQ,6/27/2015,NV,1,299.45
Scarpetta,Cafes,Enterprise,ge4wyrS6mZhtVdMM2lS1Pw,6/27/2015,NV,1,
Scarpetta,Restaurants,Enterprise,ge4wyrS6mZhtVdMM2lS1Pw,6/27/2015,NV,1,
Scarpetta,Bars,Enterprise,ge4wyrS6mZhtVdMM2lS1Pw,6/27/2015,NV,1,86.39
The Chandelier,Bars,Enterprise,2JLj9aVbyhl3_tPQtDurKg,6/27/2015,NV,1,
The Chandelier,Cafes,Enterprise,2JLj9aVbyhl3_tPQtDurKg,6/27/2015,NV,1,
The Chandelier,Restaurants,Enterprise,2JLj9aVbyhl3_tPQtDurKg,6/27/2015,NV,1,357.84
The Chandelier,Bars,Enterprise,nV8c9HTI1r5IpUB0Fr81Zw,6/27/2015,NV,1,
The Chandelier,Cafes,Enterprise,nV8c9HTI1r5IpUB0Fr81Zw,6/27/2015,NV,1,
The Chandelier,Restaurants,Enterprise,nV8c9HTI1r5IpUB0Fr81Zw,6/27/2015,NV,1,181.76
Fat Tuesday,Bars,Enterprise,fUlSAMFfewxaRY14Ib07uw,6/28/2015,NV,1,
Fat Tuesday,Cafes,Enterprise,fUlSAMFfewxaRY14Ib07uw,6/28/2015,NV,1,
Fat Tuesday,Restaurants,Enterprise,fUlSAMFfewxaRY14Ib07uw,6/28/2015,NV,1,131
Nora's Cuisine,Cafes,Enterprise,zzUcHAdUr5uLrKRfw8iIHQ,6/28/2015,NV,1,
Nora's Cuisine,Restaurants,Enterprise,zzUcHAdUr5uLrKRfw8iIHQ,6/28/2015,NV,1,
Nora's Cuisine,Bars,Enterprise,zzUcHAdUr5uLrKRfw8iIHQ,6/28/2015,NV,1,81.38
Encore Beach Club,Restaurants,Enterprise,tmuVweJdPKDnZGnQOq2L2Q,6/29/2015,NV,1,
Encore Beach Club,Cafes,Enterprise,tmuVweJdPKDnZGnQOq2L2Q,6/29/2015,NV,1,
Encore Beach Club,Bars,Enterprise,tmuVweJdPKDnZGnQOq2L2Q,6/29/2015,NV,1,-29.38
Fat Tuesday,Bars,Enterprise,yTnaf_b-RDlEzVmI2vaG7w,6/29/2015,NV,1,
Fat Tuesday,Cafes,Enterprise,yTnaf_b-RDlEzVmI2vaG7w,6/29/2015,NV,1,
Fat Tuesday,Restaurants,Enterprise,yTnaf_b-RDlEzVmI2vaG7w,6/29/2015,NV,1,214.11
LAVO Italian Restaurant & Lounge,Cafes,Enterprise,vuvaXKLJzBantHpRwggJuQ,6/29/2015,NV,1,
LAVO Italian Restaurant & Lounge,Restaurants,Enterprise,vuvaXKLJzBantHpRwggJuQ,6/29/2015,NV,1,
LAVO Italian Restaurant & Lounge,Bars,Enterprise,vuvaXKLJzBantHpRwggJuQ,6/29/2015,NV,1,68.04
LAVO Italian Restaurant & Lounge,Cafes,Enterprise,yRx0_IXxloSC5EWm5337BA,6/29/2015,NV,1,
LAVO Italian Restaurant & Lounge,Restaurants,Enterprise,yRx0_IXxloSC5EWm5337BA,6/29/2015,NV,1,
LAVO Italian Restaurant & Lounge,Bars,Enterprise,yRx0_IXxloSC5EWm5337BA,6/29/2015,NV,1,87.67
Scarpetta,Cafes,Enterprise,QysqYBhJITb5q1afDpsN6w,6/29/2015,NV,1,
Scarpetta,Restaurants,Enterprise,QysqYBhJITb5q1afDpsN6w,6/29/2015,NV,1,
Scarpetta,Bars,Enterprise,QysqYBhJITb5q1afDpsN6w,6/29/2015,NV,1,10.36
The Bagel Café,Bars,Enterprise,hNqEqYaRD_wLgShfn0Kv4Q,6/29/2015,NV,1,
The Bagel Café,Restaurants,Enterprise,hNqEqYaRD_wLgShfn0Kv4Q,6/29/2015,NV,1,
The Bagel Café,Cafes,Enterprise,hNqEqYaRD_wLgShfn0Kv4Q,6/29/2015,NV,1,28.39
The Bagel Café,Bars,Enterprise,RbuRUPyuq5--Y9HYbR0cbQ,6/29/2015,NV,1,
The Bagel Café,Restaurants,Enterprise,RbuRUPyuq5--Y9HYbR0cbQ,6/29/2015,NV,1,
The Bagel Café,Cafes,Enterprise,RbuRUPyuq5--Y9HYbR0cbQ,6/29/2015,NV,1,39.38
The Chandelier,Cafes,Enterprise,s5TKbtPmScdaT1XepvdcAg,6/29/2015,NV,1,
The Chandelier,Bars,Enterprise,s5TKbtPmScdaT1XepvdcAg,6/29/2015,NV,1,
The Chandelier,Restaurants,Enterprise,s5TKbtPmScdaT1XepvdcAg,6/29/2015,NV,1,188.02
CUT,Cafes,Enterprise,74kScmJ5DTE-o8TF9dU2Og,6/30/2015,NV,1,
CUT,Bars,Enterprise,74kScmJ5DTE-o8TF9dU2Og,6/30/2015,NV,1,
CUT,Restaurants,Enterprise,74kScmJ5DTE-o8TF9dU2Og,6/30/2015,NV,1,146.76
CUT,Bars,Enterprise,iAfl4oFawCiGYCHFOPvLAA,6/30/2015,NV,1,
CUT,Cafes,Enterprise,iAfl4oFawCiGYCHFOPvLAA,6/30/2015,NV,1,
CUT,Restaurants,Enterprise,iAfl4oFawCiGYCHFOPvLAA,6/30/2015,NV,1,145.15
Frankie's Tiki Room,Cafes,Enterprise,dt-PrUupgaDK5qZccBdT9w,6/30/2015,NV,1,
Frankie's Tiki Room,Bars,Enterprise,dt-PrUupgaDK5qZccBdT9w,6/30/2015,NV,1,
Frankie's Tiki Room,Restaurants,Enterprise,dt-PrUupgaDK5qZccBdT9w,6/30/2015,NV,1,256.42
Nora's Cuisine,Cafes,Enterprise,XNLDwA8xzh7aKLG9y8lbgg,6/30/2015,NV,1,
Nora's Cuisine,Restaurants,Enterprise,XNLDwA8xzh7aKLG9y8lbgg,6/30/2015,NV,1,
Nora's Cuisine,Bars,Enterprise,XNLDwA8xzh7aKLG9y8lbgg,6/30/2015,NV,1,60.02
SUSHISAMBA Las Vegas,Cafes,Enterprise,lScAaXwR6TeiH59Hv2vjPQ,6/30/2015,NV,1,
SUSHISAMBA Las Vegas,Bars,Enterprise,lScAaXwR6TeiH59Hv2vjPQ,6/30/2015,NV,1,
SUSHISAMBA Las Vegas,Restaurants,Enterprise,lScAaXwR6TeiH59Hv2vjPQ,6/30/2015,NV,1,33.41
The Chandelier,Bars,Enterprise,J72hf_DSYNo0IbvgxVCp1w,6/30/2015,NV,1,
The Chandelier,Cafes,Enterprise,J72hf_DSYNo0IbvgxVCp1w,6/30/2015,NV,1,
The Chandelier,Restaurants,Enterprise,J72hf_DSYNo0IbvgxVCp1w,6/30/2015,NV,1,231.59
The Chandelier,Cafes,Enterprise,wtPpWbV7llbhNQj5ELkBiQ,6/30/2015,NV,1,
The Chandelier,Bars,Enterprise,wtPpWbV7llbhNQj5ELkBiQ,6/30/2015,NV,1,
The Chandelier,Restaurants,Enterprise,wtPpWbV7llbhNQj5ELkBiQ,6/30/2015,NV,1,216.05
CUT,Bars,Enterprise,BripuS4ZR94dXVNkr01sfw,7/1/2015,NV,1,
CUT,Cafes,Enterprise,BripuS4ZR94dXVNkr01sfw,7/1/2015,NV,1,
CUT,Restaurants,Enterprise,BripuS4ZR94dXVNkr01sfw,7/1/2015,NV,1,316.82
Margaritaville,Cafes,Enterprise,1-nRAH7_dAvs3IFsGXzHgg,7/1/2015,NV,1,
Margaritaville,Restaurants,Enterprise,1-nRAH7_dAvs3IFsGXzHgg,7/1/2015,NV,1,
Margaritaville,Bars,Enterprise,1-nRAH7_dAvs3IFsGXzHgg,7/1/2015,NV,1,83.41
The Bagel Café,Bars,Enterprise,0xBVXB3C8T2xsQ01sFRfKQ,7/1/2015,NV,1,
The Bagel Café,Restaurants,Enterprise,0xBVXB3C8T2xsQ01sFRfKQ,7/1/2015,NV,1,
The Bagel Café,Cafes,Enterprise,0xBVXB3C8T2xsQ01sFRfKQ,7/1/2015,NV,1,6.77
The Chandelier,Bars,Enterprise,_jnBqACim-UgCQxO73de_w,7/1/2015,NV,1,
The Chandelier,Cafes,Enterprise,_jnBqACim-UgCQxO73de_w,7/1/2015,NV,1,
The Chandelier,Restaurants,Enterprise,_jnBqACim-UgCQxO73de_w,7/1/2015,NV,1,141.33
The Peppermill Restaurant & Fireside Lounge,Bars,Enterprise,UBFOklzRQ27KeTD8zWTqOg,7/1/2015,NV,1,
The Peppermill Restaurant & Fireside Lounge,Cafes,Enterprise,UBFOklzRQ27KeTD8zWTqOg,7/1/2015,NV,1,
The Peppermill Restaurant & Fireside Lounge,Restaurants,Enterprise,UBFOklzRQ27KeTD8zWTqOg,7/1/2015,NV,1,88.67
Fat Tuesday,Cafes,Enterprise,OldskeQ-d3sonyBvgqP5fQ,7/2/2015,NV,1,
Fat Tuesday,Bars,Enterprise,OldskeQ-d3sonyBvgqP5fQ,7/2/2015,NV,1,
Fat Tuesday,Restaurants,Enterprise,OldskeQ-d3sonyBvgqP5fQ,7/2/2015,NV,1,72.32
Fat Tuesday,Cafes,Enterprise,Ps9ZNj0VkU7TO3yzi9f1SA,7/2/2015,NV,1,
Fat Tuesday,Bars,Enterprise,Ps9ZNj0VkU7TO3yzi9f1SA,7/2/2015,NV,1,
Fat Tuesday,Restaurants,Enterprise,Ps9ZNj0VkU7TO3yzi9f1SA,7/2/2015,NV,1,197.55
Frankie's Tiki Room,Bars,Enterprise,ddKobMKnrSfWPCnedHLjXA,7/2/2015,NV,1,
Frankie's Tiki Room,Cafes,Enterprise,ddKobMKnrSfWPCnedHLjXA,7/2/2015,NV,1,
Frankie's Tiki Room,Restaurants,Enterprise,ddKobMKnrSfWPCnedHLjXA,7/2/2015,NV,1,50.67
Frankie's Tiki Room,Bars,Enterprise,rR-o9W6QvZ8fOiua5lJlIQ,7/2/2015,NV,1,
Frankie's Tiki Room,Cafes,Enterprise,rR-o9W6QvZ8fOiua5lJlIQ,7/2/2015,NV,1,
Frankie's Tiki Room,Restaurants,Enterprise,rR-o9W6QvZ8fOiua5lJlIQ,7/2/2015,NV,1,187.44
LAVO Italian Restaurant & Lounge,Restaurants,Enterprise,7-zMaU9rwUo0yl2f6uM60w,7/2/2015,NV,1,
LAVO Italian Restaurant & Lounge,Cafes,Enterprise,7-zMaU9rwUo0yl2f6uM60w,7/2/2015,NV,1,
LAVO Italian Restaurant & Lounge,Bars,Enterprise,7-zMaU9rwUo0yl2f6uM60w,7/2/2015,NV,1,35.36
SUSHISAMBA Las Vegas,Cafes,Enterprise,bzAZl9i3jNCsk90uYTB_AA,7/2/2015,NV,1,
SUSHISAMBA Las Vegas,Bars,Enterprise,bzAZl9i3jNCsk90uYTB_AA,7/2/2015,NV,1,
SUSHISAMBA Las Vegas,Restaurants,Enterprise,bzAZl9i3jNCsk90uYTB_AA,7/2/2015,NV,1,300.61
SUSHISAMBA Las Vegas,Cafes,Enterprise,rR-o9W6QvZ8fOiua5lJlIQ,7/2/2015,NV,1,
SUSHISAMBA Las Vegas,Bars,Enterprise,rR-o9W6QvZ8fOiua5lJlIQ,7/2/2015,NV,1,
SUSHISAMBA Las Vegas,Restaurants,Enterprise,rR-o9W6QvZ8fOiua5lJlIQ,7/2/2015,NV,1,157.08
The Bagel Café,Bars,Enterprise,7GHvfyoq2xF-hsOLKrZf_A,7/2/2015,NV,1,
The Bagel Café,Restaurants,Enterprise,7GHvfyoq2xF-hsOLKrZf_A,7/2/2015,NV,1,
The Bagel Café,Cafes,Enterprise,7GHvfyoq2xF-hsOLKrZf_A,7/2/2015,NV,1,31.95
Frankie's Tiki Room,Bars,Enterprise,oOk8F07adAgPSZhMYVmbsQ,7/3/2015,NV,1,
Frankie's Tiki Room,Cafes,Enterprise,oOk8F07adAgPSZhMYVmbsQ,7/3/2015,NV,1,
Frankie's Tiki Room,Restaurants,Enterprise,oOk8F07adAgPSZhMYVmbsQ,7/3/2015,NV,1,252.98
SUSHISAMBA Las Vegas,Bars,Enterprise,B74-fRrzGkBWlxK3oiVCqQ,7/3/2015,NV,1,
SUSHISAMBA Las Vegas,Cafes,Enterprise,B74-fRrzGkBWlxK3oiVCqQ,7/3/2015,NV,1,
SUSHISAMBA Las Vegas,Restaurants,Enterprise,B74-fRrzGkBWlxK3oiVCqQ,7/3/2015,NV,1,136.3
Nora's Cuisine,Restaurants,Paradise,PXAIu1h0kt2rqwYbup7NjQ,7/3/2015,NV,1,
Nora's Cuisine,Cafes,Paradise,PXAIu1h0kt2rqwYbup7NjQ,7/3/2015,NV,1,
Nora's Cuisine,Bars,Paradise,PXAIu1h0kt2rqwYbup7NjQ,7/3/2015,NV,1,32.72
SUSHISAMBA Las Vegas,Bars,Paradise,OldskeQ-d3sonyBvgqP5fQ,7/3/2015,NV,1,
SUSHISAMBA Las Vegas,Cafes,Paradise,OldskeQ-d3sonyBvgqP5fQ,7/3/2015,NV,1,
SUSHISAMBA Las Vegas,Restaurants,Paradise,OldskeQ-d3sonyBvgqP5fQ,7/3/2015,NV,1,301.14
The Chandelier,Bars,Paradise,ac-LWMXfGE0ZMChLhYqnnA,7/3/2015,NV,1,
The Chandelier,Cafes,Paradise,ac-LWMXfGE0ZMChLhYqnnA,7/3/2015,NV,1,
The Chandelier,Restaurants,Paradise,ac-LWMXfGE0ZMChLhYqnnA,7/3/2015,NV,1,158.68
LAVO Italian Restaurant & Lounge,Cafes,Paradise,Eh0AeiR60UXHsVCaVfwDpw,7/4/2015,NV,1,
LAVO Italian Restaurant & Lounge,Restaurants,Paradise,Eh0AeiR60UXHsVCaVfwDpw,7/4/2015,NV,1,
LAVO Italian Restaurant & Lounge,Bars,Paradise,Eh0AeiR60UXHsVCaVfwDpw,7/4/2015,NV,1,29.45
Scarpetta,Cafes,Paradise,U3ESRt3OCiWSce0leUFJgg,7/4/2015,NV,1,
Scarpetta,Restaurants,Paradise,U3ESRt3OCiWSce0leUFJgg,7/4/2015,NV,1,
Scarpetta,Bars,Paradise,U3ESRt3OCiWSce0leUFJgg,7/4/2015,NV,1,29.04
The Bagel Café,Restaurants,Paradise,OVkhCFhx4gk07t3DrkJm6w,7/4/2015,NV,1,
The Bagel Café,Bars,Paradise,OVkhCFhx4gk07t3DrkJm6w,7/4/2015,NV,1,
The Bagel Café,Cafes,Paradise,OVkhCFhx4gk07t3DrkJm6w,7/4/2015,NV,1,27.44
CUT,Bars,Paradise,eqiD-ji_iVAIK8JTJ4183g,7/5/2015,NV,1,
CUT,Cafes,Paradise,eqiD-ji_iVAIK8JTJ4183g,7/5/2015,NV,1,
CUT,Restaurants,Paradise,eqiD-ji_iVAIK8JTJ4183g,7/5/2015,NV,1,217.59
Fat Tuesday,Bars,Paradise,Se1AMR9v_hWsAmM8utOkwg,7/5/2015,NV,1,
Fat Tuesday,Cafes,Paradise,Se1AMR9v_hWsAmM8utOkwg,7/5/2015,NV,1,
Fat Tuesday,Restaurants,Paradise,Se1AMR9v_hWsAmM8utOkwg,7/5/2015,NV,1,109.6
SUSHISAMBA Las Vegas,Bars,Paradise,S0yRUj8IbVjO_2tT66DyQw,7/5/2015,NV,1,
SUSHISAMBA Las Vegas,Cafes,Paradise,S0yRUj8IbVjO_2tT66DyQw,7/5/2015,NV,1,
SUSHISAMBA Las Vegas,Restaurants,Paradise,S0yRUj8IbVjO_2tT66DyQw,7/5/2015,NV,1,340.97
Fat Tuesday,Bars,Paradise,VyKzQ4NQjmSdi4kQBdCkjQ,7/6/2015,NV,1,
Fat Tuesday,Cafes,Paradise,VyKzQ4NQjmSdi4kQBdCkjQ,7/6/2015,NV,1,
Fat Tuesday,Restaurants,Paradise,VyKzQ4NQjmSdi4kQBdCkjQ,7/6/2015,NV,1,219.16
The Bagel Café,Bars,Paradise,c8kypFrsThVrZHKfv1KIeg,7/6/2015,NV,1,
The Bagel Café,Restaurants,Paradise,c8kypFrsThVrZHKfv1KIeg,7/6/2015,NV,1,
The Bagel Café,Cafes,Paradise,c8kypFrsThVrZHKfv1KIeg,7/6/2015,NV,1,17.74
The Bagel Café,Restaurants,Paradise,ibOgVlxQxJAijBaQnyoGeg,7/6/2015,NV,1,
The Bagel Café,Bars,Paradise,ibOgVlxQxJAijBaQnyoGeg,7/6/2015,NV,1,
The Bagel Café,Cafes,Paradise,ibOgVlxQxJAijBaQnyoGeg,7/6/2015,NV,1,20.32
The Peppermill Restaurant & Fireside Lounge,Cafes,Paradise,fnN0o9UG-3x1URk0sf16pQ,7/6/2015,NV,1,
The Peppermill Restaurant & Fireside Lounge,Bars,Paradise,fnN0o9UG-3x1URk0sf16pQ,7/6/2015,NV,1,
The Peppermill Restaurant & Fireside Lounge,Restaurants,Paradise,fnN0o9UG-3x1URk0sf16pQ,7/6/2015,NV,1,160.3
Fat Tuesday,Cafes,Paradise,ac-LWMXfGE0ZMChLhYqnnA,7/7/2015,NV,1,
Fat Tuesday,Bars,Paradise,ac-LWMXfGE0ZMChLhYqnnA,7/7/2015,NV,1,
Fat Tuesday,Restaurants,Paradise,ac-LWMXfGE0ZMChLhYqnnA,7/7/2015,NV,1,224.04
Frankie's Tiki Room,Bars,Paradise,jGuCy1xZnpIE0xppbfBlTg,7/7/2015,NV,1,
Frankie's Tiki Room,Cafes,Paradise,jGuCy1xZnpIE0xppbfBlTg,7/7/2015,NV,1,
Frankie's Tiki Room,Restaurants,Paradise,jGuCy1xZnpIE0xppbfBlTg,7/7/2015,NV,1,153.91
Scarpetta,Cafes,Paradise,x62y_SLT51mV0VohOYVD0Q,7/7/2015,NV,1,
Scarpetta,Restaurants,Paradise,x62y_SLT51mV0VohOYVD0Q,7/7/2015,NV,1,
Scarpetta,Bars,Paradise,x62y_SLT51mV0VohOYVD0Q,7/7/2015,NV,1,54.69
Brio Tuscan Grille,Cafes,Paradise,RjsXNuzUOjOhKUQPakLGoA,7/8/2015,NV,1,
Brio Tuscan Grille,Restaurants,Paradise,RjsXNuzUOjOhKUQPakLGoA,7/8/2015,NV,1,
Brio Tuscan Grille,Bars,Paradise,RjsXNuzUOjOhKUQPakLGoA,7/8/2015,NV,1,33.65
CUT,Cafes,Paradise,Qw_d8QV6_B6Ztre-X8L8cA,7/8/2015,NV,1,
CUT,Bars,Paradise,Qw_d8QV6_B6Ztre-X8L8cA,7/8/2015,NV,1,
CUT,Restaurants,Paradise,Qw_d8QV6_B6Ztre-X8L8cA,7/8/2015,NV,1,46.73
SUSHISAMBA Las Vegas,Bars,Paradise,B74-fRrzGkBWlxK3oiVCqQ,7/8/2015,NV,1,
SUSHISAMBA Las Vegas,Cafes,Paradise,B74-fRrzGkBWlxK3oiVCqQ,7/8/2015,NV,1,
SUSHISAMBA Las Vegas,Restaurants,Paradise,B74-fRrzGkBWlxK3oiVCqQ,7/8/2015,NV,1,208.89
SUSHISAMBA Las Vegas,Bars,Paradise,lScAaXwR6TeiH59Hv2vjPQ,7/8/2015,NV,1,
SUSHISAMBA Las Vegas,Cafes,Paradise,lScAaXwR6TeiH59Hv2vjPQ,7/8/2015,NV,1,
SUSHISAMBA Las Vegas,Restaurants,Paradise,lScAaXwR6TeiH59Hv2vjPQ,7/8/2015,NV,1,41.39
The Chandelier,Bars,Paradise,Ou-6mRvOl4eUXiQFFGs_8A,7/8/2015,NV,1,
The Chandelier,Cafes,Paradise,Ou-6mRvOl4eUXiQFFGs_8A,7/8/2015,NV,1,
The Chandelier,Restaurants,Paradise,Ou-6mRvOl4eUXiQFFGs_8A,7/8/2015,NV,1,360.58
CUT,Bars,Paradise,Czjybxlx-Pse-H4oK8Upww,7/9/2015,NV,1,
CUT,Cafes,Paradise,Czjybxlx-Pse-H4oK8Upww,7/9/2015,NV,1,
CUT,Restaurants,Paradise,Czjybxlx-Pse-H4oK8Upww,7/9/2015,NV,1,255.6
Frankie's Tiki Room,Cafes,Paradise,aAsxorMmHDNmZfx43h2rEA,7/9/2015,NV,1,
Frankie's Tiki Room,Bars,Paradise,aAsxorMmHDNmZfx43h2rEA,7/9/2015,NV,1,
Frankie's Tiki Room,Restaurants,Paradise,aAsxorMmHDNmZfx43h2rEA,7/9/2015,NV,1,280.19
LAVO Italian Restaurant & Lounge,Cafes,Paradise,lWnfftrLaqkPRBEolYTgxw,7/9/2015,NV,1,
LAVO Italian Restaurant & Lounge,Restaurants,Paradise,lWnfftrLaqkPRBEolYTgxw,7/9/2015,NV,1,
LAVO Italian Restaurant & Lounge,Bars,Paradise,lWnfftrLaqkPRBEolYTgxw,7/9/2015,NV,1,43.69
Scarpetta,Cafes,Paradise,pkgYy4PBrVCT6H0sILmTvA,7/9/2015,NV,1,
Scarpetta,Restaurants,Paradise,pkgYy4PBrVCT6H0sILmTvA,7/9/2015,NV,1,
Scarpetta,Bars,Paradise,pkgYy4PBrVCT6H0sILmTvA,7/9/2015,NV,1,141.32
The Peppermill Restaurant & Fireside Lounge,Cafes,Paradise,rM2EgDABupC_yKwqICDS0g,7/9/2015,NV,1,
The Peppermill Restaurant & Fireside Lounge,Bars,Paradise,rM2EgDABupC_yKwqICDS0g,7/9/2015,NV,1,
The Peppermill Restaurant & Fireside Lounge,Restaurants,Paradise,rM2EgDABupC_yKwqICDS0g,7/9/2015,NV,1,231.67
CUT,Cafes,Paradise,U_pYV7n7cY2eGeDBwDsqSQ,7/10/2015,NV,1,
CUT,Bars,Paradise,U_pYV7n7cY2eGeDBwDsqSQ,7/10/2015,NV,1,
CUT,Restaurants,Paradise,U_pYV7n7cY2eGeDBwDsqSQ,7/10/2015,NV,1,253.34
LAVO Italian Restaurant & Lounge,Restaurants,Paradise,FbvuZyo2VRAq0XL3UOy_Zw,7/10/2015,NV,1,
LAVO Italian Restaurant & Lounge,Cafes,Paradise,FbvuZyo2VRAq0XL3UOy_Zw,7/10/2015,NV,1,
LAVO Italian Restaurant & Lounge,Bars,Paradise,FbvuZyo2VRAq0XL3UOy_Zw,7/10/2015,NV,1,87.74
Nora's Cuisine,Restaurants,Paradise,jmA0PBDcPDW9S83sLYRieg,7/10/2015,NV,1,
Nora's Cuisine,Cafes,Paradise,jmA0PBDcPDW9S83sLYRieg,7/10/2015,NV,1,
Nora's Cuisine,Bars,Paradise,jmA0PBDcPDW9S83sLYRieg,7/10/2015,NV,1,66.91
LAVO Italian Restaurant & Lounge,Restaurants,Paradise,suw9CykTih09bqeA-L6d_w,7/11/2015,NV,1,
LAVO Italian Restaurant & Lounge,Cafes,Paradise,suw9CykTih09bqeA-L6d_w,7/11/2015,NV,1,
LAVO Italian Restaurant & Lounge,Bars,Paradise,suw9CykTih09bqeA-L6d_w,7/11/2015,NV,1,93.39
SUSHISAMBA Las Vegas,Cafes,Paradise,BripuS4ZR94dXVNkr01sfw,7/11/2015,NV,1,
SUSHISAMBA Las Vegas,Bars,Paradise,BripuS4ZR94dXVNkr01sfw,7/11/2015,NV,1,
SUSHISAMBA Las Vegas,Restaurants,Paradise,BripuS4ZR94dXVNkr01sfw,7/11/2015,NV,1,94.59
SUSHISAMBA Las Vegas,Bars,Paradise,vyiHjaQlESGcXgEfEmH4ow,7/11/2015,NV,1,
SUSHISAMBA Las Vegas,Cafes,Paradise,vyiHjaQlESGcXgEfEmH4ow,7/11/2015,NV,1,
SUSHISAMBA Las Vegas,Restaurants,Paradise,vyiHjaQlESGcXgEfEmH4ow,7/11/2015,NV,1,255.86
CUT,Bars,Paradise,spZ06v78ERelJilKdQETuA,7/12/2015,NV,1,
CUT,Cafes,Paradise,spZ06v78ERelJilKdQETuA,7/12/2015,NV,1,
CUT,Restaurants,Paradise,spZ06v78ERelJilKdQETuA,7/12/2015,NV,1,204.4
LAVO Italian Restaurant & Lounge,Restaurants,Paradise,n6sFrQYz44nppbvriY36mg,7/12/2015,NV,1,
LAVO Italian Restaurant & Lounge,Cafes,Paradise,n6sFrQYz44nppbvriY36mg,7/12/2015,NV,1,
LAVO Italian Restaurant & Lounge,Bars,Paradise,n6sFrQYz44nppbvriY36mg,7/12/2015,NV,1,60.08
Nora's Cuisine,Restaurants,Paradise,ia1nTRAQEaFWv0cwADeK7g,7/12/2015,NV,1,
Nora's Cuisine,Cafes,Paradise,ia1nTRAQEaFWv0cwADeK7g,7/12/2015,NV,1,
Nora's Cuisine,Bars,Paradise,ia1nTRAQEaFWv0cwADeK7g,7/12/2015,NV,1,48.13
SUSHISAMBA Las Vegas,Bars,Paradise,UTtK5S4o7yhHsNcPMI9RMg,7/12/2015,NV,1,
SUSHISAMBA Las Vegas,Cafes,Paradise,UTtK5S4o7yhHsNcPMI9RMg,7/12/2015,NV,1,
SUSHISAMBA Las Vegas,Restaurants,Paradise,UTtK5S4o7yhHsNcPMI9RMg,7/12/2015,NV,1,108.37
The Chandelier,Bars,Paradise,STcCu-FCjB4gjMRkMb_B3Q,7/12/2015,NV,1,
The Chandelier,Cafes,Paradise,STcCu-FCjB4gjMRkMb_B3Q,7/12/2015,NV,1,
The Chandelier,Restaurants,Paradise,STcCu-FCjB4gjMRkMb_B3Q,7/12/2015,NV,1,112.8
Brio Tuscan Grille,Cafes,Paradise,L79wA5De6GOzt5ilTJfIUA,7/13/2015,NV,1,
Brio Tuscan Grille,Restaurants,Paradise,L79wA5De6GOzt5ilTJfIUA,7/13/2015,NV,1,
Brio Tuscan Grille,Bars,Paradise,L79wA5De6GOzt5ilTJfIUA,7/13/2015,NV,1,51.02
Frankie's Tiki Room,Cafes,Paradise,jZorX8qv1Wc5DjAtHGPUlQ,7/13/2015,NV,1,
Frankie's Tiki Room,Bars,Paradise,jZorX8qv1Wc5DjAtHGPUlQ,7/13/2015,NV,1,
Frankie's Tiki Room,Restaurants,Paradise,jZorX8qv1Wc5DjAtHGPUlQ,7/13/2015,NV,1,242.67
The Bagel Café,Restaurants,Paradise,VQn4csaGtX0mhr-VaZzREg,7/13/2015,NV,1,
The Bagel Café,Bars,Paradise,VQn4csaGtX0mhr-VaZzREg,7/13/2015,NV,1,
The Bagel Café,Cafes,Paradise,VQn4csaGtX0mhr-VaZzREg,7/13/2015,NV,1,16.09
Brio Tuscan Grille,Cafes,Paradise,v5FYNoU_9P2OCCnFxTUWTQ,7/14/2015,NV,1,
Brio Tuscan Grille,Restaurants,Paradise,v5FYNoU_9P2OCCnFxTUWTQ,7/14/2015,NV,1,
Brio Tuscan Grille,Bars,Paradise,v5FYNoU_9P2OCCnFxTUWTQ,7/14/2015,NV,1,34.09
The Bagel Café,Bars,Paradise,zygy-qHElFDG119i_64WFA,7/14/2015,NV,1,
The Bagel Café,Restaurants,Paradise,zygy-qHElFDG119i_64WFA,7/14/2015,NV,1,
The Bagel Café,Cafes,Paradise,zygy-qHElFDG119i_64WFA,7/14/2015,NV,1,18.09
Frankie's Tiki Room,Cafes,Paradise,_6bFXoUrzam_1SzP3bFLXA,7/15/2015,NV,1,
Frankie's Tiki Room,Bars,Paradise,_6bFXoUrzam_1SzP3bFLXA,7/15/2015,NV,1,
Frankie's Tiki Room,Restaurants,Paradise,_6bFXoUrzam_1SzP3bFLXA,7/15/2015,NV,1,141.08
Nora's Cuisine,Restaurants,Paradise,r7y8qGL4Y7M4FlZq39_UGA,7/15/2015,NV,1,
Nora's Cuisine,Cafes,Paradise,r7y8qGL4Y7M4FlZq39_UGA,7/15/2015,NV,1,
Nora's Cuisine,Bars,Paradise,r7y8qGL4Y7M4FlZq39_UGA,7/15/2015,NV,1,84.78
SUSHISAMBA Las Vegas,Cafes,Paradise,N9G69VkLMihbHdoUzbeM1Q,7/15/2015,NV,1,
SUSHISAMBA Las Vegas,Bars,Paradise,N9G69VkLMihbHdoUzbeM1Q,7/15/2015,NV,1,
SUSHISAMBA Las Vegas,Restaurants,Paradise,N9G69VkLMihbHdoUzbeM1Q,7/15/2015,NV,1,81.27
The Bagel Café,Restaurants,Paradise,AdFpuH7MSin8cKmpT3IbCA,7/15/2015,NV,1,
The Bagel Café,Bars,Paradise,AdFpuH7MSin8cKmpT3IbCA,7/15/2015,NV,1,
The Bagel Café,Cafes,Paradise,AdFpuH7MSin8cKmpT3IbCA,7/15/2015,NV,1,29.72
The Chandelier,Bars,Paradise,xBTW76iI6Nos0l1SBbDZSg,7/15/2015,NV,1,
The Chandelier,Cafes,Paradise,xBTW76iI6Nos0l1SBbDZSg,7/15/2015,NV,1,
The Chandelier,Restaurants,Paradise,xBTW76iI6Nos0l1SBbDZSg,7/15/2015,NV,1,88.19
The Peppermill Restaurant & Fireside Lounge,Bars,Paradise,SbswkOtNr4DCbQtPP54v9g,7/15/2015,NV,1,
The Peppermill Restaurant & Fireside Lounge,Cafes,Paradise,SbswkOtNr4DCbQtPP54v9g,7/15/2015,NV,1,
The Peppermill Restaurant & Fireside Lounge,Restaurants,Paradise,SbswkOtNr4DCbQtPP54v9g,7/15/2015,NV,1,180.7
Nora's Cuisine,Restaurants,Paradise,4HvItBajnIkyQQEqfMf4gg,7/16/2015,NV,1,
Nora's Cuisine,Cafes,Paradise,4HvItBajnIkyQQEqfMf4gg,7/16/2015,NV,1,
Nora's Cuisine,Bars,Paradise,4HvItBajnIkyQQEqfMf4gg,7/16/2015,NV,1,49.25
The Chandelier,Cafes,Paradise,XPcjdBjad9K6g-_exTAc1A,7/16/2015,NV,1,
The Chandelier,Bars,Paradise,XPcjdBjad9K6g-_exTAc1A,7/16/2015,NV,1,
The Chandelier,Restaurants,Paradise,XPcjdBjad9K6g-_exTAc1A,7/16/2015,NV,1,265
The Peppermill Restaurant & Fireside Lounge,Bars,Paradise,L-kiY8WvsrIzcyFvJtpGVQ,7/16/2015,NV,1,
The Peppermill Restaurant & Fireside Lounge,Cafes,Paradise,L-kiY8WvsrIzcyFvJtpGVQ,7/16/2015,NV,1,
The Peppermill Restaurant & Fireside Lounge,Restaurants,Paradise,L-kiY8WvsrIzcyFvJtpGVQ,7/16/2015,NV,1,110.61
Frankie's Tiki Room,Cafes,Paradise,ugMQjVWUnW_3An7fJEMLbw,7/17/2015,NV,1,
Frankie's Tiki Room,Bars,Paradise,ugMQjVWUnW_3An7fJEMLbw,7/17/2015,NV,1,
Frankie's Tiki Room,Restaurants,Paradise,ugMQjVWUnW_3An7fJEMLbw,7/17/2015,NV,1,337.44
LAVO Italian Restaurant & Lounge,Cafes,Paradise,UyOxJBlR3L_yU-e9QPpvXw,7/17/2015,NV,1,
LAVO Italian Restaurant & Lounge,Restaurants,Paradise,UyOxJBlR3L_yU-e9QPpvXw,7/17/2015,NV,1,
LAVO Italian Restaurant & Lounge,Bars,Paradise,UyOxJBlR3L_yU-e9QPpvXw,7/17/2015,NV,1,31.69
Margaritaville,Restaurants,Paradise,dqggaKO1B0z5oga264VgXA,7/17/2015,NV,1,
Margaritaville,Cafes,Paradise,dqggaKO1B0z5oga264VgXA,7/17/2015,NV,1,
Margaritaville,Bars,Paradise,dqggaKO1B0z5oga264VgXA,7/17/2015,NV,1,25.09
The Bagel Café,Restaurants,Paradise,XgIhw-aWaq_Fx3ZVQGjnuA,7/17/2015,NV,1,
The Bagel Café,Bars,Paradise,XgIhw-aWaq_Fx3ZVQGjnuA,7/17/2015,NV,1,
The Bagel Café,Cafes,Paradise,XgIhw-aWaq_Fx3ZVQGjnuA,7/17/2015,NV,1,17.87
The Chandelier,Bars,Paradise,So5HMCXthdTWncE5S4FevQ,7/17/2015,NV,1,
The Chandelier,Cafes,Paradise,So5HMCXthdTWncE5S4FevQ,7/17/2015,NV,1,
The Chandelier,Restaurants,Paradise,So5HMCXthdTWncE5S4FevQ,7/17/2015,NV,1,152.31
CUT,Cafes,Paradise,nV8c9HTI1r5IpUB0Fr81Zw,7/18/2015,NV,1,
CUT,Bars,Paradise,nV8c9HTI1r5IpUB0Fr81Zw,7/18/2015,NV,1,
CUT,Restaurants,Paradise,nV8c9HTI1r5IpUB0Fr81Zw,7/18/2015,NV,1,205.98
CUT,Bars,Paradise,JkSMEIzRsSeREHHIC4AAIQ,7/19/2015,NV,1,
CUT,Cafes,Paradise,JkSMEIzRsSeREHHIC4AAIQ,7/19/2015,NV,1,
CUT,Restaurants,Paradise,JkSMEIzRsSeREHHIC4AAIQ,7/19/2015,NV,1,163.41
Fat Tuesday,Cafes,Paradise,XYLZ7sjQR18XtngHTC05Xw,7/19/2015,NV,1,
Fat Tuesday,Bars,Paradise,XYLZ7sjQR18XtngHTC05Xw,7/19/2015,NV,1,
Fat Tuesday,Restaurants,Paradise,XYLZ7sjQR18XtngHTC05Xw,7/19/2015,NV,1,227.5
Fat Tuesday,Cafes,Paradise,M_xgfzNiYDvP5oVad2OhCA,7/20/2015,NV,1,
Fat Tuesday,Bars,Paradise,M_xgfzNiYDvP5oVad2OhCA,7/20/2015,NV,1,
Fat Tuesday,Restaurants,Paradise,M_xgfzNiYDvP5oVad2OhCA,7/20/2015,NV,1,176.98
Fat Tuesday,Cafes,Paradise,PuOB5r52nV70LXObXyOwuA,7/20/2015,NV,1,
Fat Tuesday,Bars,Paradise,PuOB5r52nV70LXObXyOwuA,7/20/2015,NV,1,
Fat Tuesday,Restaurants,Paradise,PuOB5r52nV70LXObXyOwuA,7/20/2015,NV,1,116.4
Fat Tuesday,Cafes,Paradise,UYz4tg3n09LITyTHJmm9Uw,7/20/2015,NV,1,
Fat Tuesday,Bars,Paradise,UYz4tg3n09LITyTHJmm9Uw,7/20/2015,NV,1,
Fat Tuesday,Restaurants,Paradise,UYz4tg3n09LITyTHJmm9Uw,7/20/2015,NV,1,250.88
LAVO Italian Restaurant & Lounge,Restaurants,Paradise,F8Cb0Vfh4iSk67Zkfg4XKA,7/20/2015,NV,1,
LAVO Italian Restaurant & Lounge,Cafes,Paradise,F8Cb0Vfh4iSk67Zkfg4XKA,7/20/2015,NV,1,
LAVO Italian Restaurant & Lounge,Bars,Paradise,F8Cb0Vfh4iSk67Zkfg4XKA,7/20/2015,NV,1,92.4
Margaritaville,Restaurants,Paradise,fRbqoHAkgC5MeW3x15mezA,7/20/2015,NV,1,
Margaritaville,Cafes,Paradise,fRbqoHAkgC5MeW3x15mezA,7/20/2015,NV,1,
Margaritaville,Bars,Paradise,fRbqoHAkgC5MeW3x15mezA,7/20/2015,NV,1,18.81
Nora's Cuisine,Restaurants,Paradise,jJTp4Uw3YI0AAcoXXSxBtA,7/20/2015,NV,1,
Nora's Cuisine,Cafes,Paradise,jJTp4Uw3YI0AAcoXXSxBtA,7/20/2015,NV,1,
Nora's Cuisine,Bars,Paradise,jJTp4Uw3YI0AAcoXXSxBtA,7/20/2015,NV,1,51.51
Scarpetta,Restaurants,Paradise,XYLZ7sjQR18XtngHTC05Xw,7/20/2015,NV,1,
Scarpetta,Cafes,Paradise,XYLZ7sjQR18XtngHTC05Xw,7/20/2015,NV,1,
Scarpetta,Bars,Paradise,XYLZ7sjQR18XtngHTC05Xw,7/20/2015,NV,1,93.14
The Peppermill Restaurant & Fireside Lounge,Cafes,Paradise,Se1AMR9v_hWsAmM8utOkwg,7/20/2015,NV,1,
The Peppermill Restaurant & Fireside Lounge,Bars,Paradise,Se1AMR9v_hWsAmM8utOkwg,7/20/2015,NV,1,
The Peppermill Restaurant & Fireside Lounge,Restaurants,Paradise,Se1AMR9v_hWsAmM8utOkwg,7/20/2015,NV,1,156.75
Fat Tuesday,Bars,Paradise,XqtcjU9d8bDccPQ3O1EQVA,7/21/2015,NV,1,
Fat Tuesday,Cafes,Paradise,XqtcjU9d8bDccPQ3O1EQVA,7/21/2015,NV,1,
Fat Tuesday,Restaurants,Paradise,XqtcjU9d8bDccPQ3O1EQVA,7/21/2015,NV,1,139.82
Margaritaville,Cafes,Paradise,A3mpjzazkSDkua4cPSayYA,7/21/2015,NV,1,
Margaritaville,Restaurants,Paradise,A3mpjzazkSDkua4cPSayYA,7/21/2015,NV,1,
Margaritaville,Bars,Paradise,A3mpjzazkSDkua4cPSayYA,7/21/2015,NV,1,52.64
SUSHISAMBA Las Vegas,Bars,Paradise,btc5cy4JHDNdoWyiptVjZA,7/21/2015,NV,1,
SUSHISAMBA Las Vegas,Cafes,Paradise,btc5cy4JHDNdoWyiptVjZA,7/21/2015,NV,1,
SUSHISAMBA Las Vegas,Restaurants,Paradise,btc5cy4JHDNdoWyiptVjZA,7/21/2015,NV,1,244.05
SUSHISAMBA Las Vegas,Bars,Paradise,f5vgLcoKpFcTvD4lOUxcTQ,7/21/2015,NV,1,
SUSHISAMBA Las Vegas,Cafes,Paradise,f5vgLcoKpFcTvD4lOUxcTQ,7/21/2015,NV,1,
SUSHISAMBA Las Vegas,Restaurants,Paradise,f5vgLcoKpFcTvD4lOUxcTQ,7/21/2015,NV,1,166.27
The Chandelier,Cafes,Paradise,tGDL_Q77xrrE2QD9K9sDSw,7/21/2015,NV,1,
The Chandelier,Bars,Paradise,tGDL_Q77xrrE2QD9K9sDSw,7/21/2015,NV,1,
The Chandelier,Restaurants,Paradise,tGDL_Q77xrrE2QD9K9sDSw,7/21/2015,NV,1,333.77
The Chandelier,Cafes,Paradise,zqdU9TX2F60f8AIPac-NPg,7/21/2015,NV,1,
The Chandelier,Bars,Paradise,zqdU9TX2F60f8AIPac-NPg,7/21/2015,NV,1,
The Chandelier,Restaurants,Paradise,zqdU9TX2F60f8AIPac-NPg,7/21/2015,NV,1,255.66
Encore Beach Club,Cafes,Paradise,TgAz40uH7rSrIp-PZnqrHQ,7/22/2015,NV,1,
Encore Beach Club,Restaurants,Paradise,TgAz40uH7rSrIp-PZnqrHQ,7/22/2015,NV,1,
Encore Beach Club,Bars,Paradise,TgAz40uH7rSrIp-PZnqrHQ,7/22/2015,NV,1,71.05
Frankie's Tiki Room,Bars,Paradise,WX4k2uoScxUypW59orsDPw,7/22/2015,NV,1,
Frankie's Tiki Room,Cafes,Paradise,WX4k2uoScxUypW59orsDPw,7/22/2015,NV,1,
Frankie's Tiki Room,Restaurants,Paradise,WX4k2uoScxUypW59orsDPw,7/22/2015,NV,1,146.79
Margaritaville,Cafes,Paradise,eCDw3JWjansxAQnfwGozgQ,7/22/2015,NV,1,
Margaritaville,Restaurants,Paradise,eCDw3JWjansxAQnfwGozgQ,7/22/2015,NV,1,
Margaritaville,Bars,Paradise,eCDw3JWjansxAQnfwGozgQ,7/22/2015,NV,1,24.15
Nora's Cuisine,Cafes,Paradise,WqdJBm6qpwbSC0kWgsd56A,7/22/2015,NV,1,
Nora's Cuisine,Restaurants,Paradise,WqdJBm6qpwbSC0kWgsd56A,7/22/2015,NV,1,
Nora's Cuisine,Bars,Paradise,WqdJBm6qpwbSC0kWgsd56A,7/22/2015,NV,1,64.32
The Bagel Café,Bars,Paradise,3whliWMwD7KT7h8GiPheCA,7/22/2015,NV,1,
The Bagel Café,Restaurants,Paradise,3whliWMwD7KT7h8GiPheCA,7/22/2015,NV,1,
The Bagel Café,Cafes,Paradise,3whliWMwD7KT7h8GiPheCA,7/22/2015,NV,1,-15.06
The Chandelier,Cafes,Paradise,RdnM_VrOmS9Xvod2u3xYVg,7/22/2015,NV,1,
The Chandelier,Bars,Paradise,RdnM_VrOmS9Xvod2u3xYVg,7/22/2015,NV,1,
The Chandelier,Restaurants,Paradise,RdnM_VrOmS9Xvod2u3xYVg,7/22/2015,NV,1,264.89
CUT,Cafes,Paradise,GFj7sT00BR_-QdgFe6Hydw,7/23/2015,NV,1,
CUT,Bars,Paradise,GFj7sT00BR_-QdgFe6Hydw,7/23/2015,NV,1,
CUT,Restaurants,Paradise,GFj7sT00BR_-QdgFe6Hydw,7/23/2015,NV,1,121.8
CUT,Cafes,Paradise,xgOXemZCIhZIfDW_YpTIAg,7/24/2015,NV,1,
CUT,Bars,Paradise,xgOXemZCIhZIfDW_YpTIAg,7/24/2015,NV,1,
CUT,Restaurants,Paradise,xgOXemZCIhZIfDW_YpTIAg,7/24/2015,NV,1,156.66
Frankie's Tiki Room,Cafes,Paradise,65uTtfJhrOUp_HyioS4Igw,7/24/2015,NV,1,
Frankie's Tiki Room,Bars,Paradise,65uTtfJhrOUp_HyioS4Igw,7/24/2015,NV,1,
Frankie's Tiki Room,Restaurants,Paradise,65uTtfJhrOUp_HyioS4Igw,7/24/2015,NV,1,178.99
Margaritaville,Cafes,Paradise,VSXa-gtVlZcdOJpylKrQ6Q,7/24/2015,NV,1,
Margaritaville,Restaurants,Paradise,VSXa-gtVlZcdOJpylKrQ6Q,7/24/2015,NV,1,
Margaritaville,Bars,Paradise,VSXa-gtVlZcdOJpylKrQ6Q,7/24/2015,NV,1,59.02
SUSHISAMBA Las Vegas,Cafes,Paradise,GFj7sT00BR_-QdgFe6Hydw,7/24/2015,NV,1,
SUSHISAMBA Las Vegas,Bars,Paradise,GFj7sT00BR_-QdgFe6Hydw,7/24/2015,NV,1,
SUSHISAMBA Las Vegas,Restaurants,Paradise,GFj7sT00BR_-QdgFe6Hydw,7/24/2015,NV,1,269.31
SUSHISAMBA Las Vegas,Cafes,Paradise,N9G69VkLMihbHdoUzbeM1Q,7/24/2015,NV,1,
SUSHISAMBA Las Vegas,Bars,Paradise,N9G69VkLMihbHdoUzbeM1Q,7/24/2015,NV,1,
SUSHISAMBA Las Vegas,Restaurants,Paradise,N9G69VkLMihbHdoUzbeM1Q,7/24/2015,NV,1,350.01
CUT,Cafes,Paradise,RpHfsKfIfDqnjZrBbQE6dA,7/25/2015,NV,1,
CUT,Bars,Paradise,RpHfsKfIfDqnjZrBbQE6dA,7/25/2015,NV,1,
CUT,Restaurants,Paradise,RpHfsKfIfDqnjZrBbQE6dA,7/25/2015,NV,1,177.77
Fat Tuesday,Cafes,Paradise,2QZg_zFLfW-jlypVIAP7Vw,7/25/2015,NV,1,
Fat Tuesday,Bars,Paradise,2QZg_zFLfW-jlypVIAP7Vw,7/25/2015,NV,1,
Fat Tuesday,Restaurants,Paradise,2QZg_zFLfW-jlypVIAP7Vw,7/25/2015,NV,1,142.3
Frankie's Tiki Room,Cafes,Paradise,6Xc3Vwu-6DHYHA2ZvbFYZA,7/25/2015,NV,1,
Frankie's Tiki Room,Bars,Paradise,6Xc3Vwu-6DHYHA2ZvbFYZA,7/25/2015,NV,1,
Frankie's Tiki Room,Restaurants,Paradise,6Xc3Vwu-6DHYHA2ZvbFYZA,7/25/2015,NV,1,408.85
LAVO Italian Restaurant & Lounge,Cafes,Paradise,raLypzEwwwQ-xzbMOVJQPA,7/25/2015,NV,1,
LAVO Italian Restaurant & Lounge,Restaurants,Paradise,raLypzEwwwQ-xzbMOVJQPA,7/25/2015,NV,1,
LAVO Italian Restaurant & Lounge,Bars,Paradise,raLypzEwwwQ-xzbMOVJQPA,7/25/2015,NV,1,70.77
The Peppermill Restaurant & Fireside Lounge,Cafes,Paradise,labrryeSDIRNBAv3T7KpBA,7/25/2015,NV,1,
The Peppermill Restaurant & Fireside Lounge,Bars,Paradise,labrryeSDIRNBAv3T7KpBA,7/25/2015,NV,1,
The Peppermill Restaurant & Fireside Lounge,Restaurants,Paradise,labrryeSDIRNBAv3T7KpBA,7/25/2015,NV,1,32.71
CUT,Bars,Paradise,yTnaf_b-RDlEzVmI2vaG7w,7/26/2015,NV,1,
CUT,Cafes,Paradise,yTnaf_b-RDlEzVmI2vaG7w,7/26/2015,NV,1,
CUT,Restaurants,Paradise,yTnaf_b-RDlEzVmI2vaG7w,7/26/2015,NV,1,276.74
Fat Tuesday,Bars,Paradise,0z53JLVswDMJvaCDMLubdg,7/26/2015,NV,1,
Fat Tuesday,Cafes,Paradise,0z53JLVswDMJvaCDMLubdg,7/26/2015,NV,1,
Fat Tuesday,Restaurants,Paradise,0z53JLVswDMJvaCDMLubdg,7/26/2015,NV,1,63.15
Margaritaville,Restaurants,Paradise,uGWoaSdH2gOtl_Gjo9G40g,7/26/2015,NV,1,
Margaritaville,Cafes,Paradise,uGWoaSdH2gOtl_Gjo9G40g,7/26/2015,NV,1,
Margaritaville,Bars,Paradise,uGWoaSdH2gOtl_Gjo9G40g,7/26/2015,NV,1,74.27
The Chandelier,Bars,Paradise,DH3X4Qj14nIsdeHMFf4xSw,7/26/2015,NV,1,
The Chandelier,Cafes,Paradise,DH3X4Qj14nIsdeHMFf4xSw,7/26/2015,NV,1,
The Chandelier,Restaurants,Paradise,DH3X4Qj14nIsdeHMFf4xSw,7/26/2015,NV,1,223.68
The Chandelier,Bars,Paradise,FfK5TM2HqIbXQJNIqeumwg,7/26/2015,NV,1,
The Chandelier,Cafes,Paradise,FfK5TM2HqIbXQJNIqeumwg,7/26/2015,NV,1,
The Chandelier,Restaurants,Paradise,FfK5TM2HqIbXQJNIqeumwg,7/26/2015,NV,1,114.53
CUT,Bars,Paradise,FLUuywhxQE9AztRfEREhbA,7/27/2015,NV,1,
CUT,Cafes,Paradise,FLUuywhxQE9AztRfEREhbA,7/27/2015,NV,1,
CUT,Restaurants,Paradise,FLUuywhxQE9AztRfEREhbA,7/27/2015,NV,1,247.39
Fat Tuesday,Cafes,Paradise,1-nRAH7_dAvs3IFsGXzHgg,7/27/2015,NV,1,
Fat Tuesday,Bars,Paradise,1-nRAH7_dAvs3IFsGXzHgg,7/27/2015,NV,1,
Fat Tuesday,Restaurants,Paradise,1-nRAH7_dAvs3IFsGXzHgg,7/27/2015,NV,1,204.76
Frankie's Tiki Room,Cafes,Paradise,kRbaEclEHTI5bCybEEH4wA,7/27/2015,NV,1,
Frankie's Tiki Room,Bars,Paradise,kRbaEclEHTI5bCybEEH4wA,7/27/2015,NV,1,
Frankie's Tiki Room,Restaurants,Paradise,kRbaEclEHTI5bCybEEH4wA,7/27/2015,NV,1,180.71
LAVO Italian Restaurant & Lounge,Restaurants,Paradise,HnxhB37MFl-WFCzc6hn4cg,7/27/2015,NV,1,
LAVO Italian Restaurant & Lounge,Cafes,Paradise,HnxhB37MFl-WFCzc6hn4cg,7/27/2015,NV,1,
LAVO Italian Restaurant & Lounge,Bars,Paradise,HnxhB37MFl-WFCzc6hn4cg,7/27/2015,NV,1,85.15
Nora's Cuisine,Cafes,Paradise,QfMHeXjBJhxjZ2i5cEgQEw,7/27/2015,NV,1,
Nora's Cuisine,Restaurants,Paradise,QfMHeXjBJhxjZ2i5cEgQEw,7/27/2015,NV,1,
Nora's Cuisine,Bars,Paradise,QfMHeXjBJhxjZ2i5cEgQEw,7/27/2015,NV,1,77.48
Scarpetta,Restaurants,Paradise,9FGYspfmryoYXkFGqcK7OA,7/27/2015,NV,1,
Scarpetta,Cafes,Paradise,9FGYspfmryoYXkFGqcK7OA,7/27/2015,NV,1,
Scarpetta,Bars,Paradise,9FGYspfmryoYXkFGqcK7OA,7/27/2015,NV,1,93.02
Scarpetta,Restaurants,Paradise,sDmgmT9RloG4sWpOu2QxnQ,7/27/2015,NV,1,
Scarpetta,Cafes,Paradise,sDmgmT9RloG4sWpOu2QxnQ,7/27/2015,NV,1,
Scarpetta,Bars,Paradise,sDmgmT9RloG4sWpOu2QxnQ,7/27/2015,NV,1,47.93
SUSHISAMBA Las Vegas,Cafes,Paradise,k3yNsQ7yp1cYkdHRaLy3yQ,7/27/2015,NV,1,
SUSHISAMBA Las Vegas,Bars,Paradise,k3yNsQ7yp1cYkdHRaLy3yQ,7/27/2015,NV,1,
SUSHISAMBA Las Vegas,Restaurants,Paradise,k3yNsQ7yp1cYkdHRaLy3yQ,7/27/2015,NV,1,150.21
SUSHISAMBA Las Vegas,Cafes,Paradise,YoFVJkCVpzR0VFWRRBT3nA,7/27/2015,NV,1,
SUSHISAMBA Las Vegas,Bars,Paradise,YoFVJkCVpzR0VFWRRBT3nA,7/27/2015,NV,1,
SUSHISAMBA Las Vegas,Restaurants,Paradise,YoFVJkCVpzR0VFWRRBT3nA,7/27/2015,NV,1,109.84
The Chandelier,Cafes,Paradise,fBVItPE-4FB9-4o0Qc1M4w,7/27/2015,NV,1,
The Chandelier,Bars,Paradise,fBVItPE-4FB9-4o0Qc1M4w,7/27/2015,NV,1,
The Chandelier,Restaurants,Paradise,fBVItPE-4FB9-4o0Qc1M4w,7/27/2015,NV,1,159.82
The Peppermill Restaurant & Fireside Lounge,Bars,Paradise,btc5cy4JHDNdoWyiptVjZA,7/27/2015,NV,1,
The Peppermill Restaurant & Fireside Lounge,Cafes,Paradise,btc5cy4JHDNdoWyiptVjZA,7/27/2015,NV,1,
The Peppermill Restaurant & Fireside Lounge,Restaurants,Paradise,btc5cy4JHDNdoWyiptVjZA,7/27/2015,NV,1,238.7
CUT,Bars,Paradise,yWp7iLP1E0yz5Ww5gY0x2g,7/28/2015,NV,1,
CUT,Cafes,Paradise,yWp7iLP1E0yz5Ww5gY0x2g,7/28/2015,NV,1,
CUT,Restaurants,Paradise,yWp7iLP1E0yz5Ww5gY0x2g,7/28/2015,NV,1,194.34
Encore Beach Club,Cafes,Paradise,XHkzCzmIAB3DnjQO7v6jww,7/28/2015,NV,1,
Encore Beach Club,Restaurants,Paradise,XHkzCzmIAB3DnjQO7v6jww,7/28/2015,NV,1,
Encore Beach Club,Bars,Paradise,XHkzCzmIAB3DnjQO7v6jww,7/28/2015,NV,1,58.92
Fat Tuesday,Cafes,Paradise,zygy-qHElFDG119i_64WFA,7/28/2015,NV,1,
Fat Tuesday,Bars,Paradise,zygy-qHElFDG119i_64WFA,7/28/2015,NV,1,
Fat Tuesday,Restaurants,Paradise,zygy-qHElFDG119i_64WFA,7/28/2015,NV,1,285.93
Frankie's Tiki Room,Bars,Paradise,JsDgzK3dMJgQF4-bM6k9nQ,7/28/2015,NV,1,
Frankie's Tiki Room,Cafes,Paradise,JsDgzK3dMJgQF4-bM6k9nQ,7/28/2015,NV,1,
Frankie's Tiki Room,Restaurants,Paradise,JsDgzK3dMJgQF4-bM6k9nQ,7/28/2015,NV,1,154.82
LAVO Italian Restaurant & Lounge,Restaurants,Paradise,U3ESRt3OCiWSce0leUFJgg,7/28/2015,NV,1,
LAVO Italian Restaurant & Lounge,Cafes,Paradise,U3ESRt3OCiWSce0leUFJgg,7/28/2015,NV,1,
LAVO Italian Restaurant & Lounge,Bars,Paradise,U3ESRt3OCiWSce0leUFJgg,7/28/2015,NV,1,39.04
The Bagel Café,Bars,Paradise,k5p3YP1ZjCa8ZS3xqXgBug,7/28/2015,NV,1,
The Bagel Café,Restaurants,Paradise,k5p3YP1ZjCa8ZS3xqXgBug,7/28/2015,NV,1,
The Bagel Café,Cafes,Paradise,k5p3YP1ZjCa8ZS3xqXgBug,7/28/2015,NV,1,20
The Bagel Café,Bars,Paradise,m27WI7rq8SXaz-CRVdsS0Q,7/28/2015,NV,1,
The Bagel Café,Restaurants,Paradise,m27WI7rq8SXaz-CRVdsS0Q,7/28/2015,NV,1,
The Bagel Café,Cafes,Paradise,m27WI7rq8SXaz-CRVdsS0Q,7/28/2015,NV,1,12.53
The Peppermill Restaurant & Fireside Lounge,Cafes,Paradise,FmnoBsFiSyRQ5o8G1JO3iw,7/28/2015,NV,1,
The Peppermill Restaurant & Fireside Lounge,Bars,Paradise,FmnoBsFiSyRQ5o8G1JO3iw,7/28/2015,NV,1,
The Peppermill Restaurant & Fireside Lounge,Restaurants,Paradise,FmnoBsFiSyRQ5o8G1JO3iw,7/28/2015,NV,1,220.23
CUT,Cafes,Paradise,uBTL7C9U2T80sUdxundVsg,7/29/2015,NV,1,
CUT,Bars,Paradise,uBTL7C9U2T80sUdxundVsg,7/29/2015,NV,1,
CUT,Restaurants,Paradise,uBTL7C9U2T80sUdxundVsg,7/29/2015,NV,1,242.74
Frankie's Tiki Room,Cafes,Paradise,0QH_h9h7tWUN90jrJhw1fg,7/29/2015,NV,1,
Frankie's Tiki Room,Bars,Paradise,0QH_h9h7tWUN90jrJhw1fg,7/29/2015,NV,1,
Frankie's Tiki Room,Restaurants,Paradise,0QH_h9h7tWUN90jrJhw1fg,7/29/2015,NV,1,305.75
Frankie's Tiki Room,Cafes,Paradise,lLShzdgF14Z0hc5SgTPw1A,7/29/2015,NV,1,
Frankie's Tiki Room,Bars,Paradise,lLShzdgF14Z0hc5SgTPw1A,7/29/2015,NV,1,
Frankie's Tiki Room,Restaurants,Paradise,lLShzdgF14Z0hc5SgTPw1A,7/29/2015,NV,1,207.22
The Chandelier,Cafes,Paradise,39fBaSkch83WRI7JO0LcPg,7/29/2015,NV,1,
The Chandelier,Bars,Paradise,39fBaSkch83WRI7JO0LcPg,7/29/2015,NV,1,
The Chandelier,Restaurants,Paradise,39fBaSkch83WRI7JO0LcPg,7/29/2015,NV,1,190.55
Brio Tuscan Grille,Restaurants,Paradise,ugMQjVWUnW_3An7fJEMLbw,7/30/2015,NV,1,
Brio Tuscan Grille,Cafes,Paradise,ugMQjVWUnW_3An7fJEMLbw,7/30/2015,NV,1,
Brio Tuscan Grille,Bars,Paradise,ugMQjVWUnW_3An7fJEMLbw,7/30/2015,NV,1,69.36
Fat Tuesday,Bars,Paradise,uQo15eTU43Rbwk6Wkr1i1A,7/30/2015,NV,1,
Fat Tuesday,Cafes,Paradise,uQo15eTU43Rbwk6Wkr1i1A,7/30/2015,NV,1,
Fat Tuesday,Restaurants,Paradise,uQo15eTU43Rbwk6Wkr1i1A,7/30/2015,NV,1,272.81
Frankie's Tiki Room,Bars,Paradise,AUdvYr2DAKiuluNWRA6H2w,7/30/2015,NV,1,
Frankie's Tiki Room,Cafes,Paradise,AUdvYr2DAKiuluNWRA6H2w,7/30/2015,NV,1,
Frankie's Tiki Room,Restaurants,Paradise,AUdvYr2DAKiuluNWRA6H2w,7/30/2015,NV,1,387.78
LAVO Italian Restaurant & Lounge,Restaurants,Paradise,OnVUZvLFlVTkyGcOOxK_YA,7/30/2015,NV,1,
LAVO Italian Restaurant & Lounge,Cafes,Paradise,OnVUZvLFlVTkyGcOOxK_YA,7/30/2015,NV,1,
LAVO Italian Restaurant & Lounge,Bars,Paradise,OnVUZvLFlVTkyGcOOxK_YA,7/30/2015,NV,1,60.18
Nora's Cuisine,Restaurants,Paradise,UjuSPAgBxZMrQg5RJmv1wQ,7/30/2015,NV,1,
Nora's Cuisine,Cafes,Paradise,UjuSPAgBxZMrQg5RJmv1wQ,7/30/2015,NV,1,
Nora's Cuisine,Bars,Paradise,UjuSPAgBxZMrQg5RJmv1wQ,7/30/2015,NV,1,80.9
SUSHISAMBA Las Vegas,Bars,Paradise,uepyr_ORLrVd_W6IGIuI6Q,7/30/2015,NV,1,
SUSHISAMBA Las Vegas,Cafes,Paradise,uepyr_ORLrVd_W6IGIuI6Q,7/30/2015,NV,1,
SUSHISAMBA Las Vegas,Restaurants,Paradise,uepyr_ORLrVd_W6IGIuI6Q,7/30/2015,NV,1,62.09
SUSHISAMBA Las Vegas,Cafes,Paradise,UyOxJBlR3L_yU-e9QPpvXw,7/30/2015,NV,1,
SUSHISAMBA Las Vegas,Bars,Paradise,UyOxJBlR3L_yU-e9QPpvXw,7/30/2015,NV,1,
SUSHISAMBA Las Vegas,Restaurants,Paradise,UyOxJBlR3L_yU-e9QPpvXw,7/30/2015,NV,1,310.15
The Chandelier,Cafes,Paradise,jkHxXmzPeCQK9oQPeeeMSw,7/30/2015,NV,1,
The Chandelier,Bars,Paradise,jkHxXmzPeCQK9oQPeeeMSw,7/30/2015,NV,1,
The Chandelier,Restaurants,Paradise,jkHxXmzPeCQK9oQPeeeMSw,7/30/2015,NV,1,81.44
Brio Tuscan Grille,Restaurants,Paradise,0xBVXB3C8T2xsQ01sFRfKQ,7/31/2015,NV,1,
Brio Tuscan Grille,Cafes,Paradise,0xBVXB3C8T2xsQ01sFRfKQ,7/31/2015,NV,1,
Brio Tuscan Grille,Bars,Paradise,0xBVXB3C8T2xsQ01sFRfKQ,7/31/2015,NV,1,88.17
CUT,Cafes,Paradise,GhFrTrE3xGzb4jO5ReSloQ,7/31/2015,NV,1,
CUT,Bars,Paradise,GhFrTrE3xGzb4jO5ReSloQ,7/31/2015,NV,1,
CUT,Restaurants,Paradise,GhFrTrE3xGzb4jO5ReSloQ,7/31/2015,NV,1,228.59
LAVO Italian Restaurant & Lounge,Restaurants,Paradise,WdmtUMK0xUZrc5YJcNP9xQ,7/31/2015,NV,1,
LAVO Italian Restaurant & Lounge,Cafes,Paradise,WdmtUMK0xUZrc5YJcNP9xQ,7/31/2015,NV,1,
LAVO Italian Restaurant & Lounge,Bars,Paradise,WdmtUMK0xUZrc5YJcNP9xQ,7/31/2015,NV,1,72.36
LAVO Italian Restaurant & Lounge,Cafes,Paradise,yWp7iLP1E0yz5Ww5gY0x2g,7/31/2015,NV,1,
LAVO Italian Restaurant & Lounge,Restaurants,Paradise,yWp7iLP1E0yz5Ww5gY0x2g,7/31/2015,NV,1,
LAVO Italian Restaurant & Lounge,Bars,Paradise,yWp7iLP1E0yz5Ww5gY0x2g,7/31/2015,NV,1,26.95
The Bagel Café,Bars,Paradise,iAfl4oFawCiGYCHFOPvLAA,7/31/2015,NV,1,
The Bagel Café,Restaurants,Paradise,iAfl4oFawCiGYCHFOPvLAA,7/31/2015,NV,1,
The Bagel Café,Cafes,Paradise,iAfl4oFawCiGYCHFOPvLAA,7/31/2015,NV,1,22.7
The Peppermill Restaurant & Fireside Lounge,Bars,Paradise,HnomGkKdgG7RTcgdkLtziw,7/31/2015,NV,1,
The Peppermill Restaurant & Fireside Lounge,Cafes,Paradise,HnomGkKdgG7RTcgdkLtziw,7/31/2015,NV,1,
The Peppermill Restaurant & Fireside Lounge,Restaurants,Paradise,HnomGkKdgG7RTcgdkLtziw,7/31/2015,NV,1,417.54
