Business Category,Business Name,Review Date,Review ID,User ID,Number of Records,Stars
Bars,Foundation Room,,dJgN7Ocr7L-FiUsbvLeGlg,D5mlAUZMCQ8yc0PxOgGpsQ,1,5
Bars,Morels French Steakhouse & Bistro,,Cyj1dTnwcLSwoWXKOYDc-w,6xrk6A61OWwOtmQAErZTvA,1,4
Restaurants,LAVO Italian Restaurant & Lounge,,3UBxc-QmWRaeNpZppSjy5A,jqVeTSin5GeRm0ceSg-PBA,1,5
Restaurants,Zoozacrackers Deli,,mL_oF-Q9thIJWuoRJCwDAQ,OTmth8Bp-bERku_lDF1BCQ,1,5
Restaurants,Capo's Italian Cuisine,1/1/2012,2Xt0w3sZplLu0xc6lqy1Kw,HYePUgL2QqZLMQnobh7imw,1,5
Bars,Beauty Bar,1/3/2012,IkFPywF3UnCyG9kzcBtUEg,aAsxorMmHDNmZfx43h2rEA,1,2
Bars,The Peppermill Restaurant & Fireside Lounge,1/3/2012,pPBHuiREUWrXDMvcRvjxHA,Gb74e3NProDiMq88JGvjpw,1,3
Restaurants,Canaletto,1/3/2012,Bdx45ZkR_bU9Jjz676phdA,SdZtzMCtVK7izX8twot9rQ,1,2
Restaurants,Il Fornaio,1/3/2012,Z_KY7we-Rf6M47wGL876xA,mC0YG0T0sIwXRRsC26Q0kw,1,5
Restaurants,Trattoria Reggiano,1/3/2012,xsVtTebo5zkno1jNpVa55w,HlVqy-Mv0FnhMbHz1W57yA,1,4
Bars,Bilbo's Bar & Grill,1/4/2012,et9mi1vUJkvWbKszittG7Q,GlNcv3FQRqgTSp3TsVwWUQ,1,3
Bars,Artisan Hotel Boutique,1/5/2012,hEdjpb90rNMZ6c131fdIoA,E7wgX0rRA8eZc_8uLdn89A,1,5
Bars,El Segundo Sol,1/5/2012,K8AinP0L42LDA_ccR4e1dw,txFk44ZWFi-TFh7w5KZxZg,1,3
Bars,Lagasse's Stadium,1/6/2012,qzDZQ6NkKsAKZoOLcksFWQ,TnPYt3Hm-Glyniqyuq9nEA,1,5
Restaurants,LAVO Italian Restaurant & Lounge,1/6/2012,I65giJMQ42tjEuX48KiFjg,j7UH7I6PQ89K9EgOCgcqcA,1,3
Bars,PT's,1/7/2012,m5SHfzoa-6BYmBOuq91Odw,3sWSeGT-5fQ2Z6uAW78VMA,1,3
Bars,ISLA Mexican Kitchen & Tequila Bar,1/8/2012,tozH7FcEvpFwuKsb3T_m0A,vl9BgcNWNw-UWzfa-O3NnA,1,5
Bars,Minus 5 Ice Lounge,1/8/2012,YrjalbgLMAMLDVXQJD95_Q,pb0MADLnmfv5SzCVciVBGQ,1,4
Bars,Mr D's Sportsbar & Grill,1/8/2012,WuYmBsGp99sQVxUXcAyNjg,5oRBQcIjXl1E7lvlvNulfw,1,3
Restaurants,Nicolo's Cucina Italiana,1/8/2012,62LNKpjyPKG6i_c4lEAlFw,pTN3cA4CdJ_oCKa5ou5UZw,1,5
Restaurants,B&B Ristorante,1/9/2012,tXGzIRUF2R0OvKihGWRF1Q,cZMhA-oaxQNE3AXCF_Lk4A,1,5
Bars,SUSHISAMBA Las Vegas,1/10/2012,uBL7VP4AMOFLZc33ys8NLA,Nt8Ikt-sEsuZLg9JshxAMA,1,1
Bars,Tequila Bar and Grill,1/10/2012,fXjAO6C0DGMbg96k9L2J5g,9fTTesCwn9EO-d82ODJAnw,1,4
Restaurants,Lakeside,1/10/2012,,_6bFXoUrzam_1SzP3bFLXA,1,4
Bars,Fat Tuesday,1/11/2012,0_efiwyZRNsrbNiILwEo5A,E0ztmyXb3pcVABNqBmURVQ,1,3
Bars,Artisan Hotel Boutique,1/12/2012,WF42OywT7G3Bz2NlSYI1mw,btc5cy4JHDNdoWyiptVjZA,1,4
Bars,Four Kegs Sports Bar,1/13/2012,Ddz9fZ9OlWTA2ctSR-x7HA,BripuS4ZR94dXVNkr01sfw,1,4
Restaurants,La Scala,1/13/2012,eC2FTBaZbRc8jTtxIF9Ikw,SMmsPueqnfVcZICvqBPsaA,1,3
Bars,Artisan Hotel Boutique,1/14/2012,lLOQgYj3VDxbtVwK07t21g,wnm8d1Jw0zy43Zc5G4Q-Jw,1,4
Bars,The Chandelier,1/14/2012,ePAH6YhoowZn6s-Afj7Gzw,UfeHndURvGfJ5PZuFbHTvA,1,3
Bars,The Peppermill Restaurant & Fireside Lounge,1/14/2012,wIZ4AEim0oI4b4ADARnLhA,jdzrcWd-s300V0huIOj-tA,1,4
Restaurants,Zoozacrackers Deli,1/15/2012,7FvmR26K23u50Wmjh8TTSA,dyA6Pf2DtGIrSrTSpIK-pA,1,4
Bars,The Griffin,1/16/2012,E9ay7ARTO15JEuNwBj4nJg,x84L3DkSgA1qxLqsuJ0dWw,1,5
Restaurants,B&B Ristorante,1/17/2012,mvAixKYf2IvefZQ8Ic5G_A,FwzXiPL8nY3PmmHjRP1h_g,1,4
Restaurants,Battista's Hole In the Wall,1/17/2012,T8QLiy0XYKARKZro7y1Hrw,Egp5GEF-3zzyA_RW6uFt3w,1,2
Bars,McMullan's Irish Pub,1/18/2012,qa8vWolbuiHGnKF5K1vtLA,cF3dN1W98U1r9kVRWshXCw,1,5
Bars,Minus 5 Ice Lounge,1/18/2012,7KSQOfhyj4ecUucg0jtsLQ,iD7dvAeibtlUXnE8owMMBw,1,4
Bars,MIX,1/18/2012,rUnjiz2oHD9uQEjZ6X-Udg,oOk8F07adAgPSZhMYVmbsQ,1,1
Restaurants,Brio Tuscan Grille,1/19/2012,WLoCaQ6Tw9mHD7nYFgevUg,R3aUWpLqK94FLriNk7qwZA,1,5
Restaurants,Otto Enoteca Pizzeria,1/19/2012,LAZb-3LQluNNO-K2_HxVrA,kxBMcJecR1LuuDyzc4Wggg,1,4
Bars,CUT,1/20/2012,XqlKG-rYG3-dOYyl5vEngw,jykemU4-CaDr-8Lnei-_ZA,1,4
Bars,Fat Tuesday,1/20/2012,ngISLfP95IG9UpU5cUrLNw,_MEs0F9otBGROYf3lhi5HQ,1,5
Bars,Minus 5 Ice Lounge,1/20/2012,KXC9oDTd050jwMj3PVIF0A,Lc9LmBuK24mSrDluIs_8Gg,1,4
Restaurants,Mac Shack Spring Valley,1/21/2012,a35o_cjs8Pr1yTHdlsFSwQ,4HvItBajnIkyQQEqfMf4gg,1,3
Bars,Fat Tuesday,1/23/2012,3SeeeN-GqKbiE7IQqrNcSg,ugMQjVWUnW_3An7fJEMLbw,1,5
Bars,Queue Bar,1/23/2012,IIpD9qSFBw6CjF1HWefpew,65uTtfJhrOUp_HyioS4Igw,1,2
Restaurants,D.O.C.G. Enoteca,1/23/2012,5w_yWEGVXVEYYbnD0Roi6g,WJSNywtir04BgDDpZVZMpg,1,1
Bars,SUSHISAMBA Las Vegas,1/24/2012,SsxHsDXtn3KFWukZYhNYOA,Nt8Ikt-sEsuZLg9JshxAMA,1,1
Bars,The Peppermill Restaurant & Fireside Lounge,1/24/2012,HYD1auL1baxXscm5bPk09g,j1flSWztDUVSkLoslkOMwA,1,3
Bars,The Tap House,1/24/2012,Er2OLNm5V83cWCj1IJ67Ow,RpHfsKfIfDqnjZrBbQE6dA,1,5
Bars,View Bar,1/24/2012,Bfvtbi0h6U-u73YkfuUIiw,hNGSNUA10iURaZVn6go8XQ,1,4
Restaurants,Dal Toro Ristorante,1/24/2012,h-cHYuaISlxL8foSRYYESA,aq3vT3I5i-P0Cr5wN0a_wg,1,4
Restaurants,LAVO Italian Restaurant & Lounge,1/24/2012,x4ZyHaN8YwQy3bTDPxUN4w,9RhAM4TzN5r1siu4TQI3eA,1,1
Bars,Caramel Bar & Lounge,1/25/2012,Kn391Vmbj9qIkHTb8snaaQ,2vBTkytEQneHyWcUnCQ04g,1,3
Bars,Nu Sanctuary Lounge,1/26/2012,vwy_166MlExy-TKPADvmsg,8WvOke9T6ReCxlgyXQOcZQ,1,1
Bars,Social House,1/26/2012,jJBdd7BUBm4jVYlNABEtzw,JCtHeG1ucXH90arBbNHbfw,1,5
Bars,Timbers - Horizon Ridge,1/26/2012,8JlELdvfPoLmPBXh72atVw,yhAAeh611cpCksu3PpHloA,1,2
Restaurants,Lupo,1/26/2012,bQDlt8TXbrfNd197bFtwgQ,RbuRUPyuq5--Y9HYbR0cbQ,1,2
Restaurants,Carluccio's Tivoli Gardens,1/27/2012,O1Izrj_0E9ezesoYieuWrg,U3ESRt3OCiWSce0leUFJgg,1,1
Bars,Blue Martini,1/29/2012,,HlVqy-Mv0FnhMbHz1W57yA,1,3
Bars,I-Bar,1/29/2012,kO3J9Z5-i467nqyTmgezOw,nMtPifrS4qd2ggGEo48KRg,1,5
Bars,The Chandelier,1/29/2012,5hZIiy0YrDfcwRh-50o0YQ,r36NbO28-CZqfwu2o6_oFA,1,5
Bars,Zuri,1/29/2012,E1Q4w8GI6XEXWadcSh04kg,G0D9PxpdenszALnHqRT5ug,1,3
Restaurants,Pizzeria Enzo Restaurant,1/29/2012,jFtMdL4_WrL3viwFr9E81Q,DLgcF0SaqtY5iv7FcSBF9Q,1,5
Bars,Moon Nightclub,1/30/2012,9YjKKjfUNouQaGmcrU7Gmg,kDZUGqP3j8eiLKIExBWI8Q,1,5
Bars,Diablo's Cantina,1/31/2012,qe2KCxc7CorPCiXT1QwYcw,7-zMaU9rwUo0yl2f6uM60w,1,4
Bars,Ghostbar,1/31/2012,ynhpbGVj46GIvGg9A-pEQA,20aa2VO2R44oiVnN9mTSSg,1,4
Bars,Kahunaville Island Restaurant,1/31/2012,4v0lljOxruAQP_wbqF3hCQ,rI7vKfmCUmlCyrJ6edz-5w,1,2
Restaurants,Wing Lei,2/1/2012,VBU24iIjgwEXSCjx-LHDCQ,98cgPsPpT8J0TBlY-nk15Q,1,4
Restaurants,Bartolotta Ristorante di Mare,2/2/2012,vqdHvNZDnBMcM4HuKkOy5w,II925yZAQ6sZmLOgcnBVKg,1,5
Cafes,Grand Café,2/3/2012,yF7dOmUHQQDwvWqr7cKn4w,CbYYyBTj-NH6DfnO_NSMaw,1,1
Bars,Lagasse's Stadium,2/4/2012,tP8YYIcSk8TpDw7teqvyIQ,O0M67gJRWwVSGnnsF5aVqA,1,5
Restaurants,LAVO Italian Restaurant & Lounge,2/4/2012,MpYv0FWymgAoJ4ItAqI9lA,lyPBi01DvPcGfVuEegUakw,1,3
Bars,SUSHISAMBA Las Vegas,2/5/2012,9YVThHEjamKCMSjfehFXCw,NzG3rvshWMYaOb849HJcKA,1,4
Bars,Caramel Bar & Lounge,2/7/2012,,07lE2GTzjGgur5vyUycjbw,1,4
Bars,Frankie's Tiki Room,2/7/2012,RLn9-iT8xoD4XScXVqP7Iw,sMBdzt8FE_oaqIzYRAwWZw,1,5
Bars,Gipsy,2/7/2012,BRt0zeJbIba9qM3ky9CWhg,lQA77x8rBaLSiqfoF9v0QA,1,3
Restaurants,Canaletto,2/10/2012,falIUJTPF5Cua3aThISbhw,GvcKdTIhSubwPsnHu_XXSA,1,5
Bars,Lagasse's Stadium,2/13/2012,CaBBsXwACss_bk65uNZRvg,EmyJfRnBICQA9lWnvjwPiA,1,1
Bars,Level 107 Lounge,2/13/2012,9re-mh2iakwPZKlplFfSnw,3MVRNjnWqx45RM2_gXlZ0Q,1,4
Bars,The Beatles Revolution Lounge,2/13/2012,j1ST9cMycJWiA7M0efq_rQ,y0KaYxF0fPRj1KfyO4DToQ,1,5
Restaurants,Nora's Cuisine,2/13/2012,zpoBGUYfL0Y7DolyvBPHcQ,SNoROfGwUf_-FhDCHMYsZQ,1,5
Bars,CUT,2/14/2012,oBzXuE1aHBhPr0geQxmxPg,JRdTRHchEWH_qba8Y8P6cQ,1,5
Restaurants,Buca di Beppo,2/14/2012,1bdTkgUMYE7CZLRaateF9A,5oRBQcIjXl1E7lvlvNulfw,1,4
Restaurants,Tuscany Gardens,2/14/2012,GuRUhVcJC7JSBsyThvCWrg,TZpWvGhxNvqb-fiJxRa--Q,1,4
Bars,McFadden's,2/15/2012,3NaMDZUZh0X2v6hsorEDYw,hbCGcvU3IdEzJyWA12-bLQ,1,3
Restaurants,B&B Ristorante,2/15/2012,LsbBnQDkUX8TogWf2Bjxlw,fCRztChsTEY70QURQfGJew,1,5
Restaurants,D.O.C.G. Enoteca,2/15/2012,FDBPusalcIBmGEnv18xasA,Z4ME_0M7mjSzBokwRUxPMQ,1,4
Restaurants,The Bootlegger Bistro,2/15/2012,tRS6rjcFloqxgGjWq3xGcw,XlM4LMUBSv4p1yW_PJLz7A,1,4
Restaurants,Mama D's Pizzeria,2/16/2012,JuNw3_VfKtKqEYceWZMC7A,qdy-Yb7wbCZIUsTS6AYORw,1,4
Restaurants,D.O.C.G. Enoteca,2/17/2012,VEXnGw1Pr7KocAMLSNjUoA,xfz_Bb4RIYH7N3luWqbyHQ,1,4
Bars,Beso,2/18/2012,VFmRj6V48_datI0FTn9JvA,t9NJwIqV9MflbCv4UUPRvw,1,5
Restaurants,Capo's Italian Cuisine,2/18/2012,6S6TGSVe5qvSIBmMtkwBPQ,btc5cy4JHDNdoWyiptVjZA,1,4
Bars,Fireside Restaurant & Tavern,2/19/2012,Brn2LGp2yJJzcnE_-kY6Sg,rzHZ3iYVQe_8h2e42DbUsw,1,4
Bars,Tequila Bar and Grill,2/19/2012,HEEHYLZpHCupm7SZYmQVCw,0xBVXB3C8T2xsQ01sFRfKQ,1,3
Restaurants,La Scala,2/19/2012,jvP0skLx4d32R3hosxCKoQ,f6_wKPLlF1o9cBoDhvoMXQ,1,5
Bars,Nacho Daddy,2/20/2012,40ylUsjB_P9Ibpfy8cLxVQ,4Fj9QBaE6cc2Lm8vhbv5Cg,1,2
Restaurants,Scarpetta,2/20/2012,pOtymjNr4Q69KcY70x_StA,39fBaSkch83WRI7JO0LcPg,1,5
Restaurants,Shish Kabob House,2/20/2012,uSbooCgNxPz1xOJlKPVnNw,Rj0NbPLgbff4vW1lA8nmvA,1,4
Bars,Blue Martini,2/21/2012,WW8qcRrzpzPvQul_2EIn1g,ijg6K6Adnw6_ppRLn5Eq1Q,1,5
Bars,Moon Nightclub,2/21/2012,3CDziE2kG5_jmOBVCN-ArQ,b6MsyX8u-6k85XpmIHMDyg,1,4
Bars,SUSHISAMBA Las Vegas,2/21/2012,7SP_BdVRbhVVKZSicXV8Ng,WDeq2pBUP3bCXt8aW9nUew,1,4
Bars,The Beatles Revolution Lounge,2/21/2012,n23GSpLo0yUa65MgCkCNqQ,rqIihklROGn5KggyftIL2g,1,4
Bars,The Chandelier,2/21/2012,yMxH8GJnGoc3wF1yhhlRMw,E0ztmyXb3pcVABNqBmURVQ,1,5
Restaurants,LAVO Italian Restaurant & Lounge,2/21/2012,fnsF0CQdTjakuRhVi-NlzQ,O2Y25LVGe9PcGidUH2Qn3w,1,4
Bars,Grotto Ristorante,2/22/2012,7GETZJuwazrrnmkYCOPdKg,dU4TPMnb_D5vyIrSuIMIgg,1,3
Bars,Social House,2/22/2012,xYg-J80Ri-aPOZJdjd8ZNw,kUUPxuRZU_hQTlC-72ChCQ,1,4
Restaurants,Otto Enoteca Pizzeria,2/22/2012,ek1fsJB-fjllbxRXhWPXiw,3ydC_nltVBgKU7GEfPoceQ,1,5
Bars,Rouge,2/24/2012,gz023SPVbMuROYN6lIlPLw,xrnjyLsTbvIgPvdJehCIEg,1,3
Bars,The Griffin,2/24/2012,xKnwh5HBXokx2O6uhRzQiQ,7aQvAhgpdXqkTQEp8b8Szw,1,5
Bars,McMullan's Irish Pub,2/25/2012,kf4pn3FIMOtVkMVVtgbRiQ,6CSfZpXd2M2RuBgNzHqffQ,1,4
Bars,The Griffin,2/25/2012,F_V8jb5ilwXawNQWjFTeDA,TmvqI-IT23ogzdp05ctVhw,1,5
Restaurants,Il Fornaio,2/25/2012,6FIV1xwpCRIxDCNi_5w4xw,v-qoaJUlB6RFoy2Whkq4zA,1,1
Restaurants,LAVO Italian Restaurant & Lounge,2/25/2012,zD9TGQ2oSvIbQpyDX65GIw,Nu0oythh2v7FSfJb30d12g,1,4
Restaurants,Parma By Chef Marc,2/25/2012,tFuBHTFlinvhrcvLwoNQXQ,A7mfxlk0dIHZ05CeuA70bw,1,4
Restaurants,Pasta Cucina,2/27/2012,YI3bMxSZSNKBPwRkDsmgxg,XlM4LMUBSv4p1yW_PJLz7A,1,4
Bars,Numb,2/28/2012,SnkLwLS-MhR8qxa5abV_3A,cK3o1ZPULkgKA8YjVAQjiw,1,5
Restaurants,B&B Ristorante,2/28/2012,RBbEEb1qLbdJQTa8GuQMVg,5hl4FZtmCtKRsQM47FHBSw,1,4
Bars,Four Kegs Sports Bar,3/2/2012,e44Q88bVTdLhhqqQpSVgTQ,f4rOxAPJ_f_wDb5c6EI5vQ,1,4
Restaurants,Maggiano's Little Italy,3/2/2012,u0dS87ttzlBjmtVQwnFJKQ,rXXbSOG1yx9s-c-YpJz4YQ,1,4
Bars,Bond,3/4/2012,mbFPd-0nVmSFy5AoFVOS5g,Lkbgr6FEnSBJnlqTx9O83A,1,4
Bars,Gordon Biersch Brewery Restaurant,3/6/2012,RiSrT8VNSPTE5wAe0qo0_g,aqK2J9henAphrw0UlQ0S3Q,1,4
Bars,MIX,3/6/2012,JZaBRoQ0LcsNf7QsEQNpTA,RbuRUPyuq5--Y9HYbR0cbQ,1,5
Bars,The Chandelier,3/6/2012,22ypH2Pk41DBSatqWcp4SA,SB9L3xDwYybGrYNhQPRC9Q,1,5
Restaurants,Bartolotta Ristorante di Mare,3/6/2012,u1DHLRmuiJYkH_WkgaiD1w,ivtiFq9xdz-sh1LD7m-gLg,1,5
Bars,Beauty Bar,3/7/2012,xxnRsvZjTxGW3guWqTuQQA,G3NuvANiCbBi3qm9OnYc-A,1,2
Bars,MIX,3/7/2012,BhRCohTh8ieqXPJzVViq7A,U_30FZG0VUdAuxGR6kh9Yg,1,1
Restaurants,Maggiano's Little Italy,3/7/2012,ompUAsFr8QqRlsxU_5lbHg,P3owhtY3bi6sBVuYOJwq8g,1,4
Bars,Wolfgang Puck Bar and Grill,3/8/2012,UALilMJl96hp0ojN_9l7Mg,i1DxDoYJIYx6cakskeJwUA,1,4
Bars,First Food & Bar,3/9/2012,iOtiZyEwMqg3zevjir4WUA,kFsB6SONmpYUPUM9s7yn7A,1,4
Restaurants,LAVO Italian Restaurant & Lounge,3/9/2012,hjSb55eQ1Vmro-3GVSsJEg,x1bu5fuW5893h5gchwxENg,1,4
Restaurants,LAVO Italian Restaurant & Lounge,3/9/2012,2iYvfkFbuNBjtYNQFGO4_Q,yEQd9ElRX5r5A9tfOZ66AQ,1,5
Bars,The Chandelier,3/10/2012,4GyZW1UeHutKcnmobDhhjA,hvOaCEHu-3OJ0yFiDrWkjA,1,5
Restaurants,Pasta Cucina,3/10/2012,BAEqc1Vqbz1exIZF_BrvdA,fCMQtvN-G-djXIk1a8AigA,1,3
Bars,The Buffalo,3/11/2012,nF34zrozy8YwhUbjNR0P8g,7x3-B0yaO_hqXm42VKStzw,1,4
Bars,VooDoo Rooftop Nightclub,3/11/2012,kWR3JwWMDcpq6OF4l_HcYA,qq1iRXhrDQJjOk0kAHjwcA,1,4
Bars,Frankie's Tiki Room,3/12/2012,oGK8X7XA_BjqPUul9n7H8A,NfyrHToGY6aJu22U9oS8Xg,1,4
Bars,Nu Sanctuary Lounge,3/12/2012,OFCpy8cGdhlbPaAGIMWwtA,rspr9oO3B7V2dycrFTLrqQ,1,3
Restaurants,Battista's Hole In the Wall,3/12/2012,BLP1vjA8RLTMC48t4SaL2A,wdS-B2RePKHihD13rS0Q6g,1,4
Restaurants,B&B Ristorante,3/13/2012,rddFaAZAwb0hF2qMYY9mLw,crpqyqYqQ0UXcfwpcZ3Dtw,1,2
Restaurants,Casa Di Amore,3/13/2012,aRvf0NA22e5kgMwRHygIaQ,nVNQECwt1-2Cqx6zxP-KEQ,1,3
Bars,CUT,3/14/2012,75OV48rte7x2dvh2SHaklg,pKzxhw0dvjR-kxz6-x16ew,1,5
Bars,The Brentwood Cafe And Tavern,3/14/2012,zOyWe0YOzYcMAqWxbIjE5A,fRbqoHAkgC5MeW3x15mezA,1,5
Bars,The Griffin,3/15/2012,87r841njUCzLVAMUs4PfXA,WKnMKLdSmaBJKh7Mt0AGBg,1,5
Bars,Portofino by Chef Michael LaPlaca,3/16/2012,SlU7jOK56rw3NuYDFxYgPg,EX4jmv9Nbdd6ao2Oh3aTTA,1,5
Bars,The Chandelier,3/16/2012,BxNvBWG11ytc-EkQObctJg,oe_QopcqJ8RJMrW-DJLodA,1,3
Bars,The Chandelier,3/17/2012,Pb512ecKV2BN_NtzTxEcpQ,vOuk558ovS5g07fpQXgliA,1,5
Restaurants,Italian American Club Restaurant,3/17/2012,zU6qxzn8FChVASTE21l_sg,qh9ViAOEDVp27lRinGfsPw,1,5
Bars,Eyecandy,3/18/2012,vBxondf5cuUt0oUXQVurCQ,XXQ1hFoIC8F8bxwslptMrA,1,3
Bars,ISLA Mexican Kitchen & Tequila Bar,3/19/2012,5lYIe20ndNJDyKXkD2c63w,V_0CahGicKP-hGisyKc3AQ,1,4
Restaurants,Margaritaville,3/19/2012,SHtY5wmlV59Zk9vgcjPTjA,Wg_dKCbGn4FmLgBFfYk1iQ,1,2
Restaurants,Nora's Cuisine,3/19/2012,DxpD-HnSAhxrNYotBRnq_Q,Wah-GzGtbA6OeCGiJHjDVQ,1,2
Bars,The Griffin,3/20/2012,HExE2eOvHkaiMNuTvbgiMw,XKjj6QrxsBeM1CqX-_VFQg,1,5
Restaurants,Bartolotta Ristorante di Mare,3/20/2012,WHROFKBQVcyE9eK5Ek0kTw,BhaUO1dAF8RyoDJ7qFzL3Q,1,3
Restaurants,Martorano's,3/20/2012,j2nh1psUMPA6FnA5_WgrcA,S8NmQ8_0jP29SblEzEkDgA,1,4
Bars,The Chandelier,3/22/2012,qj9rhB7pOWoGlOSfgFwuFA,ZJ0SQQ9LDpMx88OFfEEmPQ,1,5
Bars,The Peppermill Restaurant & Fireside Lounge,3/22/2012,afvp9ZdyrAJDbykAbxjirA,9f73h9Wnzy1nAimAtJ6Qzw,1,4
Restaurants,D.O.C.G. Enoteca,3/22/2012,zmvlYwRX-P33rKy9O4VrpA,BpIXi537n43BFg8Q64a-3A,1,4
Restaurants,Margaritaville,3/22/2012,jKzuAJMSx8Xu0XUH_oqlxQ,1GaI7SOzjRCp-BAOop-8nA,1,5
Restaurants,Parma By Chef Marc,3/22/2012,3bqIR5pi129wRgyquq87EQ,XXNvCAE3-nwFgBAOMwSQQA,1,5
Restaurants,Drugstore Café,3/24/2012,pQFY71SjPpcwLSDNBgJCKQ,rF4k1F60yyXcmZm2kf5luw,1,5
Restaurants,B&B Ristorante,3/25/2012,LSiBnUHY5qrQBzjJZK-Vvw,neuz5QI9e4Fsxsnj-pvnTw,1,5
Restaurants,Scarpetta,3/25/2012,VcFP_vndrKzAsWUVWmfvJA,x6KhPMVyArzfb5Q3OJaDqg,1,4
Bars,PT's,3/26/2012,PvYYvYhKWa5n811nJC0zag,ZA4IiLKtp9-bB7D_qz50gA,1,3
Restaurants,Battista's Hole In the Wall,3/26/2012,aMxiM5yLmWHWTag3kt_7Uw,gi3YDP0XT9LNxgJbw3HN0A,1,1
Restaurants,Lakeside,3/26/2012,z_uP3_3rQcLyGLQ93m6YdA,muYw6tODqXHBcrCNxB9CYQ,1,2
Bars,Ghostbar,3/27/2012,7f5fnaUQiqVZF3L0d1l_Ug,96xJzxF9ovT0rWTHM-AcNA,1,5
Restaurants,Carluccio's Tivoli Gardens,3/28/2012,PbvPHyFYF6f5-bQHq6Fw8Q,OAd-vbR_POac1zHtu-Y2Zg,1,3
Restaurants,D.O.C.G. Enoteca,3/28/2012,BXSVznuClKjFu1v08iJdjg,YSJUaCfpJBp2ovA9wL92Cw,1,4
Restaurants,Drugstore Café,3/28/2012,hB7NvEnndumVjqYXp7haxA,C1cv0JYSBCJ-Qw4zX6ZUoA,1,4
Restaurants,LAVO Italian Restaurant & Lounge,3/28/2012,fCApgciaUWkvS0vQ8c29Og,L5J48U4acxyjgZ7JHeGDgg,1,4
Restaurants,Margaritaville,3/28/2012,U8kGdc4DPicPjPKtdrDa7g,pgD5UI0-_IkjdgEr_J4_AQ,1,2
Bars,City Bar,3/29/2012,B_m1_1GwYecaCPToIz-10Q,CqWHrA6o9WKmbYjtnoKkRA,1,1
Bars,The Chandelier,3/30/2012,0X2OSPssJItgze3XVJI0fw,JOu4EKGIVcm6WSShCjBf4Q,1,5
Bars,Vesper Bar,3/30/2012,Asdj7k_EDiRP-YtTG8JpRA,I3k8RjQpuYbCCtvtSNEHuA,1,5
Bars,View Bar,3/30/2012,4s521B6pOo9zaZF1gQHHfQ,aLnH0qJhmI-KVA_rfR-8QA,1,4
Restaurants,Carluccio's Tivoli Gardens,3/30/2012,9tJ7bvb75rdbtDYO3kWdQQ,c8kypFrsThVrZHKfv1KIeg,1,5
Bars,Gold Diggers,3/31/2012,bp-r_n3DdEpKjOAq5_Z4_w,So5HMCXthdTWncE5S4FevQ,1,4
Bars,Diablo's Cantina,4/2/2012,sePUBT3ml6lVlkbeZAT4rA,vMkexHC1Bya0VY9aOcE02A,1,3
Bars,The Griffin,4/2/2012,wVoQh-bPgZ0vBJufZwNWvQ,5zvluUo88izxKboCLoBUgw,1,4
Restaurants,The Bootlegger Bistro,4/2/2012,LZq1exOLa69X6ZlPAU-yzA,DOJM58OkGSsIdk2qCUZnLQ,1,5
Bars,V Bar,4/3/2012,MVztuyaC6kmtaK-XvT9G4Q,9VtrPXbHHVcHkeIgEUXtZg,1,3
Restaurants,Amore Taste of Chicago,4/3/2012,zMaIwGaFkd4aue_g3da8NQ,r1OTLwsimSd5u1p-onKx0A,1,5
Bars,Ghostbar,4/4/2012,4eDXlp29FxxAR8H5duDarg,UYz4tg3n09LITyTHJmm9Uw,1,3
Bars,ISLA Mexican Kitchen & Tequila Bar,4/4/2012,CVTSIUOI2pZI2z0wQQ7Agg,wbIU917ctOGp8-NdeVxIWw,1,3
Restaurants,Capo's Italian Cuisine,4/4/2012,RhxnlpDgVAz1cNGsbXo5aw,gDmsGyfZIt4In4bN5fvxgA,1,1
Restaurants,Maggiano's Little Italy,4/4/2012,Psq8HgCcoQJsHdydTLTMgQ,Kl0KsCJpF5qwTwkZ40cjyA,1,5
Restaurants,Mama Depalma's Pizza & Bistro,4/4/2012,m-TFfzR8qVR4alGO918-Lg,RkLFtp-j1pQotNqvOI6lag,1,5
Bars,The Sporting House Bar & Grill,4/6/2012,omuBTuPwCznsku0N5K8hiw,SXKeFswVpGUmWa0nEzA0pw,1,4
Bars,H2 EAU,4/7/2012,2GWWhiIjF-Fo6w3OnjxNgQ,2uBJ-tYoF5C0-p30iEiymQ,1,2
Bars,Nobhill Tavern by Michael Mina,4/8/2012,W8qPFjRNdv05cseLvtJfTg,0QH_h9h7tWUN90jrJhw1fg,1,3
Bars,BJ'S Cocktail Lounge South,4/10/2012,Me6kuwMnA41n0IBr518Q4g,DrWLhrK8WMZf7Jb-Oqc7ww,1,3
Bars,Blue Martini,4/10/2012,zJM7h8SaXH4pMyPcynddnw,AgtFQVxo-PGQVsOdY6Nvdg,1,4
Bars,ISLA Mexican Kitchen & Tequila Bar,4/10/2012,VeNU0adyKCRD-K_RyPX0eg,GIsUAlUktFGCwtRsWbAFmA,1,5
Bars,Level 107 Lounge,4/12/2012,A6JPU00GpRucqCRpUxZqpA,xGTSn8aKFDgbQKuXRhkGaQ,1,5
Restaurants,Maggiano's Little Italy,4/12/2012,NQmrGrO7ZEhzmMnEXl34YQ,4QZ3p9BjH3Jvj4JJlLe2vQ,1,5
Bars,Fat Tuesday,4/13/2012,imlTJlRha8OZ7FngpzO-dA,Ox_TgDuw5lx9hwHa4HTDkg,1,5
Bars,SUSHISAMBA Las Vegas,4/14/2012,xcltD8gP_s99BVsFE02eLQ,3G35UMgfUZzkBlutuWZ5LQ,1,2
Bars,Vanguard Lounge,4/14/2012,NwQXAc0JlXDachtOFRTNdg,Mdmrp68WoWWdagp4fFstLQ,1,5
Bars,Diablo's Cantina,4/15/2012,2euhclMUkRV_TyfvGDsCoA,gJ-cQRVPO_iMt50LxFbryQ,1,2
Restaurants,Margaritaville,4/15/2012,2nryyaClCgqY1i2aoloGxA,7108DyA4X9KY3pCMViOCLQ,1,4
Bars,SUSHISAMBA Las Vegas,4/16/2012,smuFs5kwkd8IpKWMqXR1sw,SJONo8zzvSUi8AuZoe7T3g,1,5
Restaurants,Brio Tuscan Grille,4/16/2012,Cl6hdM-bOGkNzcjb4CcWAw,-2Be-3ceNndWD6PmQOLG6Q,1,4
Bars,Morels French Steakhouse & Bistro,4/17/2012,R8a-hC4HCpwWbRSFO18Q-w,uW_BiO-wT4raWMgUdCWOqQ,1,2
Bars,PT's,4/17/2012,zdZtuq3LHcC2DBwXLThLFg,r3jqORQ2Q5iuQpd2dbWKug,1,4
Bars,Vesper Bar,4/17/2012,aFLSxs0h6_DW2mFFAdhVZA,crHk39O5I5ZEpzNQz6XgAw,1,4
Bars,Bond,4/18/2012,PcTkcVOybtDdtiF7i0wB2A,jIDhZ23eeUzFGPOxgxG3Qw,1,4
Bars,The Chandelier,4/18/2012,OdBI1UaoFV2_AEkl6oO_jQ,jIDhZ23eeUzFGPOxgxG3Qw,1,5
Restaurants,Casa Di Amore,4/21/2012,T5oGyGgxeGWVN6Ta3Tu7Qw,DoTP2tFHPm4o2B820rDaYw,1,5
Bars,Artisan Hotel Boutique,4/22/2012,NLfhxm48GSl5q8uM-RyQlA,IrzHAVpjBUSLnnrY5jG2OQ,1,4
Bars,Insert Coins,4/22/2012,jkShJk0lsY0nMUioEMtFCQ,8GF-oHHozB4VqjDeDwTYlg,1,2
Bars,SUSHISAMBA Las Vegas,4/22/2012,Jb9fur_cz4ZeySM0y2xQRA,8hY6P1qK73N8p4P8fqOGqw,1,4
Restaurants,Lupo,4/22/2012,2Z7NdvlZY5AA0BRP7-3PoQ,r3y0saCYqzxgZ4wtLirIpA,1,1
Restaurants,Scarpetta,4/23/2012,kAuuBVb1rC-VpP6LljDKMw,EDPucJOSBzuZqg8mqBAp7Q,1,5
Bars,Carnaval Court Bar & Grill,4/25/2012,aryksLU_xENBGyYdD5dUcg,DyqTzmXPNptfyrUAHBOcMg,1,4
Bars,Courthouse Bar & Grill,4/26/2012,OSQBtWPdTFf9iFaI0uqmcw,M-O0tasOl0SGiUsxdO5cZw,1,1
Bars,McMullan's Irish Pub,4/26/2012,5GUJLdgnz1NiT1SfX3ZO7g,ia1nTRAQEaFWv0cwADeK7g,1,5
Bars,The Peppermill Restaurant & Fireside Lounge,4/26/2012,rxO_korrWOGg-5mqkfdonw,7C0KbRibL7JzU5XgnSBNPg,1,5
Restaurants,Il Mulino,4/26/2012,v9DI11zvCY2AvoOHdmoeKA,m5icfnP71fJYmp0ogNvC0A,1,5
Bars,The Griffin,4/27/2012,RJcUMLKMPi2tpUZYPe1bTA,aCFMp2_D3dT-I_0E0k2d7A,1,4
Restaurants,Maggiano's Little Italy,4/27/2012,fdlpVa5f_nROC8C94ds7cQ,BrvNYbQWLDBQRallbfh6Bg,1,5
Bars,Insert Coins,4/28/2012,BeS9nPHo1vNx2Q_lKbmFGQ,KCQUgDM3vNuB5xn4ZXVo-A,1,3
Bars,Social House,4/28/2012,PGuSScclfM56yeC-07Waww,Fh5lhP6Rfeft5ZM6Um1UBA,1,4
Bars,The Piano Bar at Harrah's,4/28/2012,73DYMEMQslVje7D-KLv4IA,UuuDIwXjnJi5EZxRsExSEw,1,5
Bars,Wolfgang Puck Bar and Grill,4/28/2012,yJMiT1TX_EkJme9pLDFazA,0XRFyY8-dxmrDheFPpe8Sg,1,4
Restaurants,Margaritaville,4/28/2012,bSxYvDf7JWOq8T68IaFwvw,PSytIAQzWIKsKdyzewEYsw,1,5
Bars,Vesper Bar,4/29/2012,r3aT-JSzdyHqfsSpvmtYEQ,mhrDDrS6LJpXJykFEuQ-RA,1,5
Bars,Sierra Gold,4/30/2012,s4rdxg8LpqyvOUujv0V0cA,rXXbSOG1yx9s-c-YpJz4YQ,1,4
Bars,Book & Stage,5/1/2012,dMqZgl9o-3zVFhvfFmlRfg,sMBdzt8FE_oaqIzYRAwWZw,1,2
Bars,The Peppermill Restaurant & Fireside Lounge,5/1/2012,GzNq6X670grsCjBmNKZgqA,gWgylxXizyzO4WpurFdTog,1,4
Bars,V Bar,5/2/2012,69Kma-A_SM5k8a_3v17CBA,Aqx50LvHHE90sHtp-O2olg,1,3
Restaurants,The Bootlegger Bistro,5/2/2012,wxcD3btYdUbP2XcoNXjBsg,cFgQkAnOtuG9POUSQKfJWw,1,5
Restaurants,Wolfgang Puck Pizzeria & Cucina,5/2/2012,r5KXM6wRB8tS0HmGPx20hA,fwVNS6fgl4eQn8UjuXqufw,1,5
Bars,Diablo's Cantina,5/3/2012,ouD3r7MkIeojwOx_qEMXEw,J3nKKpQJSJuq9jKeOt3Iog,1,1
Bars,El Segundo Sol,5/3/2012,sf-NhAzaodgr_sp80TrwCQ,kaZIsztpS-2Px25c-ogBzQ,1,4
Bars,Level 107 Lounge,5/3/2012,BaVoAPPLvlPGYqg9AUem-A,SuILqUGWM7mXVLrPaY8Lvw,1,4
Bars,The Peppermill Restaurant & Fireside Lounge,5/3/2012,g2ZW783ZYrFToYgSmVPRCQ,F_PovpJQMeEFViqxhQJ4Pg,1,3
Bars,Free Zone,5/4/2012,Iksa6rPGr-XCJC4NuEB2GQ,c2izEHQvCz-bb2sR4fTLEg,1,2
Bars,The Buffalo,5/4/2012,X_2URy0WhB4CFAQtolgW2A,c2izEHQvCz-bb2sR4fTLEg,1,4
Bars,Trump Hotel Lobby Bar,5/4/2012,vzd7AFhQgVGOP7dhip9C9w,c2izEHQvCz-bb2sR4fTLEg,1,2
Bars,Morels French Steakhouse & Bistro,5/5/2012,8gqAf-z71lf1w7tp9mLL_Q,dNTsQyN_5EDwsxvD9oOSVw,1,2
Restaurants,Nove Italiano,5/5/2012,u_rK40NoVFHOQYlbsmJ4dw,HlnUSxkfGeXKKUO_Hw_W1Q,1,3
Bars,Insert Coins,5/7/2012,MIczKGK6Mwmu9I-9viRSmA,TroANF3f2PuYeVfSItxxaw,1,3
Bars,Nu Sanctuary Lounge,5/7/2012,glAky6n3VeOvcRMQPPVV-w,9Immf9o7abSv0p92BpN6ng,1,1
Bars,Mulligans Landing,5/8/2012,6D41MOFVIWS3B7rpMDv7pw,cFgQkAnOtuG9POUSQKfJWw,1,4
Bars,The Beatles Revolution Lounge,5/8/2012,aWQcO0fYDTKretkCRdWhrg,5snIF-mL0gaRacc_CmjRfA,1,2
Bars,Vanguard Lounge,5/9/2012,6qcQxOSx2HCM52FlmHLzqA,KeqbjQk_CLJp0FJj7273Tw,1,5
Bars,Fusion Mixology Bar,5/10/2012,c7Z_Lieb6maQ5KC_CYziVw,Q-4Cc9DQCuMNHiH7xkm7TQ,1,5
Bars,Bond,5/11/2012,tUOVF3Lff1hH76hMb8GN5A,XhTovYC8rjJoGSyCr2452A,1,5
Bars,Carnaval Court Bar & Grill,5/11/2012,OnCyVrgSgJ--PcV15wox6Q,OEE0mHrj794pBTYqhnliWA,1,5
Restaurants,Cafe Chloe,5/11/2012,c5-ztgfc19bg3uvHtkPbsQ,s1i-xYJmQzTmGQ85yL65cw,1,2
Bars,Grotto Ristorante,5/12/2012,XecmJs1MZM2lZx9WCbJGMw,os5DXiwMcPO22sFsiNXslw,1,4
Bars,Minus 5 Ice Lounge,5/12/2012,mDOUwu2e93wbq52K7USghQ,wj8Ge6f_hoY4p5_6W7oNGA,1,3
Bars,Salute Lounge,5/12/2012,_Sk4Iu1Pd-o4lmZzYdVNXw,pvJuYSOgL1qKwrMJUyZl-Q,1,3
Bars,The Brentwood Cafe And Tavern,5/12/2012,GMUWU63ihWHJRWW9CTZ5AA,Ox1qn2VrLVZqAUML3K06ww,1,5
Restaurants,Bartolotta Ristorante di Mare,5/16/2012,SwvqJ2WSmR2ZYa2Cps2G3g,2eOzT95B-DWjSQtrs5Ms-w,1,3
Restaurants,Wolfgang Puck Pizzeria & Cucina,5/17/2012,YRLMTTGKfbEpo2gMm6PLWA,_AJekjxvLJlt7i9jXGvumA,1,3
Bars,Onyx Bar,5/18/2012,3mhFtaU8GrfjOm_S9dsK2A,sS_Nx_p_kYNF_wKLe5d77w,1,4
Bars,The Peppermill Restaurant & Fireside Lounge,5/18/2012,yKUjuO7WSK8WjBuUEnDscg,OvSCKm8fU52QEfLoY6DUCg,1,4
Restaurants,Brio Tuscan Grille,5/18/2012,vU6IjMSRGwhgdNBllQzmoQ,as-i1DQN9aditeVjLg9Pfw,1,3
Bars,TGI Friday's,5/19/2012,zDsU4sxKME8YZ3stHFuU5Q,HkOZSO6pN7u5NG7yjEyvww,1,2
Restaurants,LAVO Italian Restaurant & Lounge,5/19/2012,mhbYsixou8gPeV6gcb--4g,pXHSbmRWtYjXF21jqol2ug,1,4
Bars,Kahunaville Island Restaurant,5/21/2012,a7MV3ysY8eRfI8UI3JkKbQ,mm1-8hxSTbQH9iUAIkML4w,1,2
Restaurants,Margaritaville,5/21/2012,3M69x-WvIst04k2ZNwvimg,mm1-8hxSTbQH9iUAIkML4w,1,3
Bars,Gold Lounge,5/22/2012,SYoHBAzPeoraOTMQp09PQg,W769leHuV8lNaLJhbw6MyA,1,2
Restaurants,Enoteca San Marco,5/23/2012,633UMxmu0oudgNbeGTf9TQ,obaDwNV7rXBsQ2_HY81Nww,1,3
Restaurants,Il Mulino,5/23/2012,lBBoUp58FIxKczndJj1UfA,dRR7HJg5H5QE-PwrDpejsg,1,4
Restaurants,La Scala,5/23/2012,PcyRbdjVZ5uO905g8m0h3A,DuyRkDoBSlNC4Yl0o24B5g,1,3
Bars,Four Kegs Sports Bar,5/24/2012,Yz6yluG-rVVl9uWsV43zGA,LfAkT97ad3dK9mslpqSJPQ,1,4
Restaurants,Buca di Beppo,5/24/2012,vPGBz4LYCbgXj1XnyuWc7g,nuFZm1XjI32sJniVgJ6Svw,1,2
Restaurants,Cafe Verdi,5/24/2012,ay1_X7_qnfYaPialHOBCiQ,KMvXBhgZQ_-u7iSzbNhVxg,1,1
Bars,CUT,5/25/2012,wj24h9A2_BMIJCFn0ygpAg,1KFfg08UgWHdvRypUKxPPw,1,5
Restaurants,Casa Nicola,5/25/2012,7_YxB7W2ExSF1iKcBnaBgw,hTpue2sTHdLgWSc8AEoWng,1,1
Bars,Shady Grove Lounge,5/26/2012,LJMCLS2HDpjit3I7m8jc0Q,AdFpuH7MSin8cKmpT3IbCA,1,4
Bars,Aces Bar & Grill,5/27/2012,B5rIhhDP5LoGouBxTAlN6w,sS_Nx_p_kYNF_wKLe5d77w,1,4
Bars,Four Kegs Sports Bar,5/27/2012,paUNEXB3ExsQFZOssy7TpQ,uBOOHTW-Sm7VBeWbRWh1Tg,1,4
Bars,Bond,5/28/2012,OeOksDZCdyXv4UGSliZI1Q,Ov_SfgiD9ZupSZB4cHkJsA,1,5
Restaurants,Chicago Joes,5/28/2012,x7-gM3iH6nB7gb9SoVu0aw,DrWLhrK8WMZf7Jb-Oqc7ww,1,1
Restaurants,LAVO Italian Restaurant & Lounge,5/28/2012,mj47w4QTzBD5eJDWfuj68w,esZE5sqc22Bbs6Jnpi55tw,1,3
Restaurants,LAVO Italian Restaurant & Lounge,5/29/2012,pHHWNvPa0SnmKjygSez0IQ,FcMeCDy8pYehvHpxRHq6yw,1,4
Bars,Buffalo Wild Wings,5/31/2012,QVxXoM0iMwqKcTTuoT4Taw,Q9BMDPfaawiPk0Gbq7v5Vw,1,1
Restaurants,LAVO Italian Restaurant & Lounge,5/31/2012,wQhhJI8hVkt3lE-pgciR3Q,b01oHeTTcxqSbN9PfSqsdA,1,5
Bars,Lime Ice Frozen Bar,6/1/2012,UOh6H9ATyzJVHSwj9Rm3pw,50uxS3BBDTeeW2GCFQXAYg,1,4
Restaurants,Brio Tuscan Grille,6/1/2012,u3j97IurduZaZsX6HhyAcw,Vicz0PnWYTzhZHiGK_fM3A,1,5
Bars,Frankie's Tiki Room,6/2/2012,Gkd8f_AgUgDnPqLbOYJEoQ,vnqp7yn3jSw3_IS9qhaDVg,1,5
Bars,Morels French Steakhouse & Bistro,6/2/2012,uKz6-33U2xF_A692IfO1Vw,JfTKOg0lqmuMifm3R8NOZg,1,1
Bars,BJ'S Cocktail Lounge South,6/3/2012,s9weP5v6TdaVgGc1d1MCBw,DrWLhrK8WMZf7Jb-Oqc7ww,1,4
Restaurants,The Bootlegger Bistro,6/3/2012,OBwyX4UdKYQf7odnbwbs1A,TPvApg3K1Qqz0y6oMlZU6g,1,4
Bars,Remedy's Bar,6/4/2012,c8zshFgteMV7-_CkPArKjw,FzbXSSr2JkQ1Z4zGCO4ECA,1,5
Bars,The Chandelier,6/5/2012,7Zc-5tOdhZo3H07lfADMfA,TroANF3f2PuYeVfSItxxaw,1,5
Bars,Benny's Bullpen Sports Bar & Cigar Lounge,6/6/2012,pHsAe-qctkbHrOdWpC-Wtw,hcpEWVuP0Kfhz1EHtU-gXg,1,3
Bars,Morels French Steakhouse & Bistro,6/6/2012,O04EWW3cKDIo9pdT3gdT8A,BrKrKBbSEoixUVDo4Ukr1Q,1,1
Bars,Rhumbar,6/6/2012,KhIAY5y2zNwLHSTghGuPug,GcNahuFltpxdMkDP6zv28Q,1,4
Cafes,Studio Café,6/6/2012,VcRacos8zIS7DGqmPKSU-Q,GrIpU3rvhW1Ydi5DlKQQjQ,1,2
Restaurants,Romano's Macaroni Grill,6/6/2012,TFYF8BYhiMKrBWLW7Dy66Q,bMpF5OPrf916Y0Gu13VIMg,1,5
Bars,Grotto Ristorante,6/7/2012,1vHPeiekcCRVyRN--Rb7iA,cQMjcul-XdxFc9Kk9ocdow,1,4
Restaurants,Scarpetta,6/7/2012,OfxvULeN3XsaYvihak88YA,QXtSgPGBkQ7DILpYrRIyRw,1,5
Restaurants,Canaletto,6/8/2012,HRcE0zqb7HcC_0j5PciRZg,uR8VGGOYxpIfnzY7YQc9oQ,1,4
Restaurants,Carluccio's Tivoli Gardens,6/8/2012,gU-AtwINBz-E9IpRJqGjhg,Dta4mJjev396oshvD-8NcQ,1,5
Bars,Big Dog's Bar and Grill,6/9/2012,XEEF1bl2HyhUvKnFMZ5Rtw,EjhVxYFeMUYimoImjMduzQ,1,5
Restaurants,Brio Tuscan Grille,6/9/2012,KdEc39plOfXJbOYvffW2xQ,urQxpxxdIqZtlMzPYpK5cw,1,2
Restaurants,Mac Shack Spring Valley,6/9/2012,1XNGyEOMdy-akpAQtfD9Bw,PIEXgVHLVG3cG7ADW-DTNA,1,2
Restaurants,LAVO Italian Restaurant & Lounge,6/10/2012,P6x9frK9f2xomSWWoYekZg,RB8nLXU5ME4i3h7ixYhCNw,1,4
Restaurants,LAVO Italian Restaurant & Lounge,6/11/2012,pIptSWDOb_38j_i-nlNxxw,uR8VGGOYxpIfnzY7YQc9oQ,1,4
Restaurants,B&B Ristorante,6/12/2012,wazBD77GWX7DlKaASRK1ag,d0MeqsdAD3DWS3fP83x9_w,1,1
Restaurants,Brio Tuscan Grille,6/12/2012,EYKAaoIFUglzrDR0qlpl-w,rzHZ3iYVQe_8h2e42DbUsw,1,4
Restaurants,Tuscany Gardens,6/12/2012,xOp_hT5Ls5cPH73APJ3nFg,0BAL16twnkMNRcycxtUnCA,1,4
Bars,SUSHISAMBA Las Vegas,6/13/2012,dVUx5rbZu5AdL_GO-ueY3A,p6BIxrWVJ_7hnqXKMWc43Q,1,5
Bars,Nobhill Tavern by Michael Mina,6/14/2012,4xLT4yjzJCa1Tq_kKRW37w,lpZtfD-vCqUER1yGKEvUPw,1,5
Restaurants,LAVO Italian Restaurant & Lounge,6/14/2012,GRqcZe8fTpCTnCKAm07TjQ,SyCg8xSbYQdSSLbYxndqfA,1,2
Bars,Gordon Biersch Brewery Restaurant,6/15/2012,cjjMPo73NNLgGrj7yrzFYQ,34f0JTQ4QrLD2UEr38W2-g,1,4
Bars,Moon Nightclub,6/15/2012,53AibhIeDxpG2ersiNUi3w,_UCtSScuGR-RJHVa9NqT3A,1,4
Bars,The Chandelier,6/15/2012,dkgJGfDg_zIMlPXalwto1w,7UL5bl9z9qUfzJCPk0eLqg,1,4
Bars,Wolfgang Puck Bar and Grill,6/15/2012,pnJGPlyL4XShYKGRboFDQw,hYlMvSLGcToupOvZ_2Pihg,1,4
Restaurants,Stratta,6/15/2012,ga8eWlU-hdTtY7kkgIv98Q,9l1heW8jGLcPXS2mFmOO1w,1,4
Bars,MIX,6/16/2012,ARyAXj2IoHUt6VhsaNegdg,C_qMM_mLkMVOHBV1RDJTYw,1,1
Bars,PT's,6/16/2012,Fl46PxBc0FOEJKKGAsVwaA,WlyuxZP2E7jyCrSna7P67w,1,3
Bars,Social House,6/16/2012,kNnH2jwXYZCtHZREryVSAQ,hpv_0rLsQ512O_tomr4xiQ,1,4
Bars,The Martini,6/16/2012,swbl8plY-SYfnL3YuIwfZQ,vnQTG7FgmY_lo18FgT6t_g,1,4
Bars,Morels French Steakhouse & Bistro,6/17/2012,Ne2M-95rOhjyn9n7JB2vjg,JVzzxfbHiAI_qUdec0-SVw,1,2
Bars,Putter's Bar & Grill,6/17/2012,7Vixs8n3gEt8m5nXavKogA,YwjQlkioL49d7afwN8VKgg,1,5
Bars,First Food & Bar,6/18/2012,IVl59Yiq1eyZOErIv4fdwg,FNXBMvD4Psix4pElgcmN7Q,1,5
Bars,Grotto Ristorante,6/18/2012,CYRnm-S3OW3NoJ8X-DponQ,AEp_xhZM1sTA0GIM1MG0Jw,1,3
Restaurants,Sinatra,6/18/2012,,p3Kc12whjl1LMPqjtWitpg,1,3
Restaurants,Wolfgang Puck Pizzeria & Cucina,6/20/2012,LZDrTV7G_9iX7qXhw9WH1Q,iEPfHcejaNLx6FLrULXWMQ,1,4
Bars,Rehab,6/21/2012,lu8yM9y5_9FqlFNZxzdZJw,AMoEIXXr_r-DAf3d-xsY8A,1,5
Restaurants,Nora's Cuisine,6/21/2012,MXQUBG1QhAYjnKNDZAmc1g,xfz_Bb4RIYH7N3luWqbyHQ,1,4
Bars,Paradise Cantina,6/22/2012,zKwsh89IeWFm-j1MIlP_fg,KSXkU2mUOgi9ChSJBGFsTg,1,3
Restaurants,Brio Tuscan Grille,6/22/2012,VfcdJTQ80fStzY4DGvvMow,Ot0y3rUQjMbDxXeejmJISQ,1,5
Bars,Fat Tuesday,6/24/2012,hiQ5Vf_2Hb_8gIVTDHwOxA,lwDdqS1Fa9BXCIzyIgxpWA,1,5
Bars,Fireside Restaurant & Tavern,6/24/2012,jKMfoezZumM2nfQLG6Q0Kw,oJLVyyC6g2MzUD2Ltrlstg,1,4
Bars,Moon Nightclub,6/24/2012,Xa6TyXH94l1Bi-f3n5VNZA,RCwVj-J46l1KOhYNskBzIA,1,4
Bars,The Beatles Revolution Lounge,6/24/2012,SX2l60iM5OP3KXSVmrEzvA,jFej1V8VSWstJplpZhZG9Q,1,3
Restaurants,Encore Beach Club,6/24/2012,mmrjNfe9Unlf1sGRFfj8tg,csEnqdkVjUY3KHfPeXrL4g,1,5
Bars,Frankie's Tiki Room,6/25/2012,03k3P-JhvbrnSIrp2VOIvg,BVEzms_WuyNpV3RHE-vrng,1,5
Bars,The Peppermill Restaurant & Fireside Lounge,6/26/2012,AS16bkR5P_Hn0chSBHTf-A,aj1atE6H4Jf9mfsHvWhn2Q,1,5
Restaurants,Rao's,6/26/2012,xtIAT0z1t51H-G8uoN_hng,NjyXf0dQrZowrT7uw22FQA,1,3
Bars,SUSHISAMBA Las Vegas,6/27/2012,oFbmeoAIhuNQwDl97ke7cQ,HQYvJcexcecVLjkLwNgPiw,1,5
Restaurants,Battista's Hole In the Wall,6/27/2012,eToaGoC90BOfwS4Y72XjoQ,E5J_yW2ZELCkZNO53DjFig,1,4
Restaurants,Morettis Eatery,6/27/2012,airyTNxbGybISjsfviVTAQ,Ssz_b4KHWjRj21FonGQv7w,1,5
Bars,BJ's Cocktail Lounge West,6/28/2012,CP-Kg5_ybTDwVg1knGWDCA,4WteRksk-00AHthnGykSFQ,1,3
Bars,Fat Tuesday,6/28/2012,XcMbEPWmC_a9H-a7vCXlqw,7WL-Z0ZpUA-tnXh5hYiOvA,1,5
Bars,Minus 5 Ice Lounge,6/28/2012,6fBvtDE-KXV8bFn3pM_5Lg,1i4LuQk5Lpj9oHRIR6gFXQ,1,4
Bars,Rouge,6/28/2012,fAhNVL7bI33VYAFfK1Za1g,0aQyjVmcytcjkiabuhkIgA,1,4
Bars,Numb,6/29/2012,5jXTDHL6gQzKEqRu8G-PDQ,JT9QE0UPwZ6Hb_okYItaAA,1,4
Restaurants,Mac Shack Spring Valley,6/29/2012,_5pIut1My7WMleS7n-uKfA,biifI-JRFI-2IfAA9TdZ-w,1,5
Restaurants,Pizza Hut,6/29/2012,C6UrtOctVTzxGkd-gXWxPg,biifI-JRFI-2IfAA9TdZ-w,1,3
Restaurants,Rao's,6/29/2012,yFX4XKn7O1DltK_1BXMhDw,Gxv3LJynVxG0jNdu8AXVTQ,1,5
Bars,Buffalo Wild Wings,6/30/2012,sUl8watKDKCvrYDkdlhatQ,biifI-JRFI-2IfAA9TdZ-w,1,4
Bars,PT's,7/1/2012,bT4aCYx_u6xzLWrs6TnumA,HZhdjd2wB_4vpMuPBFfKrQ,1,5
Bars,PT's,7/1/2012,wrN2vdwEzx1ebqClkmTKqA,I38tgdNV5-0ZEZAHKNhTdw,1,5
Restaurants,Brio Tuscan Grille,7/1/2012,LUqJk38aSLGxoDCOp5Dtkw,rzHZ3iYVQe_8h2e42DbUsw,1,4
Bars,TGI Friday's,7/2/2012,LQYPsZGJYdEyGwJAKYVJEg,5pn0Rb0RSvt7IkPLWsGeZg,1,3
Bars,The Beatles Revolution Lounge,7/2/2012,kp8Ke96uXhH-38Il7p6Vcg,sc56gWdnbkyK0zhPOgBMkg,1,4
Restaurants,Bartolotta Ristorante di Mare,7/2/2012,tW_I7M5N0yjWXJ18vhnW4Q,vKbGxtsE8-wwOG9DE3czjQ,1,5
Restaurants,Valentino,7/2/2012,4ExG-vkYDoGrdAEECkGzkA,3P8YxDrEdFuzZcnEafVDBA,1,5
Bars,CatHouse Boutique Nightclub,7/3/2012,1nCAYcew3CT9OWTazy40aQ,LUX2ezoq9nkAmaUjQNa3sA,1,4
Bars,Frankie's Tiki Room,7/3/2012,K3pSH66_81E3Jwfw5yZBjQ,EjhVxYFeMUYimoImjMduzQ,1,5
Bars,Koi Lounge,7/3/2012,YPBnDgXI7hK1phbcLiwhtQ,ZOTeHFDigCT1x0xzGHBTyg,1,2
Bars,McMullan's Irish Pub,7/4/2012,k1TXtfzLDP05aLIZOnjnDw,lHHwLi_YZuDSfdlSShFkug,1,3
Bars,Carnaval Court Bar & Grill,7/5/2012,nf-aTmnttpT76BS6kG5-8g,DPUqYXT8dj5psqjchpP6cg,1,5
Bars,Insert Coins,7/5/2012,tkZngUv5We38E7EcVZn9cg,lxYV2Da_CFmtxcQ3dSqkGQ,1,4
Bars,Le Central,7/6/2012,koO1tNeSrMQR806yoHoilw,u7DlrW6DpVQ6nWfmBHgVpA,1,5
Restaurants,LAVO Italian Restaurant & Lounge,7/6/2012,oQjCts_ieRjQOc-9OCZm3Q,TEoY60poY_5k82q_w9zt5A,1,5
Restaurants,Wolfgang Puck Pizzeria & Cucina,7/6/2012,jzZg14i7If4Ma1qPvq1weQ,7nZEoEx0pY7UNhVqEs1liw,1,4
Bars,Blondies Sports Bar & Grill,7/7/2012,_Z3CVzsj3hKb-gZbuQL99g,sorKMY3n1EiT7gsSw4eFkQ,1,2
Bars,Gold Lounge,7/7/2012,IRvH-RMiHRdGGa-ZRo7Z4g,0iEesn5HRS36E6MXp3BVvQ,1,2
Bars,Morels French Steakhouse & Bistro,7/7/2012,EABb7P5nZaQshRq3PRdZAQ,f1IpfGW3ye_URVlHKahDVw,1,2
Bars,PBR Rock Bar & Grill,7/7/2012,GulZ535FLWqFh2jDTHFaFg,uSYAjQws1Ot2ZcOObMOxGA,1,5
Restaurants,Nora's Cuisine,7/7/2012,hQWxf8qDqHgUnIHKl0Nriw,nKQr6Wa6QcKtO-rc-DPa6w,1,4
Cafes,DiVine Events,7/8/2012,kA_qZ0P_DDg0IgNs6EdXwg,wLPvgxjRGAU9-LDEuZDukQ,1,5
Bars,Straight Up Gaming & Martini Lounge,7/9/2012,S5X3XaKEatbUQNmdZXGJkg,H0runro-JouQzAXxj3-mPA,1,3
Bars,The Griffin,7/9/2012,YTnvgniSOhjiEs6mtWNo4w,R6ctqk6wMNBsc0NjeNvF-A,1,3
Restaurants,Mac Shack Spring Valley,7/9/2012,JuOIlEOFOT1Vu5gkjnrqxA,PkO62FvSCwyZx2VI4tUgPQ,1,3
Restaurants,Parma By Chef Marc,7/9/2012,GfZQXBpTOI4gno_C9zTq_g,R6ctqk6wMNBsc0NjeNvF-A,1,5
Bars,Beauty Bar,7/10/2012,aV4J_Y9aywChA3uSTUuGdg,Xm8HXE1JHqscXe5BKf0GFQ,1,3
Bars,Fat Tuesday,7/10/2012,pSxcNCW2f9DYpn039fli4g,hSZrn3sB_hzeFIkSLMzFCw,1,4
Bars,Carnaval Court Bar & Grill,7/12/2012,HgXlINDC1G7RMJB_HWA-Gw,dkqbG4Czd9L1xIdhhH0HNg,1,3
Bars,Carnaval Court Bar & Grill,7/12/2012,cFsjBkvC5FqTZ6Wfzlvx-w,vzEEaJtnHwTDEaIYe8Qv7g,1,3
Bars,Encore Lobby Bar,7/12/2012,YXgiYDvdbTOFzEQk2H1eRQ,irhNQpzV43fZeHkTOeRFSg,1,2
Bars,Eyecandy,7/12/2012,jm5D8s319EdeE9r66oRQjg,osoryW3a1vWFVprM6AP2sQ,1,3
Bars,Fat Tuesday,7/12/2012,7-ZqPqKg35jPliRWWlkuoA,0hOAju6nXoxjbZt4As_N4w,1,5
Bars,ISLA Mexican Kitchen & Tequila Bar,7/13/2012,EZbXs87BP38Ysr_920VkZg,ToIt1Ragp54oO8qFrrvhLQ,1,2
Bars,Mandarin Bar,7/13/2012,jElEfc99F_ZWqQRo_ZCtlg,K0qm1-rKTIjFSk6jmZz5vg,1,5
Bars,Roadrunner Saloon,7/13/2012,fG16WHvw1948fY28aVjJrg,M_waOkJFx0tw9Dg-9Kgw6g,1,1
Bars,Sierra Gold,7/13/2012,ZSSsGgz0XTonAAWtOu2R1w,dUjFNfn-eTMg0JAZ0BWl5w,1,4
Bars,SUSHISAMBA Las Vegas,7/13/2012,HRmJExAtn1DNtaBsxU8e6g,gUomUQFCjInZDgZ6_6RMZA,1,3
Bars,Wolfgang Puck Bar and Grill,7/13/2012,vofVGevd9ZWHt7uW2w4PPg,f1-pIw_p0ifzu03TXjPRiw,1,4
Restaurants,Rao's,7/13/2012,eVwfflRVUiRknZAfA5sVOQ,JCAMf5uqifwWFqQReaDN0A,1,3
Bars,The Beatles Revolution Lounge,7/14/2012,VlsyqbOcfcpCOIwpM8tu8w,yGgACwJD3LIFuVFAtKs4pQ,1,1
Restaurants,Olive Garden Italian Restaurant,7/14/2012,ol9hIUWMidDLuiprqTgeuQ,Oy6zD8Len02Vvwjz0O186g,1,3
Bars,MIX,7/15/2012,2U1yS9pFZPceT1POXQoqjA,_5a0NzA5ES16VdW-0_q8Tg,1,5
Bars,Nacho Daddy,7/15/2012,REyiQrGtUY8qEb1xaBXXtg,imb8zI2mPdiXSXeRuVntag,1,2
Bars,SUSHISAMBA Las Vegas,7/16/2012,wZMgZG99RK54KdaBkOOc8w,iIdkRFxnVgFVdFny2JpJIA,1,5
Bars,Don't Tell Mama,7/17/2012,xjvtTPaDPOLRdnBuuSYvwg,uSelCkRsmm9UhO43ppM73Q,1,3
Bars,Downtown Cocktail Room,7/17/2012,ftPC1Tpx2VDqg1B3Xl1QeA,kvGCQB-mF37QHvmUB-TyBA,1,4
Bars,Tequila Bar and Grill,7/17/2012,ljxMlta-KKTgqBdRRlj0uQ,C0UY1f2BUUmLdmB3sn5_lw,1,4
Restaurants,Nora's Cuisine,7/17/2012,pONqPvFPMQESxIBeA-TsZQ,D2cMQ6UIZ2kK4PttcPqQvg,1,5
Bars,Don't Tell Mama,7/18/2012,rOKiIzs1eLsYOeOn22ZrMg,XaQ0ixDeWTwIQa9EwQ6Ciw,1,4
Bars,First Food & Bar,7/18/2012,kPGNkzD4G74D1GEozW65VQ,v0AEudspYxydOQ59fPLpcA,1,5
Restaurants,The Bootlegger Bistro,7/18/2012,dM_dZpwcEPFLBMFCuYoB9w,GY1gvQyULQJd6RrXwkIcjg,1,3
Bars,Bond,7/19/2012,iF2S5_u9kTDZQKv4iRm18A,0gu-HVVfMleASzVluVZjXg,1,4
Bars,Four Kegs Sports Bar,7/19/2012,f0XNELKPD5xyMGXcgoy0kg,nG--zl-nL4iX5vU6TIDh9w,1,4
Restaurants,Papa John's Pizza,7/19/2012,pxOA4URoVT_wavrcpJWA7Q,D5yLrtrk48XF1nAJ5CsIaw,1,1
Bars,Morels French Steakhouse & Bistro,7/20/2012,ilPFUVFMVyyk5l8AI_fz8Q,iYSeAyeMqzkWvXaTTZgHoA,1,1
Bars,The Beatles Revolution Lounge,7/20/2012,UIXS28xSqEpCPQOL-9PsYw,7eWnOiYFe9LXgLSYA_mLOQ,1,2
Bars,Diablo's Cantina,7/21/2012,y-nSartIKjsIzczxCoxVbA,tJfFqEZA56DlZ4LgBWCB3Q,1,4
Bars,Moon Nightclub,7/21/2012,FX0Rqz42Sl-3teSRRhr_fA,jinpMSEDCSVPrk8WezlySQ,1,4
Restaurants,Capo's Italian Cuisine,7/21/2012,mQl5K5taaUefF_wZk0hVYQ,qxCqQ2Nllvb9dKMZ82GgTg,1,4
Restaurants,Margaritaville,7/21/2012,Rx3Bpn2MWTXtaZXswVyhjg,GVdow7zb3gbTFZ3cx-cbLw,1,2
Bars,The Peppermill Restaurant & Fireside Lounge,7/22/2012,mHtOYEfL4SSYNp7LC0drEA,gcno6xWNy9VeQaf2605aLw,1,3
Bars,The Chandelier,7/23/2012,TyWygYRHk5PWKmu0wRBl-Q,2LZNE87dqxcn-TU5u5UKdg,1,3
Restaurants,LAVO Italian Restaurant & Lounge,7/24/2012,GL3HfNvbltGoAn8AMUg2fg,2LZNE87dqxcn-TU5u5UKdg,1,4
Bars,El Segundo Sol,7/25/2012,NCsmnmsu17vncyMbnYUpjQ,88oIT94sJR3aAZq-KBFyVA,1,2
Restaurants,Encore Beach Club,7/25/2012,CmcngW7nPNLOho1fDm64Ag,ZzmAS0bUCHsqv_OHm3DBRw,1,5
Restaurants,Parma By Chef Marc,7/26/2012,jm2-7AEj_kmVgpXkyP03lw,sP9mvVQunIkFh5rlGw2RBA,1,5
Bars,All-American Bar & Grille,7/29/2012,XRATeulMLOR9GjYQiLhjbw,mjJsTHA6x10ODfo4QHtZGg,1,1
Bars,MIX,7/29/2012,NbTWbtSHkTqkd9JnUL2F6A,84rlqzeDbvSttX8rfQ3NeQ,1,4
Bars,MIX,7/29/2012,O4ahkDhCc6DlgEi73K7HVA,QKCUbMmjsQ6IforJ5YVRYw,1,2
Bars,The Peppermill Restaurant & Fireside Lounge,7/29/2012,5ywNeDWmNbxAP17gXGKaqQ,hTY28N31ZUL_PPUrvXIV1g,1,5
Bars,Timbers - Novat,7/29/2012,wLnBmlhFI5P7-tF_-iMjXQ,mI7LLrwdK2GEvZpzHF4lQg,1,4
Restaurants,Chicago Joes,7/29/2012,KrSOZSiLKbSYxfZVyU32WA,yj4lNvmxAt42NvBCxB3WTw,1,4
Bars,Wolfgang Puck Bar and Grill,7/30/2012,V1WqG3khqK8gyobrQxFWHg,oNEpnrZDp6FuZw1YqsLkAg,1,5
Bars,McMullan's Irish Pub,7/31/2012,LnvfWEvFFZSvo_vZT3JOIw,Kr_ECbzAlwW_JHjjVH-abA,1,4
Bars,Paradise Cantina,8/1/2012,DlF6zEuauVlYjtTaHJ-xfA,8l5T2zd1BbuwtZSuXZNmzQ,1,2
Restaurants,Brio Tuscan Grille,8/1/2012,Q6_1ox88Y_nQk0Cg9tPL_Q,MXdwamWQh-nLYwn3kJP5Bw,1,4
Restaurants,LAVO Italian Restaurant & Lounge,8/1/2012,0kx6lS46FG_PnyhbqB8VDg,cnOqvC4OyHCDrna2C9Z1nw,1,4
Bars,The Peppermill Restaurant & Fireside Lounge,8/2/2012,rZmIAyu06662SEjdJsJBPA,4E-cXmSwoypEvKJLytzNfw,1,4
Restaurants,Bartolotta Ristorante di Mare,8/2/2012,DkfUjVp2xEULXJOxieMn1g,TroANF3f2PuYeVfSItxxaw,1,4
Restaurants,Ibo Turkish and Mediterranean Restaurant,8/2/2012,XKZyS9bGDQVp38EMqjaMcQ,LnRG0MlAdOs7cnLKbRv4BA,1,1
Bars,PBR Rock Bar & Grill,8/3/2012,XVgyZt69QfRZtp3Kw0nOlQ,XZ39DXujBzg7VLSGSqRWKg,1,3
Bars,The Chandelier,8/3/2012,oYY0HUW5w-8vfJ1STXHvwA,qsgsgG8kOQ3RJ40nfr9jWA,1,5
Bars,The Deuce Lounge,8/4/2012,JuEVoEaVT0xX6LiflvQeFw,jCpYWIMBZa6ahvVPWgpVqg,1,3
Restaurants,Brio Tuscan Grille,8/4/2012,mxEMzdS2N6yQ9u_4OZp4ew,D7fQoPiOtQEbOy2gCpSTJA,1,4
Restaurants,Dal Toro Ristorante,8/4/2012,vyoWnewELheI9OoH3TxNww,9ltc2ZBZ-VDOJ2iYq6XWEQ,1,1
Bars,The Peppermill Restaurant & Fireside Lounge,8/5/2012,Kn_PN508CoAm4CFajTfFNw,pkJQOyAsZugjGpuGu2YeEg,1,4
Restaurants,D.O.C.G. Enoteca,8/5/2012,R4JYALpmoXc1-mrWCaTRdA,UZ74b0DsT8QJpDqIJ8bJZg,1,3
Restaurants,D.O.C.G. Enoteca,8/6/2012,fQXLIDLaAv6mbZ-WD0XEPg,_B1NHTPa8x2S_Wmyg42Jug,1,4
Restaurants,LAVO Italian Restaurant & Lounge,8/6/2012,YB3PX8DNdqCwqLcrk7yXbg,9Wi4WTszWzO-1uLjtd5n8w,1,2
Bars,Morels French Steakhouse & Bistro,8/7/2012,5TXZbgPzvIXG2IbZfQSUMQ,ZnbI5RmYAj8OcfJNDITFyQ,1,5
Restaurants,Canaletto,8/7/2012,N5xBaOvWD3atu-xgr9qEZQ,adUbM13gsVzNIG9lPe-vjg,1,4
Restaurants,Il Mulino,8/7/2012,ZoeE0GcrZWUKEuz2U8c_7A,wA2vf4kDMIhS9XPIH-zcfg,1,5
Bars,CUT,8/8/2012,8HQR4T2WxXw_VjGSQ3ig5Q,0lV2tB3WBeEiiV-c9gBEDA,1,5
Bars,McFadden's,8/8/2012,GSvG1x1Hqm7E99VMiceMBg,42g4FeE8w1scpowvVb809Q,1,4
Bars,Moon Nightclub,8/8/2012,_yA_AJ_FT6s0FjFaS-BrQQ,3MIkJTRAIdDHJxQ4X3rpIw,1,2
Bars,The Brentwood Cafe And Tavern,8/8/2012,kFnErhwNkAne4P3eDAdheQ,PTY5DM38QqeqbKSyfb9lww,1,5
Bars,Don't Tell Mama,8/9/2012,2jU39_G4QLR27pjtOKxK-g,S93veewTWJwCA5Km7ZDbTQ,1,3
Bars,The Peppermill Restaurant & Fireside Lounge,8/9/2012,Rtt90Dop_hBYFOT1xHp8Bw,sKAtm3aV99sfncEywwhE6w,1,4
Restaurants,Maciano's Pizza & Pastaria,8/9/2012,_B1z5AZ6bxBAoq0vJ5AgPw,JtQtDbwuxEdqpOoc7LrxBQ,1,4
Restaurants,LAVO Italian Restaurant & Lounge,8/10/2012,qZmYcvwJmyhLgXYJgXRiSQ,IqnxdwkzZQC2rTNKyItrVA,1,4
Restaurants,Mama D's Pizzeria,8/10/2012,pCxylvCSsmSktPMjCurQDQ,OAd-vbR_POac1zHtu-Y2Zg,1,2
Bars,CUT,8/11/2012,LORQ215MoShiYWbGdY63xA,eIoOCQ-sJmPAAVA1TTPsqw,1,5
Bars,Panevino Restaurant,8/12/2012,mG_HttXF-EzlQlxN3R2HSQ,UBl3fz6VuOwjP3jbXwrzUQ,1,5
Bars,SUSHISAMBA Las Vegas,8/12/2012,jA7ugSAELSwHaWwEspI8DQ,3X9b9mimQlWLz_wjIzLuhg,1,5
Bars,The Lady Silvia,8/12/2012,udSIcmEOocqOVaQLsarLPg,vNC33GhqSSLZMGuAsloAVQ,1,5
Bars,Dispensary Lounge,8/13/2012,9M-ncYaRoGFfDXH0vycaDQ,5G0GcGQU7NaPghLBwWeL5w,1,3
Restaurants,Scarpetta,8/13/2012,iiT_xrXOzv4HCwSC2Hu1Ug,kbGua_xcSRB6v-CF0YY18A,1,4
Cafes,Ciao Ciao Cafe & Bar,8/14/2012,6-bWOV3CUyZq4-6v86UINA,3zKRfmOecJ8dARrjYfN6mg,1,3
Cafes,Grand Café,8/14/2012,E2SIGygAY91b8BJIkMu4fA,Iu3Jo9ROp2IWC9FwtWOaUQ,1,3
Restaurants,Terra Rossa,8/14/2012,qn6JpK1NhgBa_gf427uotA,mMBnc8qfuk0cMm9HAui2FA,1,1
Bars,Ghostbar,8/15/2012,a5m852y6dp4HwiESfhEjNw,5Funt_VDzluKndCig4HxrA,1,5
Bars,The Beatles Revolution Lounge,8/16/2012,rvHxG22ysOQKGjh5k8-r0Q,aCvdLnLkilzr0KeiI_QXCg,1,4
Restaurants,Lakeside,8/16/2012,VhD1rq_dZuW8HCpQtcdjWw,uhpIjMXbcDbgOcit1DfFGA,1,4
Restaurants,Maggiano's Little Italy,8/16/2012,dLx7uEPiQEYMyylZY0GSuA,k5p3YP1ZjCa8ZS3xqXgBug,1,3
Bars,Diablo's Cantina,8/18/2012,rCK21tTvy9ILat2umVXm9g,IVFJgCGc5qJbNOnx2mg_7w,1,3
Bars,V Bar,8/18/2012,mbhoaL9yhmIDhub71GVfhQ,p_vpZHtNoj5hXzMGIfYQYg,1,5
Bars,MIX,8/19/2012,oMzG58KLBGWc8-B_lURYfQ,k46gxLwKP74ixdNcIl9O3Q,1,1
Bars,View Bar,8/19/2012,bOb9Itv8zX9mFEYchhD9Mg,vip1iyaNDSsptOBjKer53g,1,5
Bars,Lolita's Cantina & Tequila Bar,8/20/2012,wf6u7bBt06mmcHawYl2NWw,Tf_FTGPbqNHR_ETltOgYdg,1,2
Bars,SUSHISAMBA Las Vegas,8/20/2012,IHY2rstF2bubDlB2KLzeUw,ouwgBO5Iiu3RMZ-mdRDZlQ,1,2
Restaurants,Don Antonio's Pizzeria,8/20/2012,4ceaPiTBdU6HOu7plEkSxg,p8bkZSzubV3KAmduUIo0lQ,1,5
Bars,Kahunaville Island Restaurant,8/21/2012,QhAVKRsU-9AvvdmZmEtQHA,yzxd2LW3zOVAMCz9evTv5w,1,2
Bars,Lagasse's Stadium,8/21/2012,CXBkz82r96hZwq_Z229wEQ,nrGEjpGtWlca5EjVViXFAg,1,5
Bars,Vesper Bar,8/23/2012,JhyfSJmuLDdUlkiIx5xyeA,reXzz6CITqFl6JpyPQCX1g,1,3
Restaurants,Nora's Cuisine,8/23/2012,KE23gjwuspDdPqcPLkLL4A,7bK_LiLb1QEKEpe3JFi05A,1,2
Bars,The Griffin,8/24/2012,YZDIl59PTs2Z0snZp4dNxw,mpO72yHbJ0lZzGoJ3bfHDA,1,4
Restaurants,Margaritaville,8/24/2012,F6uKV1Ta1u7293jZzYqVCg,zvdTI0BKpOg0X06tqlFPCg,1,4
Bars,Minus 5 Ice Lounge,8/25/2012,XYoJeDXOVMk8096LCr60ng,OghdLPh8vPr_lgjNGmT9Zg,1,4
Bars,Rehab,8/25/2012,daLsNFrdjis6ETqRecIoeg,C_Gqth2-i1Kyh3NBVtwFBg,1,1
Restaurants,Buca di Beppo,8/25/2012,KM3uFnq2QApnvjMjK8r2eg,mMBnc8qfuk0cMm9HAui2FA,1,5
Restaurants,Margaritaville,8/25/2012,RUBBCUhA46H-kjJqC6IR0A,IJFzDrRikDtYXUMqvHGhXw,1,3
Restaurants,Martorano's,8/25/2012,KmNbKef7Ct1nV99u8yHh0Q,Xi3lGPwOYDSgxLSzxBsbbQ,1,4
Bars,Lolita's Cantina & Tequila Bar,8/26/2012,ZVtvAMJj2olUxVP4MxRFYw,XHkzCzmIAB3DnjQO7v6jww,1,1
Restaurants,Gina's Bistro,8/26/2012,7B5XwUOf2AybOgsKswoJrQ,PTY5DM38QqeqbKSyfb9lww,1,5
Bars,First Food & Bar,8/27/2012,v-B--cCE-od59N_vALuZ9g,t7TUopLpmp5i2qfUw0TmvA,1,5
Restaurants,Ferraro's  Restaurant & Wine Bar,8/27/2012,pdufNqCzUyO46q04OUnU4A,8e3h_9TRUPJp0x7u6pQs6w,1,5
Restaurants,Giorgio Ristorante E Caffe,8/29/2012,bnhpeixYls6GciJdbXgZEg,uPcR2D5dyvLlgvdEMgitUg,1,4
Bars,Diablo's Cantina,8/30/2012,bT0RHX4HMRjBtuCQk4HE_g,kzBwHWrKuKbY1TBpnGma9A,1,3
Bars,SUSHISAMBA Las Vegas,8/30/2012,aWG9JcPEDF92yNU7XitPoA,gT5MKLQd_e7hx_ZSL_2PMw,1,4
Restaurants,LAVO Italian Restaurant & Lounge,8/30/2012,cklcU15_0TqnUIscDCOAVA,4sQwmExbu7NmpoozGcDphQ,1,5
Bars,PBR Rock Bar & Grill,8/31/2012,Z2GWjxSVpgAl7QQ7Bo2hbg,9Immf9o7abSv0p92BpN6ng,1,5
Restaurants,Brio Tuscan Grille,8/31/2012,ntUtEAZtS0cC03-hK-QoIw,_qRTkEt16U83iiuh-wAfWw,1,5
Restaurants,LAVO Italian Restaurant & Lounge,8/31/2012,hHke5kq9Vy1rcnyYUB4fTg,J0yftZc0FFFj9AV8P_Q-pA,1,5
Bars,PT's,9/1/2012,BDKQwDb7A7fso5ebA5OJrQ,1zGcOYTiFxp03Szen7ue4Q,1,5
Bars,Diablo's Cantina,9/2/2012,shPACJYVM4hUTDqVmNkQLQ,_4VqRA5ZHWe5UVJnxrf7pA,1,1
Bars,PBR Rock Bar & Grill,9/2/2012,utE2HfZu6S0NSUXd7k9GHw,UaA4b6qEHT-tdglxU2eNuA,1,1
Restaurants,Circo,9/2/2012,kYBYXh8ujpUlI1for9zPEQ,z_Zb5ZggetvnuGoyX7RA0A,1,3
Restaurants,Lakeside,9/2/2012,96Z5hoeUtn--di98rZNtfw,HGWIasjq8h6GGNPRXhn3cw,1,2
Bars,Wolfgang Puck Bar and Grill,9/4/2012,dcqCsFX8E9EDuDr2hwz8-A,3gBhA4bNoPWQYeONL5NPQQ,1,3
Restaurants,The Bootlegger Bistro,9/4/2012,DXP1GDuJ6VAH1NJSmvgpXQ,HfEjLlPBsJIfUy4EBlbxZQ,1,3
Bars,Frankie's Tiki Room,9/5/2012,QKKa3pWV2Jk9sI2NMikdNg,v9USdJuyoIicjevkbWk_0A,1,5
Bars,Revolver Saloon,9/5/2012,6SXbYghMgvoZwuw0BRa6_Q,OAd-vbR_POac1zHtu-Y2Zg,1,3
Bars,Social House,9/5/2012,ftnK7kDlnHld_IgCOVH5pg,wJ0r_hBF1PNCuBzsmvuPmQ,1,4
Restaurants,Margaritaville,9/5/2012,Q7XEtjoSrWIet2GXausm3A,LpBIhPpsL4q7gBBaD09CcA,1,2
Bars,MIX,9/6/2012,PQKHog3-HCq4XxNfp215zw,IoPr9_dWHdixKNTS489hmg,1,3
Bars,Level 107 Lounge,9/7/2012,WAhNuGTMe7aFLXbOYeN0xA,wyofPWQmFI8ozWNEiyUofw,1,5
Cafes,Studio Café,9/7/2012,VfdBW3dsL8tDE0JEmzv6bw,ICD05kyCtPO7mfAIUea7Sw,1,5
Restaurants,B&B Ristorante,9/7/2012,pkxcClFVeabjixJDJSggFw,ibj5Gl_VW2IuIVzFbd0ZwA,1,5
Bars,Buffalo Wild Wings,9/9/2012,YCJjjiA3gvFU2iBGuKYi-w,sJfyYLaZ_OYe27tzk3voXg,1,3
Bars,Gordon Biersch Brewery Restaurant,9/9/2012,i0VIl2tiARwZxzWnqnK8_g,I-lP0gUwaTvXxkCFsEmvMA,1,3
Bars,PT's,9/9/2012,3o-5NH-Mb8AmRqeXz_yyWg,1zGcOYTiFxp03Szen7ue4Q,1,3
Restaurants,Carmine's Pizza Kitchen,9/9/2012,VSu-58zD7n9pHZD6-3FcGg,AOpvT0qqyU3ErrP1exGEVA,1,3
Restaurants,Chicago Joes,9/9/2012,lFnoJnqiLFRY0kU3olBPrA,TSmeNkbRpG_8REsLeTIwnA,1,4
Bars,Mad Matty's Bar & Grille,9/10/2012,McPGIUWsvQdRZPGcIaEJyA,bMz9lhjbTKuxXtrPOoEr8Q,1,4
Restaurants,Stratta,9/10/2012,W0Rn7hRAvKsHl19Zpf8czw,pjXM-ZdtEmRbWYgar3VLlg,1,5
Restaurants,Otto Enoteca Pizzeria,9/11/2012,l8XNE72n4UWBkOI89sbxig,__oux9x-rDyqkSXbVJttBQ,1,4
Restaurants,Scarpetta,9/11/2012,kBihND1aWKjuQnz-1cGy9w,k5p3YP1ZjCa8ZS3xqXgBug,1,5
Bars,Beso,9/12/2012,htT1LjuNTlAdPV5FnGCurg,UBYIvvO-x-QZeZl7_55ymw,1,4
Restaurants,B&B Ristorante,9/12/2012,dCbz3cuviqFlUWcrTlBusA,6uMjxm9U8NncXxhqvOOLng,1,3
Bars,Onyx Bar,9/13/2012,OI1mavqVahPRXDVIZnTTXQ,pEPI69VijfFlIVwOpY7ENQ,1,4
Bars,SUSHISAMBA Las Vegas,9/13/2012,2jK24Vyb4Q4r-gfjqqlZEw,qI0DRRJyKrockWlVk3g7uA,1,2
Bars,Wolfgang Puck Bar and Grill,9/14/2012,EB80y4IYBnN8f7cqIMpl5Q,inGmT2qSXBGT_R9oswRYRw,1,3
Restaurants,Valentino,9/14/2012,yDSdVt-OcSRQOqoxMgFfMg,kS_uD-MtGmByEkRrwzDxww,1,4
Bars,Lagasse's Stadium,9/15/2012,dIMSU1KCXus78Mb9Q68OHw,Toi-JMtzgzxgAYlz-iITzA,1,2
Bars,MIX,9/15/2012,gAYKQYIv_lYz3yS4iEzX9w,1eDSxfxyM96ffpBe0--xjA,1,1
Restaurants,Maciano's Pizza & Pastaria,9/15/2012,cAvx9kAFXMIaQG3GtRq6kQ,PCRAjVWfPZzvcn9rmIFPfQ,1,1
Bars,Embers,9/16/2012,hZYJfwLOnXt4d9XESJz41A,9T9qJwSCVqT3efNAxU0jjw,1,5
Bars,PBR Rock Bar & Grill,9/16/2012,0rXo8B3PEHDKAdG6K2SPoQ,sKAtm3aV99sfncEywwhE6w,1,3
Restaurants,Il Fornaio,9/16/2012,SlDwBdiZpJinajJ4A5bObw,A4_QYdt6l4nnh86w_PEW1g,1,4
Bars,MIX,9/19/2012,p0KRL7xx3sTaLWJPBn9Bxg,mWdZ8oMWtvkKSBDft4q2Sw,1,1
Restaurants,Buca di Beppo,9/19/2012,jzorJh8ad-PYXuXSMPnMqA,2max7Ilz0lGIYtYrxRGRKw,1,4
Restaurants,Valentino,9/19/2012,kOPLBMKDNjtKpJCs9RqhbQ,MB1Ss2MLL5FQBjfpW0ZaiA,1,1
Bars,CUT,9/20/2012,LqGw9cIqlQtlYUsziZt3Sw,PI3iQ0tUZcV9VEe693DY-A,1,4
Bars,Rhumbar,9/21/2012,zibLLWBY__MAF-lnPnGrCw,9XQNtSlwKjERTuK3VAdBng,1,4
Bars,Wolfgang Puck Bar and Grill,9/21/2012,IOCfulQkQiCWJv_Ls9uvcQ,072tu2_MFWmw-jb1O6DQYg,1,5
Bars,Buffalo Wild Wings,9/22/2012,9twzcJBG8u38cdUis4gzMQ,52afqpKvwCA0Ji9GkJeeDg,1,5
Bars,Grotto Ristorante,9/22/2012,e7NxZR75xWCDZM36J8wEdQ,1zGcOYTiFxp03Szen7ue4Q,1,4
Restaurants,Scarpetta,9/22/2012,HbfvgpjCMZ-mZh5Mjz-f_g,Jc1DMCgOyU38urx3XEOfDA,1,5
Bars,Scooter's Pub,9/23/2012,M71NfClL38ZzLT5FnrjGTA,ajiXxzXo1LjdbNgfVllX7A,1,5
Bars,PBR Rock Bar & Grill,9/24/2012,37ggj1a44eDmPLfJlyn_gQ,nFepRuZIMSCxpkS5IbSd0Q,1,1
Bars,Insert Coins,9/25/2012,Ci8Tkk8SMylb-zZ0_lWjuQ,Kf77TWS2HOJCRFl-fLiueg,1,3
Restaurants,Battista's Hole In the Wall,9/25/2012,Jfg-w0xWjxoXGUdglVHE_Q,4Awv1OuQ268lxOoW2ecfww,1,3
Bars,El Segundo Sol,9/26/2012,_smwkTseV95m5yeODgX5Tg,aOSWRNFrntDs725BOFhn0Q,1,5
Bars,Insert Coins,9/26/2012,tNxXUCt8WogOFroROnv2bA,v-QDmwxSsdt7mzm-3LAefQ,1,2
Bars,Vesper Bar,9/26/2012,MvqKNkO88qZxoCFxlT0Liw,RlRzyCeFT9KfeDEpsIuuAg,1,4
Bars,Frankie's Tiki Room,9/28/2012,yB9tiGP3_yFwULWNu148Mg,5BEZDx5CL7mxp_-NHqHhUg,1,4
Bars,ISLA Mexican Kitchen & Tequila Bar,9/28/2012,zMvMzU8nXHhtHCb89ccCmA,NSPP7lHF_jIBt4yf8RyHPA,1,3
Restaurants,Country Club,9/29/2012,o-4wXdFtHX9Ao994vOjyWg,xtj_4U6CdlIfmgcLGai2kg,1,5
Bars,Scooter's Pub,9/30/2012,ReO4Z2rV_72zDLmwoRunlg,Nb01-857ZSw3KZq7rWTeJQ,1,4
Restaurants,Scarpetta,10/1/2012,iFQovwFCH7hEIfznDWxQ8Q,hCuMJ4jQn5XhvoiPBBjs7g,1,5
Bars,PBR Rock Bar & Grill,10/2/2012,UditdsjRhRd3wGe-VXgiCQ,vUM21g3cPEdSlI89oDttgw,1,2
Restaurants,Bartolotta Ristorante di Mare,10/3/2012,9O1l6hyS8EGTmjAG3fUXXQ,BEPCLcHHN3bk2mp5u1HILA,1,1
Restaurants,Mac Shack Spring Valley,10/3/2012,4Cr-zOg5ZSRg42jGRrWPsA,QhdPrDXP6jb83DTyGf5Bzw,1,4
Bars,Free Zone,10/4/2012,ymPqAM-CV87rP368_YickA,PV5voYSD43Cn_3gHmxG7DA,1,3
Bars,Stripper Bar,10/4/2012,ZN7RSadHRzDBlknQZT7zrg,IavxpLSCWWDw85dqfmQa7g,1,4
Restaurants,Olive Garden Italian Restaurant,10/4/2012,-2e0cdbhi811xpk1yvEtJQ,Udz5ljzbToziRBQpkm0tgw,1,1
Bars,Caramel Bar & Lounge,10/5/2012,z1ODAM3lLTwOnZ0f46MFYw,kcm-MLhYFaocynXznzTJGg,1,3
Restaurants,B&B Ristorante,10/5/2012,kdktyn6ecPGTi-RRrxUSuA,hOztNjzS53D_mVQ8dJcnzw,1,3
Restaurants,Scarpetta,10/5/2012,OH0CMUwU9Qh3NIpsWY7Paw,h4cvAvGg4y2VhlQmrrV-Nw,1,3
Bars,Vesper Bar,10/6/2012,wxumZbsaURSLidDC9qd8oQ,XMKBx1kR_m16e0wpatQaqg,1,2
Bars,The Peppermill Restaurant & Fireside Lounge,10/7/2012,578UK9M51F45uts4of3Ntw,SzX9-rQ-Xy1TMhXDd59_7g,1,5
Restaurants,Circo,10/7/2012,l1k2wQK6ZaguZBiTe4VKsw,nRrggetpx7PuKO7HaOddig,1,4
Bars,Inn Zone Rainbow,10/8/2012,tVIPOO7ddO1y7W107dPeXA,8VcHUYTP0W2uWTFm-WBJYw,1,4
Restaurants,The Bootlegger Bistro,10/8/2012,QtGKc8mCr85cDnGWG1UT3w,XFq2ztmqIH39-AgjW1dvPg,1,4
Bars,Center Bar,10/9/2012,rmZ-uqMPuVxaG3zZjshIcw,AxyZZcKvvF8oPplvJL5Rug,1,1
Bars,Foundation Room,10/10/2012,z0agloX0WyBQy0vorBWH9Q,1suxnAL35aHOr-qulJLoMA,1,4
Restaurants,Scarpetta,10/10/2012,I6SQmYZAHomK4qsF4xxZvA,xJv7fKqZ3HYV_yeO8iJrEw,1,5
Bars,The Peppermill Restaurant & Fireside Lounge,10/11/2012,at3KYasl1QkGq6ee99LFPw,cdhIOG9HKJKBtRC-AXckEg,1,1
Bars,The Griffin,10/12/2012,7KEdLt-bl2OrjBVKw_rMCQ,av1RdGE3jSeQp5tqVxkmIQ,1,5
Bars,VooDoo Rooftop Nightclub,10/12/2012,AnSdE14mW4Bh7BLXm1BeBA,8B5pqCDFglMvfW7qj5W8TQ,1,4
Restaurants,Cici's Pizza,10/12/2012,YeQxueF158Qz5kEDfRk0_w,gdU_Ca0JdOC2GqZM6y2aNA,1,5
Restaurants,Lupo,10/12/2012,55EzXRYfsUggJAbnpnFQng,QoI4MjYCYQI3wSQSuw7s1Q,1,4
Bars,Eyecandy,10/13/2012,Zph3GFFxG6KZPtUd9MF32A,t7Ku_JBXFvF1t0CNF6hpxg,1,4
Restaurants,LAVO Italian Restaurant & Lounge,10/13/2012,_H14hwXWdcE5nKZ1Hr5RYQ,w-IyH4nw8YdIzuEV3iD9ow,1,1
Restaurants,Don Antonio's Pizzeria,10/14/2012,zVynktTGrLfzopZbbK1AKg,NuBAIvbU3ujB0WxtLgxCgQ,1,4
Restaurants,Nicolo's Cucina Italiana,10/14/2012,_KFHddDquI2YKIDtRyrATA,TivyKxTEaIlQrtZHAILMKw,1,3
Bars,MIX,10/17/2012,88CRRe_QyhwFbG4bVLzEug,h5-maqQcIDpLcem4Y-M0Iw,1,3
Bars,Noreen's Cocktail Lounge,10/18/2012,JNu_DHH-ONSJN3nO6HAXcA,ETEM1dZOu6Qtp6jlzWyOfA,1,5
Restaurants,Trattoria Reggiano,10/18/2012,98wOSiPxYXirBfRdjIlY4A,hoWQwHk3n8RQSonNGyuJig,1,5
Bars,Ghostbar,10/19/2012,Xk8njDTZRwljloFuwkGMzg,XhTovYC8rjJoGSyCr2452A,1,4
Bars,Parasol Up / Parasol Down,10/19/2012,pJnXEXM3TvMLiS3Q1FwqoQ,woSr_ffbwVPd4-cxO39SFw,1,5
Bars,The Griffin,10/19/2012,mLfc0wfiqJimWXlWThX6GQ,zSsucoCEGxnw4vxmSQXOCg,1,5
Cafes,The Bagel Cafe,10/19/2012,X0jXWFDEkOO7nYDEWoeQjQ,Kf77TWS2HOJCRFl-fLiueg,1,5
Restaurants,Buca di Beppo,10/20/2012,w09y_Ac_6S-t5bke8P1-xA,3GOPXGWp3no7kMAGfIIZlA,1,4
Restaurants,Nora's Cuisine,10/20/2012,UFZ9KmbYV_kTzED2gL3Fyg,aAhAiiA6KBL20ALfGITyng,1,5
Bars,VooDoo Rooftop Nightclub,10/21/2012,eu_jLS3X_w-XJO1L8BsTQw,_NmCwawhpZUSLX85jCyYtA,1,1
Bars,Charcoal Room,10/22/2012,cUzXL73FH2xwSa6NOKNcmg,UsgKB8X9ejpUa0SJ-cmQzw,1,1
Bars,PBR Rock Bar & Grill,10/23/2012,cMpH4zx8xvc1uLnJolnOLQ,TxxhWPMILH40JlZbX7KNHA,1,1
Restaurants,Parma By Chef Marc,10/23/2012,YTedAAjSlHUyfs05Q8ND_A,R_o5oisPgCs0L_-jZ84R-A,1,4
Bars,Blue Ox Tavern,10/24/2012,bzntAfmLJ_et9gvdyh5yOg,Z3ao9yx5Cnsboyi3HiGtcQ,1,5
Bars,First Food & Bar,10/24/2012,gF5eUgDZcyNSycNKPDxD0w,fXQKj-nwd2tpxcvrPO3S3Q,1,5
Restaurants,Il Mulino,10/24/2012,x9TaJNrmHeYr2uQIggLW8Q,zIP1OSbcC4ePMmOPaJxSfA,1,5
Restaurants,Spiedini Ristorante,10/24/2012,vqwcSyFFL5C-fw2b2y2ubg,KkEFlQAmrKf6BtPVi6EU7g,1,4
Restaurants,Margaritaville,10/26/2012,sZ7uncmDrWcxmVzimpgFog,d8naCaRlFgNilr_5CrdCpg,1,2
Restaurants,Dal Toro Ristorante,10/27/2012,QkfFqZPgvjWYukwbKNYARw,xK8LfDONdTDperuHEZH3GA,1,1
Cafes,The Bagel Cafe,10/29/2012,EUDlpIErK9NQYgGQKhd5-g,sIImUC2r9cXaYfN0tvpi-Q,1,4
Restaurants,Maciano's Pizza & Pastaria,10/29/2012,yMdRKZ2Rk-JqbNjI16kwgw,a1DUUGOKHbjuoL_Z90AnuQ,1,3
Bars,Ghostbar,10/30/2012,7i2p0TRjl3zb2Z7xyEzWAg,YxlvsG3a1NigSgsWq0iLkA,1,3
Bars,The Brentwood Cafe And Tavern,10/31/2012,TSF90b_ktY2E8Z2howvz8w,ueF9Apbr8jV1cRIpSCYvxg,1,4
Bars,Wolfgang Puck Bar and Grill,10/31/2012,sDK_Fk-2VK-2jow60KguQg,JZSGpBTztZ0r0bK7tz9Acw,1,5
Restaurants,Bartolotta Ristorante di Mare,10/31/2012,_EsLCAhyZzO-XVFbX0bSJw,SufGVCGVd8JMMMAATbvu4g,1,4
Bars,Coconuts Beach Bar & Mexican Grill,11/1/2012,rcI1OAtkrTRCeYEtkBlZmQ,53H_PdnFWHeI23PlrcJsDQ,1,1
Restaurants,D.O.C.G. Enoteca,11/1/2012,CxP0heSxOWC1O4QFusrhGQ,Ls2LHILrokZsigEeXcPYfw,1,5
Bars,Grotto Ristorante,11/2/2012,EvsazEuwfEPVJIZpM6ovvw,RdDOfgGEzDIv77kyiw-UJw,1,5
Restaurants,LTO Pizza & More,11/2/2012,hVOtM01grFHFSq1KICYPsA,dOXoF_Q1FYLGs2sbWjGV1w,1,4
Bars,Frankie's Tiki Room,11/3/2012,FqEV2R2zWzpX95j1HMFW_Q,DXIBJz8OkkYI52pgc1kYjA,1,5
Bars,The Peppermill Restaurant & Fireside Lounge,11/3/2012,Q4UCHfNnDqjY3j6pSQp1-A,9XZGiGzuV38fEXAGlYEuTw,1,4
Restaurants,Vit's Pizza,11/3/2012,ST9v76hdTuxZDliEYpsHMA,ytP8VFV9sKrqGORy3ydRCA,1,5
Bars,Diablo's Cantina,11/4/2012,NxxKSbzKZsQ0zXEJvVip5Q,hSZrn3sB_hzeFIkSLMzFCw,1,2
Bars,PBR Rock Bar & Grill,11/5/2012,mVRf2lpLFO9-GL5hYvvPeA,cs0o6iU5RCIOMWb2u1R7Fg,1,1
Restaurants,Rao's,11/5/2012,FWSi8qZ_OQD3JH5W1mVz_w,MI0dosDU3NgMlzFAT_YtmQ,1,3
Bars,T-Bird Lounge & Restaurant,11/6/2012,LeOBeqV723TeP8q0y-qzkA,59S6Dctz98Al0esTUapfgg,1,5
Bars,The Peppermill Restaurant & Fireside Lounge,11/6/2012,_wh-U4K6sU-tG1Py54Qo8A,V_M3Z9dTB6ZdwxhO22VICA,1,5
Bars,CUT,11/7/2012,78lkmK2e9UuqJx-Hc4rpDA,EjKtO83GS-Mc2rCSkOIdKw,1,3
Restaurants,Italian Delights,11/7/2012,QkflFKADB_hLZ_ouLmI9ow,aO6qqneucVdwCuXQqY2DZQ,1,1
Restaurants,Valentino,11/7/2012,yPINJOAD5Cg_Vi8Ps0O_Sg,XMLiXjUZNjmY5X9g0CkRMA,1,5
Bars,PBR Rock Bar & Grill,11/8/2012,axXkVzF4QHraNFFa7yt9ZQ,gBTEAlR4UdxiVOF_3oui0A,1,4
Bars,Indigo Lounge,11/9/2012,Fg7UV47CvlNxMiVd1aQ1wA,GYCBPmus7GqN2jTViwlzPQ,1,2
Bars,Downtown Cocktail Room,11/10/2012,c-yvHHjbA7yXcmnmVqF4Fg,30YuxH19ZVmbZW6W1wsT-g,1,1
Bars,The Chandelier,11/10/2012,Gf0HuwmkI4Cw7yXMA4_0Ag,hXmKbpfFK_3iX9iiIdXwPQ,1,4
Restaurants,Gina's Bistro,11/10/2012,Icepw63tWbVH2pf8QcQ5gg,hN_E64BwLEkdG_B5pg0Qpw,1,4
Restaurants,Lupo,11/10/2012,,XNktmqtCFllDK36ic-gWDw,1,3
Bars,Roadrunner Saloon,11/11/2012,6VSQpsJtuTj7ujssdiDAbg,V1qmCtP5bAat9CSRugNXZA,1,3
Bars,The Buffalo,11/11/2012,FFof48YbEuISJgRA4TTZRQ,_Y65TcaDCCm8BkGk7CamlQ,1,4
Bars,McFadden's,11/12/2012,u6zy0bxvNjVVCZvdMvi9XQ,RqHpZq2n477lbKzaf3rGiA,1,1
Bars,PBR Rock Bar & Grill,11/13/2012,ktYb6UDeWJvLsrEbNasaow,Bl8qmFHqdPGG_3_c6wdTyw,1,3
Restaurants,Olive Garden Italian Restaurant,11/14/2012,X-zc2Qy-hD8rWCiJqz0yqg,FVjZfQ607AOqwn2akCJVqA,1,5
Bars,Bond,11/16/2012,IL9qJbaOmulQ32v4F65bRg,6BI2XAnVHwhH8LiheWHQqw,1,4
Bars,Bond,11/16/2012,B8zOTdVG9CIYGAReREugaw,8_TQP-jeYLyPh2pE3s49dA,1,5
Bars,VooDoo Rooftop Nightclub,11/16/2012,,CbYYyBTj-NH6DfnO_NSMaw,1,4
Restaurants,D.O.C.G. Enoteca,11/16/2012,mC6MM-SRflZRHoQAkQbJCw,6BI2XAnVHwhH8LiheWHQqw,1,4
Restaurants,Lakeside,11/16/2012,192qUd-yFmxU0LFCcdeRsg,lq-BafK__Y1y-QMy07xDnA,1,5
Restaurants,Maggiano's Little Italy,11/16/2012,h2iBxRa66a-VCAB__Zc6Ow,8xAJaT2oQ2fWDp597gK-4w,1,4
Bars,Artisan Hotel Boutique,11/17/2012,aH9n3dLWDPbpQewBP5JA1A,s5FPlCov4SWrsy2KaTdS5w,1,4
Bars,Artisan Hotel Boutique,11/17/2012,69tptM2zaS-jdoSsOpR26g,Wa1tHSu07PJcwUFfF7SBCQ,1,5
Bars,Four Kegs Sports Bar,11/17/2012,mUdxVbo4XKboFxoKJMFP4w,YVfkc26L9_y9hg2b30aE9A,1,5
Restaurants,Amore Taste of Chicago,11/17/2012,YUKSQeFfkQ0y2mh6nQSx3g,xrEc4eX2keS9hAmRj2U3aw,1,2
Restaurants,Ferraro's  Restaurant & Wine Bar,11/18/2012,gPQWpH8LZUITr8Yr2nAbvQ,yXy2YgAQC_PzsaypfzioCg,1,5
Bars,Coconuts Beach Bar & Mexican Grill,11/20/2012,IkpZ_QTjoT4t9sbJ2g4GZA,Sx4AfpMq0TV1vif08Utu4w,1,5
Restaurants,Maggiano's Little Italy,11/21/2012,vaUL9lO73ULWINgjPYNIcA,K_qo5J6Fede4yTbUEra0pA,1,3
Restaurants,Rao's,11/21/2012,m01-BSQor1b8IFD1BV-Jsg,lwCwrPbVEWmhwCgfLg8lLg,1,1
Bars,Fat Tuesday,11/22/2012,UXR006cGGTNWth9Jo2cIGA,FUm7vNMMyK083zE6eXHI7w,1,5
Bars,The Chandelier,11/25/2012,yrNouJTlYgewlHlVyStacw,JOCttwwQvnloZIHnmSOF2g,1,4
Cafes,Tiffany's Cafe,11/27/2012,wkfvCqARC90zDvxAE-Bllw,5z4o-Cew2BK9foOnlQmagQ,1,4
Restaurants,B&B Ristorante,11/27/2012,xxhYlKld4mTAia-2RiRcOQ,YSFOl8DADlsKK8TQNsgbJQ,1,3
Restaurants,Brio Tuscan Grille,11/27/2012,6gDzBR_Pc-pXctThlIk_sA,FFjHdQL152Dj-z4Az1oRPA,1,4
Restaurants,Capo's Italian Cuisine,11/27/2012,Rv2IDilzwVlaBoodZn3IZQ,hOfvjF4-blD0GEYxoKNRUw,1,4
Restaurants,Stratta,11/27/2012,5BvP1zbdf-tFrb5N5Zkf0g,6d6PyGPyiw_mAcA030Cyng,1,2
Bars,Eyecandy,11/28/2012,KWN1cnwYfqxdRm7vEWxGrw,urCS2kVRXGfeq1mXKqYU0Q,1,5
Bars,Gold Lounge,11/28/2012,Ipe44KTxcNv8uQp7S8401g,3ZsarkGnph14chi6R531AA,1,5
Bars,Hot Shots Bar,11/28/2012,4e9s5sdxvxOJ5GUq94st4w,y4gZwUEhlCSvevK37wrofQ,1,5
Bars,VooDoo Rooftop Nightclub,11/29/2012,rwBByeLEVqRJn6dZ1bkFEA,_Oj2NrNyb5OEtCh9age_pQ,1,3
Bars,First Food & Bar,11/30/2012,7WN9o7oAcpYZ7SYHMzmOaA,4BPngQQQdJuuZjaSywFZGQ,1,4
Bars,Eyecandy,12/1/2012,ZCEPtP1P8cfeeoL2--mbHA,4YCJz6h5HVM6CvsNUk2ATA,1,4
Bars,Insert Coins,12/2/2012,nPLRwCRgaW-RpWakvz7XCw,ATVOAOZzJM3kMvc9eNa0uQ,1,5
Restaurants,Ferraro's  Restaurant & Wine Bar,12/2/2012,vUx_PuOfFFKmj6i9jhqp5Q,hP5dlVlQfoa8PFmsy0RGTw,1,5
Restaurants,Il Fornaio,12/2/2012,h0l0GnOlxuV_xBtBjQML9w,cK9IKavQDei_AZLzc_fROg,1,5
Bars,Insert Coins,12/4/2012,JFOSX3dkKqwWhtA7pZcMTw,qc9dBqGhjl-GEzfj7LHF1g,1,4
Restaurants,Scarpetta,12/4/2012,uBq40e2BCHGbruR5DcJj0A,r0dytn1HsJBQjBmzZ8cu0Q,1,5
Bars,Beauty Bar,12/5/2012,uXYHYCxqWXwAGyETJ8BmuA,j71B-DAGuY3P6jz6RUbqWA,1,4
Bars,Blue Martini,12/5/2012,nQtiTQz5DFZggWg7twK7_A,WkSjruz4E5Hmd5qUqBKu7w,1,3
Bars,First Food & Bar,12/5/2012,DLXGyHu8N5a8ChHkendvXw,i5FPpKcRa9lFw4DRGPNmow,1,4
Bars,Morels French Steakhouse & Bistro,12/5/2012,Y_s4x0w48TAxoigzQkHitA,8fMBZLEz9oPtQ0_J6u8GpQ,1,2
Bars,Nobhill Tavern by Michael Mina,12/6/2012,cI5KDYFOEaEA8eQ1WzDFjg,xWfR1AMmcionaYHUI9d8FQ,1,4
Bars,The Peppermill Restaurant & Fireside Lounge,12/6/2012,c26AgV0S2Fet-LIpftsB1A,5z4o-Cew2BK9foOnlQmagQ,1,4
Bars,Diablo's Cantina,12/7/2012,9vUw7kCNC6bn_y-B90nMSQ,2SUNu7a1KSLGkytOctkzJA,1,4
Bars,First Food & Bar,12/7/2012,09VarSqq2eMoj2vxQzpZCQ,PPMvhHRlw7XS7RqL4erkVw,1,1
Bars,Mob Bar,12/7/2012,NAvJFknpF1YwXpX-9QWuKA,NcbRe4HaPmsx2L1vOW6xFA,1,5
Bars,SUSHISAMBA Las Vegas,12/7/2012,CbNilCGxlJyAYNGJxPsiXA,mhu0dSmK5eFuwN4gcQyLhg,1,3
Bars,The Lady Silvia,12/7/2012,KVX3F0CB1gbnSAlxoc38Rw,cXweMLVtKQUbCzv9P7Xz1A,1,5
Bars,Book & Stage,12/9/2012,qtJ4YMRBw62EQPirFGPw7A,VsGlXCCjzsKyuel6Gpu-7A,1,4
Bars,Frankie's Tiki Room,12/10/2012,0o7oGHlCNNMMDPZY7JbHsA,rzHZ3iYVQe_8h2e42DbUsw,1,2
Bars,Timbers - Durango,12/10/2012,3bKdNTrkXEnZ4kpa9w_n0w,NXmA2esVKkg8T_5gBnLmQg,1,3
Bars,Vesper Bar,12/10/2012,5kgNKy-Jn23wXBCsq8fuBg,QyLOjgOOfj_n9HK3AcsEAQ,1,4
Restaurants,Fellini's Ristorante,12/10/2012,lGK1fDdDkI3t-2pMdjtVmQ,Yvx_Cfiaa_30Xs0K0YewLw,1,3
Bars,The Peppermill Restaurant & Fireside Lounge,12/11/2012,cVJquLap2EFhAZnGxk3BjA,8KhesN6lZExd4jbdk3_8eQ,1,4
Restaurants,Margaritaville,12/11/2012,5qLXqp_5bw_1gTbltYazTA,J4XLXGS2mXzs7FswiaLjDg,1,3
Bars,Swingers Club,12/12/2012,fdlhmaXndIGSJE5VCdvZAg,0krvsI_wpFNOe4iHpYtthA,1,4
Bars,SUSHISAMBA Las Vegas,12/13/2012,FRdDO9R1D0Du85SaW6CYPQ,l4dixVo8FK-XamMktVZqDw,1,3
Bars,Vesper Bar,12/13/2012,nrW_h89dykLsdn2fGVlTUw,BpIXi537n43BFg8Q64a-3A,1,2
Bars,McFadden's,12/14/2012,2TBfHSn0TBF-WnaJzhbgYg,K49taMN9v0Rd2CPkTZtKjA,1,1
Restaurants,Sinatra,12/14/2012,MJ3U5LIKfqXGRZHcrBnRFQ,cLzCE83a9akhlTYJWZxVHw,1,4
Restaurants,Scarpetta,12/15/2012,aC1l58CxF10ZkZz-bMj32A,NN17WrE5W9oN5UnvSNT8xw,1,4
Bars,Tequila Bar and Grill,12/16/2012,NN0wXR51YBzAJUmJGSi_ew,9gtD42ZepGv567AxHuvsnA,1,3
Cafes,White Cross Drugs,12/17/2012,HKn3hNQUb65LeroyEc5v8g,nk4-ZOND5kxqqqTY3lZfDg,1,4
Restaurants,Buca di Beppo,12/17/2012,PI2lM1JZlzYo4_6hosyOiA,mMBnc8qfuk0cMm9HAui2FA,1,4
Restaurants,Il Fornaio,12/17/2012,ynWDBmgLOrwnDf91lRx72g,aIssObpvLKuApgHQR5yLcg,1,4
Restaurants,Martorano's,12/17/2012,NDQKvX9FY2JcqKMoXfRcBA,SVmwLh_2QHf1AD4TTpRgNw,1,4
Restaurants,Trattoria Reggiano,12/17/2012,MlMZ1pcsliz2Md364rAPPg,Vgos46QFtgjz4HizCGjsag,1,3
Bars,Shadow Bar,12/18/2012,E9O3_-Nt-nyKvDDSj5kOnw,0n5iPyKl0djPI2eOj8rMEw,1,5
Bars,Wolfgang Puck Bar and Grill,12/19/2012,mW_4Wj3JHLXjGl3xO1maaw,HqlOsPObDb64PX2pn8sjHw,1,5
Restaurants,D.O.C.G. Enoteca,12/19/2012,8b6QFnvtpx3iryPG0UD8NA,WP3M5x1Pby5u7GaTSu0tKA,1,2
Bars,Downtown Cocktail Room,12/20/2012,1xnWHY_bZjwmNOfWLU94eQ,udmIfiEXNbi7rzEyvMFmxw,1,5
Bars,PBR Rock Bar & Grill,12/20/2012,7lHkw10Qf05owQLkcPsddA,vNB330u1pHhCEd-UZrE2RA,1,1
Restaurants,D.O.C.G. Enoteca,12/20/2012,PAfONwAJVcZK2I_bMykmsA,N84mftTQJQbmfJyRm8-N2g,1,3
Restaurants,Romano's Macaroni Grill,12/20/2012,i8foieDaTJxjx2b_M6WJSQ,QsI8vwO-IFjWSzSvZDiB5g,1,3
Bars,Gordon Biersch Brewery Restaurant,12/21/2012,GZtn8mUbEfZ_U8McqyEdBQ,VoEwI3ATwi9bV661mlXYfw,1,4
Bars,Kahunaville Island Restaurant,12/21/2012,cQ3-KO18fggXFDodR6oUJg,EIOpKTBk75dF1GGn_VwfDw,1,2
Bars,The Peppermill Restaurant & Fireside Lounge,12/21/2012,8lLp0T7ygYTr1agLSOYVNw,au9m_YVIWseUr_4NzRvRag,1,5
Bars,MIX,12/22/2012,DQiCkzOAOwpgf7aB4iOgkg,VLVEZvSCXCp9wjiAmJ-ExA,1,5
Bars,Tequila Bar and Grill,12/22/2012,X-QKquT0DWV-9YPCfXiGRg,ytJTPy44l5xgCsGY_I47tA,1,4
Restaurants,B&B Ristorante,12/22/2012,Fo9qG59lVtxu-Axg8l5bkQ,3157f_w_fHvPxsgi7Ry6fw,1,5
Restaurants,Rao's,12/22/2012,RcI3CePQI4KfZKaGwH6Mvw,gqNGz7nRHOBeyLV0oP4tgw,1,3
Restaurants,Scarpetta,12/22/2012,R5nSeq-qIeX5tip9qaSxzQ,9HN9XOF05RdY9O1Xsqx1UQ,1,5
Bars,Four Kegs Sports Bar,12/24/2012,lCDo8d7MLWDkUvcIEAlfuQ,FxvvxNAQO2APyRmN3tt9vw,1,1
Bars,Frankie's Tiki Room,12/25/2012,yE8oIfKwsvXPJLHws8jH-w,TvZ4DtD7oeGBtHmmsOlL3Q,1,5
Bars,The Chandelier,12/25/2012,z3Cux7-RX4F8zZg-um-l6g,NaG5iqJ2ohdfYV8DyBtq-w,1,1
Restaurants,Dal Toro Ristorante,12/25/2012,00JZCaqBWeiOfJzijiorKQ,ow5z8XD9wgar7aCJlb1hXw,1,2
Bars,Sammy's Beach Bar & Grill,12/26/2012,tCTdMIf4q5g0B3F-j10n3g,7J89yVG0AZT9RcpQX8qWkg,1,2
Bars,Kahunaville Island Restaurant,12/27/2012,wWMrMY_RzH184BI9S-uJKw,Mpw0LG9tML-MS4FcGZ8o9Q,1,1
Restaurants,Olive Garden Italian Restaurant,12/27/2012,dlbdBoCuMAY3Ro-OOhemog,sjm5oMLjrrodI863lNyelQ,1,4
Bars,All-American Bar & Grille,12/28/2012,Te5of0AunzBN5mLP1nbyXA,u3J4xtXb1Rt2N9cPZRedMQ,1,5
Bars,Frankie's Tiki Room,12/28/2012,xbhz2m3_0ot-UC_VWX5UmQ,HAWHM5VNld0Nu1BjXm8UuQ,1,5
Restaurants,Bartolotta Ristorante di Mare,12/28/2012,uOVjdiAWBDsuJlkvDsby9Q,egxPW9MN_95Tv8KbehGU6A,1,5
Restaurants,Country Club,12/28/2012,vQHjZ3jHfq9YfMatkhjSaA,uwwep9MZtYAUHiQ0Rh0PsA,1,3
Restaurants,Margaritaville,12/28/2012,PV6zgiAj61MKFmZmORxSGA,OgtOjLqyF6sUVVkTgGIMWA,1,5
Bars,Zuri,12/29/2012,RdFcSqiiY04KFfZvTNqgxg,eMWZ2mRO1dP3sdr9jYrwXw,1,4
Bars,Charlie's Las Vegas,12/30/2012,gWSZSbKguuZPfZ7gip4cPQ,7VRbtTsu3_4cOL-7jF7rRw,1,5
Bars,Four Kegs Sports Bar,12/30/2012,pec432A9udvPYsBTxmEuFw,58MeOgZjNvoKLZYRuwXsDA,1,4
Bars,Hyde Bellagio,12/30/2012,grg0url7RaZ7DzYNN9Q5Wg,MpUfVh-leP_otTrYpseaXA,1,3
Restaurants,Country Club,12/30/2012,odfVUw4AFTanxbFp2-bGrA,yj4lNvmxAt42NvBCxB3WTw,1,2
Restaurants,B&B Ristorante,12/31/2012,ozpxIySOWE-xFfO3AtAN0w,kk05snSafuIFK0lsxoMNzA,1,2
Bars,VooDoo Rooftop Nightclub,1/2/2013,TsOK7FNbuXxDNdr4sjJg4g,HAe8TH8tkcPzTL6jYsgaEA,1,1
Bars,Diablo's Cantina,1/3/2013,TyW6eHKNOC1m6lKYrDTCew,feUaMn-TJDTswP41p6mWZw,1,4
Bars,Dom DeMarco's Pizzeria & Bar,1/3/2013,CySm7MlEB5HkqUTXkKLnBw,glRXVWWD6x1EZKfjJawTOg,1,4
Bars,Foundation Room,1/3/2013,O6zarYq_KIizTveKLaYypA,PL1ryf51v4Y5mliI5GABfQ,1,3
Bars,Mandarin Bar,1/3/2013,9pWTexNh-Ij6kArd37ZG6w,PL1ryf51v4Y5mliI5GABfQ,1,5
Bars,MIX,1/4/2013,hD2yls-GdTpa3BIxU9oEcw,HLDeANppzTCDqlsqRxAElg,1,4
Bars,Salute Lounge,1/4/2013,qDo44mr-1bxRMBhSdhmbIg,WPpgplA0tnGn3E65Ng6aYg,1,2
Bars,Diablo's Cantina,1/5/2013,VluJohL6MggLvfxAf6SIyw,ydaYTc4HzEbByz4HhNzC0w,1,3
Bars,Insert Coins,1/6/2013,9hKaO6CYYxG2ssLdNua3AA,E0ztmyXb3pcVABNqBmURVQ,1,3
Restaurants,LAVO Italian Restaurant & Lounge,1/6/2013,muBXPfnwbFMYym9HjmS2JQ,F6z2FrHJq1SyW3QmqPNaAg,1,4
Restaurants,Wing Lei,1/6/2013,70ktikrTWdM4KWb1aZsVnQ,AJoyva4SnxZGDon3xK9GZg,1,4
Bars,Dom DeMarco's Pizzeria & Bar,1/7/2013,7gK34QihVZxcsWZGmjPo-Q,fjdiG_Y5FEarrJ0W_p9S4w,1,4
Bars,Dom DeMarco's Pizzeria & Bar,1/7/2013,LGZgZ5uSGEDtCX1YcgJZ3A,TX_pkIBYogIqz0IIYI5ivQ,1,1
Bars,Mandarin Bar,1/7/2013,48q-jC_HN2pv5rbxJqt55g,VTGMDL4TcGcGuHpnRMfw3g,1,4
Bars,SUSHISAMBA Las Vegas,1/7/2013,IxgsRHMOKF7MxMf19SfbTg,uB_SdM3xfIDjWsZlXhV5tA,1,5
Bars,Tequila Bar and Grill,1/7/2013,G8P5Fa2mx8RsurSYX7YRSA,8YL4sIcu0LH1PTNYVgeL1w,1,4
Restaurants,Amore Taste of Chicago,1/7/2013,VEXjXXwcg1zvmlraR17WAA,k5p3YP1ZjCa8ZS3xqXgBug,1,3
Restaurants,Buca di Beppo,1/7/2013,CXHBSdEz_FXzckELAa0KdA,3mtgHnZwxXn87TDxs0dDZg,1,5
Restaurants,Bartolotta Ristorante di Mare,1/8/2013,5iie3SnEPkTqLZcE12vOtQ,uUg5-wpVcZ1gWWVxX1zBgw,1,5
Bars,Panevino Restaurant,1/9/2013,d4iEmevPCoLW-UcyTfR62w,3-cEeNLl4YecN5TqOzsskw,1,5
Bars,Vanguard Lounge,1/9/2013,YpIBV1NbvUWCYQN-9nOuvQ,JDVHUs3UBWcZiMPLBTzc3A,1,5
Bars,Nacho Daddy,1/10/2013,VTVGTbh-UV-Y3APnLJKIQw,4bfNeKKTJvKV8StFZ01rsw,1,5
Bars,Diablo's Cantina,1/11/2013,iuHJ0qe_v1hcxvpPMZn6-g,76L4k37ZDSv9_Eq21oDrLQ,1,2
Bars,Don't Tell Mama,1/11/2013,q1KWrL7GG_bW0WVg2bUQwg,7J89yVG0AZT9RcpQX8qWkg,1,5
Bars,Social House,1/11/2013,XU2uGm8gZd2JdTdRDKf3pA,sMPkPyCVX_JpGJmg3N5ITA,1,4
Bars,Lagasse's Stadium,1/12/2013,YzIk-Ror8oR1OKZuFncaNA,GTNmeub0e64h4AJU2UobpA,1,2
Bars,The Beatles Revolution Lounge,1/12/2013,jPes_H-me9RwUruMNWKO8A,QfMHeXjBJhxjZ2i5cEgQEw,1,4
Restaurants,Chicago Joes,1/12/2013,G_o1D8yK7aoiIENYKxTkYA,KE8ak0JqreabjmWoHfrusw,1,5
Restaurants,Bartolotta Ristorante di Mare,1/14/2013,Ob1Q7sapKjy2tHSsv82evw,P9Yg5a4I02EzZf1yGKI5AA,1,2
Bars,Ghostbar,1/15/2013,xLSjU6NcPc3QLkDr136XNw,pIDLTlmy2OMApmAf-Fu5qA,1,4
Bars,Insert Coins,1/15/2013,XioOtafvmBYiWn9ge3IoFA,WWC7LdZal4Db9GKXLyIhPA,1,4
Bars,TGI Friday's,1/15/2013,_3jfYUqcian7slwk_3jAdw,6dhx-yQmS5u3W4OmaByhyw,1,5
Restaurants,Wolfgang Puck Pizzeria & Cucina,1/15/2013,UPkUuE5i4vSU9DJwFcg8Mg,XnXR4JGi5m5LyIG2OpQLAQ,1,5
Bars,PBR Rock Bar & Grill,1/16/2013,-66_nLBv-9DB5okdbAdRhA,zjNibeqSKdLzQCflk0x0Bg,1,3
Bars,Social House,1/16/2013,kiocAT8IvO42lk0FcBLy_g,RDrt8bU0qlz7hRVjZ7UMsw,1,1
Bars,Social House,1/16/2013,U13uq8z6QwjppDUU5_ZINg,zjNibeqSKdLzQCflk0x0Bg,1,4
Restaurants,Battista's Hole In the Wall,1/16/2013,WQzGbPD6Ru-7qeoQUY4oWQ,NeYK6t_dtGfHjCGSKb-DiA,1,5
Bars,PT's,1/18/2013,bLT49idg4ikzKfb8iJ1nGQ,XM1BsM0iNVRnh-pXa16tvg,1,3
Restaurants,D.O.C.G. Enoteca,1/18/2013,2VGAOOelNBqlYi2CbaItQQ,jF_SMBMnVJGZlxFStZ532w,1,2
Restaurants,Wolfgang Puck Pizzeria & Cucina,1/18/2013,ikue3DjJo3hxzogdH8Nyeg,1MwiLvPmxO5G4oERXl4ctQ,1,1
Restaurants,Rao's,1/19/2013,St9_C6OgZpUCDN8p8b8V2A,rB70Q39U9g-8lyMWigmLFg,1,4
Restaurants,Parma By Chef Marc,1/20/2013,l75HXjMpRzlZY-HdR1jtZw,5MxdAgz5QfHguljuqxmOLQ,1,5
Bars,All-American Bar & Grille,1/21/2013,pvqwPlvIt7ANdHLOIlt4kw,B1ZbZI7a4LRhkD7ftD_alg,1,3
Bars,CUT,1/21/2013,csGOPCyNHh798W6NiplRyQ,iz7-KdHZ24WZRLBS2zrrlA,1,3
Restaurants,Ferraro's  Restaurant & Wine Bar,1/21/2013,PXVFLxVEt-RYY--OiWAL6A,sovduOweKgPFAwA-MmmtzA,1,3
Restaurants,Otto Enoteca Pizzeria,1/21/2013,45nxX0xEzrmge0L9ag24uA,lh7KZJZ049aQUVihuB5z3w,1,3
Restaurants,Stratta,1/21/2013,XppVDA7hCNxODJ4qAQ0P6Q,oAKmFrtTEoRY5VpNg9oQvA,1,2
Restaurants,Canaletto,1/22/2013,54lmqkkyO3oc-7nDvfyzNA,YLE6GoJ61fb0QBF7JTkaJg,1,3
Restaurants,Margaritaville,1/22/2013,xEQHJ_UbjslNuls2_1O2xg,mqeECKGf6mvxOtnMt2jUgQ,1,5
Restaurants,Olive Garden Italian Restaurant,1/22/2013,4TBaqZqUGGacjsneRWDe-g,WESa1uP8iYxMgkqXFmciGA,1,4
Bars,MIX,1/23/2013,1RuaFFajuGHBymut69eo6w,tWWHSsAj04kzT5caXzStAw,1,3
Bars,PBR Rock Bar & Grill,1/23/2013,mHD40BDsHpcbDYOA_SNmEQ,4YCJz6h5HVM6CvsNUk2ATA,1,3
Bars,The Chandelier,1/23/2013,uOXaYaBx78sDtQrm_jQlsw,ZD-EVptauNE0vaszVPIOgA,1,5
Restaurants,Casa Di Amore,1/23/2013,JD8ooQq8_kyTJoo7V5DtpQ,GHJloEx0FbpjwZE-ya_nug,1,4
Bars,CUT,1/24/2013,oSdQ1rQZgNe_QIxVe2BXFw,oWnW2VmTuHH5nt9KLsgfXQ,1,5
Bars,PBR Rock Bar & Grill,1/24/2013,YlK9FxnEvTNrfCxWd-O-JA,VdakrOq9jTB17AuMhg3zYA,1,4
Bars,Zuri,1/24/2013,UaK2WqssgQuJTdoZz5hu8w,KUNoGIzy0ZllnTZmV8ylew,1,1
Restaurants,Casa Di Amore,1/24/2013,uT3zbaRZdgcGeN6L8doxeQ,B4KTa9To2jrqr-NK7c7kwA,1,5
Restaurants,Otto Enoteca Pizzeria,1/24/2013,N99xq46aUyqgiw19zrgCLQ,W5HMbgOcRYVOFo6sKuirGw,1,4
Restaurants,B&B Ristorante,1/26/2013,vOLMoJFiCpU2XtTT5QZsQA,DJ9DfRLbDBCQ_GJX_tugIQ,1,2
Restaurants,Nove Italiano,1/27/2013,Jiw7QKKker_NwQKoODGXtA,bhFn9lQBHFL0ZqwMIllwgw,1,4
Bars,Blondies Sports Bar & Grill,1/29/2013,ODLjKWfLvRHQzeXHdZnVvw,tjYJ1iWpCkU9rhIEXmxMog,1,2
Bars,Fat Tuesday,1/29/2013,sydtqNxPu4tdBlyFnk8E1w,4IX_BuhqxYUHi-kq2uNwyg,1,5
Bars,Bond,1/30/2013,PLx9lFA75N_DYLa35g8SvQ,mU0ESwytTrBT3bxTC6iw5Q,1,5
Bars,Dom DeMarco's Pizzeria & Bar,1/30/2013,LRLYtNHD9Ufa_fHVDLIByA,QWUSAHFMf3JD23xWh0StoA,1,5
Bars,Frankie's Tiki Room,1/30/2013,j4Jkz_efplV8vAW-myF9ug,eIntLM-mK4OxcO5kfUw5dg,1,5
Restaurants,B&B Ristorante,1/30/2013,30i_H28JbvXGJwlTIl4adQ,uturNkV48fOievcOqd98dw,1,2
Bars,CUT,1/31/2013,bWblB2ZQ40XNTbqd76USYg,as-i1DQN9aditeVjLg9Pfw,1,5
Restaurants,Amore Taste of Chicago,1/31/2013,kuSkLcZrZvB93D-zZave8Q,PfxtBvnKnDzdzi-tqze6Qg,1,4
Restaurants,Circo,1/31/2013,MFSKcZW-wUuzh477IwCfmg,tZRghStpjA5gZXbIEQm0hw,1,5
Restaurants,Scarpetta,1/31/2013,Mh97hJ7ctBwKBpy0UboSfw,7f6DRcbn4oCdl4VT36ieeQ,1,5
Bars,Insert Coins,2/2/2013,1RDEkNm2dWrMkLXSTlDsKQ,yfe0ZNg_jHfPkHK0UdcaFA,1,4
Bars,Nu Sanctuary Lounge,2/3/2013,u2NZHr6fn-6rxiD8gsHO0g,sLxyYIYCorS-pTtUU4VLuw,1,3
Bars,The Griffin,2/3/2013,IQZnhug6twmdivo0I2DPJA,LuDRUxhSa8_fGjotHBkJOw,1,4
Bars,Bar Vdara,2/4/2013,6CfUV7xmfwoLjmzRnKLR8A,B_fhPTS7nA3bd936NPKqOw,1,4
Bars,Grotto Ristorante,2/4/2013,FIHxBNJgooqWXV08l5ymjQ,KAjX6AcK9auY0gzJj1Amgg,1,4
Bars,All-American Bar & Grille,2/5/2013,4SEL3Lp9vu1UlROeGYWasQ,EO--Oab5itXKLIhnOb22uQ,1,4
Bars,Gold Diggers,2/6/2013,mDlyxd107t-82ZS44YLS6Q,sMBdzt8FE_oaqIzYRAwWZw,1,3
Restaurants,Casa Di Amore,2/6/2013,agL_Pb4o-3fzvMQIjGt4fw,PEZi27rgxxH2IKA13sGgdw,1,4
Restaurants,Circo,2/7/2013,xEJ0E0XWs423CgTK8obBsg,xlVIInd8GHQgCGhrYmj8iw,1,4
Restaurants,Otto Enoteca Pizzeria,2/7/2013,x1rYIF4s0HHBK8T96aqGLg,ca1tp8q_U2kiFALsmz7I0Q,1,3
Restaurants,Wolfgang Puck Pizzeria & Cucina,2/7/2013,kzsfwZIHkXdbZO3_xdFubw,2eZdvwU8gKHL3OusagqDug,1,4
Bars,SUSHISAMBA Las Vegas,2/9/2013,6EQws3S_HkQxYpWg7dpY-A,XHFnx7v37LpsohljwX4jxg,1,2
Restaurants,Parma By Chef Marc,2/9/2013,wVdtM9P_aA-hz-ShbNhIHw,rNGT6lePmm803H8w0rw4Fg,1,3
Bars,Wolfgang Puck Bar and Grill,2/10/2013,VoRwtqgCKnGrW9woXaBDsw,Dffv5Z1ux-Oa8slVhBn11g,1,3
Restaurants,Lupo,2/10/2013,8UPjcpflgI7ug3gGNnbKaQ,teqBd9OYjYGxpWMhikBZoQ,1,5
Restaurants,Mezzo Bistro and Wine,2/10/2013,OxNasN-TdNmMnxNVdfqrxg,GfTbIJmGwsMALhvFrrn9uA,1,4
Restaurants,Otto Enoteca Pizzeria,2/10/2013,Ppc4IP6x5wxycJsJk1nspw,teqBd9OYjYGxpWMhikBZoQ,1,4
Bars,The Peppermill Restaurant & Fireside Lounge,2/11/2013,cJvTlP7a66ITsqVSmHPSWQ,ye8EOK74un1w4I2YY60Nmg,1,5
Bars,Artisan Hotel Boutique,2/12/2013,1bT2NKMud2sHf2Qu6-1diw,skejgfGfX7gLLguZO7fnxA,1,1
Bars,Blondies Sports Bar & Grill,2/12/2013,L6xFxA6D9JgNIjDdj6ddGw,ZN95vjlbg7KXxkhDEDzacg,1,1
Bars,Dom DeMarco's Pizzeria & Bar,2/12/2013,,xQpO4Jfi-Np3HLmJrQAe0Q,1,4
Restaurants,Drugstore Café,2/12/2013,4fGb8-IioixDeFM4mrr0bA,HCEx4oFYz1GhBpnvPCZphA,1,3
Bars,Artisan Hotel Boutique,2/13/2013,ZobvYRUwJWI2vTKDQT4PzA,_q8d9etjraE0-r7lxHuYJA,1,1
Bars,Bond,2/13/2013,eci_mJ_kFLnN3pdyJEtPrg,xKrTpZcwR69fGocWlWTrsg,1,5
Bars,Fat Tuesday,2/13/2013,lTQgLLY7SgEnXfiwD4rlfQ,24SmJ0s8zhaBdUGYfNbNZw,1,4
Bars,VooDoo Rooftop Nightclub,2/13/2013,DnEcmkkEjdfoojuapqTYvA,Pxa6045WZqXTHQEDQWO8Pg,1,4
Cafes,Tiffany's Cafe,2/13/2013,akbFPftVCeMP0MFp7Q9O3w,RlMBK5SVrjH8qPCWvul-Aw,1,5
Restaurants,Battista's Hole In the Wall,2/13/2013,XIqzQRjLbX91cMGAnSrlkw,01x9fhwar4S7t911-oxe8g,1,1
Restaurants,Nora's Cuisine,2/13/2013,fS9ydvV5GwWRI6t1XNLIKA,2AUZVwNhTm6dfKATTGXDwQ,1,4
Restaurants,Trattoria Reggiano,2/13/2013,uhS6I9xxiAukjwWJYs_4ZA,GOfXZFnrJpbkfmEOKLvx1g,1,5
Restaurants,Lupo,2/15/2013,oU5lygdiggZsYXe5H2UjFQ,_Yw68TvcMGDyt36wYBRG_Q,1,1
Bars,The Peppermill Restaurant & Fireside Lounge,2/16/2013,sJpdj2mDHj2Vjvd3kqAP0A,bFzYkSFPc2WqtmkhXpG8Vw,1,5
Bars,Mad Matty's Bar & Grille,2/17/2013,CSoMxYySYM9X7GM3ew5TXA,G_ue950uf9ogbesfXafKeg,1,4
Bars,Social House,2/18/2013,YoOsaaAvqDaIRfBw20UU_A,Nz4EVgluEA4GqRMAkmQFew,1,2
Bars,BJ's Cocktail Lounge West,2/19/2013,sHvO1333VZDBf1ntD-yKsw,g12Tw50UPWCQxBBlMytgvA,1,1
Restaurants,Brio Tuscan Grille,2/19/2013,oOsslZsRLonJb4hMikKQWg,7J89yVG0AZT9RcpQX8qWkg,1,4
Restaurants,Casa Di Amore,2/19/2013,S2FrUDJNBOgHIoQlDQMpFA,tAz3rYg7Kefg7s9nRk10mQ,1,4
Bars,Hyde Bellagio,2/20/2013,m9TYo3ALDl_SzddPjXv4Ig,Amw6IIqZCqHjzd-SpIQanA,1,4
Bars,The Chandelier,2/20/2013,IuvCzTua-ECrK00VOtsrAQ,PG1RXbL1qXtGs9Z-qPh8fQ,1,5
Restaurants,D.O.C.G. Enoteca,2/20/2013,kxXaMDRKgmnMfUxOteEhdw,vJgFf8nCk_pwoQdnyCLuxw,1,2
Restaurants,LAVO Italian Restaurant & Lounge,2/20/2013,LhgLZMq5gLUSmNKloOYQYQ,YfQmsGHcFSo4KhFtkjJ2cw,1,5
Bars,Gordon Biersch Brewery Restaurant,2/21/2013,uFLh7x2hSZO8_4irIqDADg,FbdB9KXyuvT8rC_zmqRSuQ,1,4
Bars,Hyde Bellagio,2/21/2013,cHwL_Z_0nOW4_KvedVQKNA,3doFTfMWpYCoUs-0jNMhyA,1,4
Bars,SUSHISAMBA Las Vegas,2/21/2013,6EjbQwqy6WXk4eERSUZ65w,gvTms_z6UeudcNpQSY3zFw,1,4
Bars,Dom DeMarco's Pizzeria & Bar,2/22/2013,U65tTC6-xTjxFDCtZTBTcA,LfArkpbe9HjSWrrsGRtoCg,1,1
Bars,SUSHISAMBA Las Vegas,2/22/2013,RIeFjFb9chItHsXb9E4cHw,Q4vyMXTw97cI02l3uiBbxg,1,4
Restaurants,Battista's Hole In the Wall,2/22/2013,1iJwsJFquhGLaZftLf1g7A,fCMQtvN-G-djXIk1a8AigA,1,3
Restaurants,Stratta,2/22/2013,ssne-JKSumGIcJHneo2atA,YhQR1am9mdApixKg-0SXBg,1,4
Bars,Carnaval Court Bar & Grill,2/23/2013,Q2qbyLxpoBrlC7lqK2h27w,laUV5M-DhVMmakB7RUD6yw,1,4
Bars,Downtown Cocktail Room,2/23/2013,h5p8AeLcoCPUocmdgOOTEA,ouOe_Mbcz2_tfP0ZBFkxTA,1,5
Cafes,Tiffany's Cafe,2/23/2013,yScNZcupTj7QtRgZMVxh6A,Iu3Jo9ROp2IWC9FwtWOaUQ,1,4
Bars,Gold Lounge,2/25/2013,_5qNIOdaI5qw7He564Stew,79EBPTcnihcuwLhxuXSgCQ,1,3
Bars,Social House,2/25/2013,wVNs-0lqLp4Amr2TDgdohw,4r6v2iXUvpT-WnY661tnng,1,5
Restaurants,LAVO Italian Restaurant & Lounge,2/25/2013,E_kYYrX5RKbqf-yMHw06mA,E0sNkQa8e9uxTCb7qpJw-A,1,4
Restaurants,LAVO Italian Restaurant & Lounge,2/25/2013,dUpDJTTLBB6L7_UBj9u8ZA,WOlVHM7UYieGmn6-Fjm31Q,1,2
Bars,Grotto Ristorante,2/26/2013,r12X7JO-T1faFdL5l4L0NA,2n6Qzu61VsuffhiJno1WdQ,1,4
Bars,Social House,2/26/2013,o_t3WOtmu5YjKqtBXadvXQ,QjVPkaFYcHYd_BiSFP7t1w,1,4
Bars,VooDoo Rooftop Nightclub,2/26/2013,Aa8e_rOZFeeMd6vSaHgpGw,kOFP8a_Sl-NMMJSb1EdbLQ,1,4
Restaurants,Scarpetta,2/26/2013,HmrY5X-NVBm5BqyxCzvgDA,Wu68eZqADePpa5MzwfIgrA,1,5
Bars,Lily,2/27/2013,3v8Hw5mLyvKP9CuRwvMMzw,7-6GMQRQubiT-9AyBGE7LQ,1,2
Cafes,Studio Café,2/28/2013,ZVfjnXjdCz4oz8ZI0dkmWA,E_lUGb8YxhnqzQ2KuiTWDw,1,3
Restaurants,LAVO Italian Restaurant & Lounge,2/28/2013,xGwjjouclXXfjGH58UwxkQ,YRUfHbUJbxEgO_tuNhubXA,1,4
Bars,SUSHISAMBA Las Vegas,3/1/2013,7JKl47sRY9n3oI-haG6t8A,8wjeyLEjj_rTMCWx6jyFJg,1,4
Bars,V Bar,3/2/2013,CI2_XctA9IyIspA8imfT3w,nhWhHNoGgfYYnYL3H4RTqg,1,5
Cafes,The Bagel Cafe,3/2/2013,ABpU4pAJD-2pZyxD_Ihy1A,xQpO4Jfi-Np3HLmJrQAe0Q,1,4
Bars,Blue Martini,3/3/2013,uU47uaQLKD6WurS17eCswA,YKUaHasSi9KfHksM1T4ckg,1,4
Bars,TGI Friday's,3/3/2013,TPrlhWUz2Qc42nm1fss-Vg,iG4whwdLBarPu3dD5OKCvA,1,1
Cafes,Tiffany's Cafe,3/3/2013,OhRDB9rdUG388ZyPqtUBfA,Fno8YF3k_Hm1Wyd-pxplHg,1,5
Bars,Dom DeMarco's Pizzeria & Bar,3/5/2013,nVPZjNPMKTROhd_QO7Ljqg,05b8Uk-4rgyCDlBx7e0rMQ,1,4
Restaurants,Lupo,3/5/2013,iZqWNUj-AkNiU09ibaKV3A,W9H4G4cbPHSwleVliqhR8w,1,5
Restaurants,Maggiano's Little Italy,3/5/2013,I8Ut6MCg4sRRjl0btrRNgw,IJJ1nCtBQVujChSKlg_QhA,1,4
Restaurants,Tuscany Gardens,3/6/2013,sHnstfehIvQc3hV2zzJGGg,jEVt4CQiOLY3VHyu8N3gbA,1,3
Bars,Ghostbar,3/7/2013,QPpOv24e_rRUiRXzuV33Jw,DPUqYXT8dj5psqjchpP6cg,1,5
Bars,Lagasse's Stadium,3/7/2013,cbqln9iQIDBUsrebLxZbGg,1giup8Tfm44sYcFoN3PmwQ,1,3
Restaurants,Encore Beach Club,3/7/2013,T6Pd2xc0R5iuCL0bFfxUsA,wMUDtZG3ZyDB6-CQa5I0PQ,1,1
Restaurants,Parma By Chef Marc,3/7/2013,InfSJ8KEsPmj8Y33jVpTfQ,yGm2SL-z18l4zCSmy-_lUQ,1,3
Bars,Dom DeMarco's Pizzeria & Bar,3/8/2013,BOEyeIaASDKgKnt1bxVLNw,oERDC0cB3YEdzLWmPF1n9A,1,4
Bars,ISLA Mexican Kitchen & Tequila Bar,3/8/2013,d-StSdgTTMithFZOIC-BZQ,TpyxloBXNhXqf4qZiRIbeQ,1,3
Bars,The Chandelier,3/8/2013,OobxRFP3up2vloF-DDEfLA,k0lCvR9SfMgf4IPXMRYinA,1,4
Restaurants,Rao's,3/8/2013,GdRrzZTjfNpXKnckB0iUrQ,6SMhdEmNiiUuoQxuUTOs7g,1,5
Bars,Carnaval Court Bar & Grill,3/9/2013,LsLcnTbrlEadBTMA6lB1Hw,n-FhMaM6wCYMEK-tz1mTbA,1,5
Bars,Insert Coins,3/10/2013,Db-yf7X4pe4__eUJK5LoAw,8Lgpfab0lophWNxR4Xncxg,1,5
Bars,Tommy Rocker's,3/11/2013,AZV3lCez8VUdOTgIJ5kcFA,rEqzhRl0gS5cWpbh2QuBWw,1,4
Bars,Dom DeMarco's Pizzeria & Bar,3/13/2013,2E1veQJhRRAVMPzdjuEmDw,zj5MK7RY-xr9B3rwSaQ8cg,1,5
Bars,First Food & Bar,3/13/2013,7bRB2OPPtio4QAY3qxSG9g,_sKocx_OjrQrLnGYNMuacg,1,3
Bars,Stripper Bar,3/13/2013,YYQWiHuwcyCHWg3KhHROaQ,ovJAHUJlCllmv2Mxsll_GQ,1,5
Restaurants,D.O.C.G. Enoteca,3/13/2013,8NskqqYmGOmBWRv5wrnS4w,7wpEZGZcg8O2cToPbPgCDg,1,4
Bars,Hyde Bellagio,3/14/2013,u-d2fI7K8G5LBHSX7n54KA,_1vM1MYO9EFVFm2_iwvmyQ,1,2
Bars,Parasol Up / Parasol Down,3/14/2013,QolwxV5c9OdPH2u7bxBh6Q,rUNcGhyQoBMC2ZgmPN8UmQ,1,5
Bars,Nacho Daddy,3/15/2013,DR4JJSbBDC8P7TgGVdVZ0A,vNyM6SLdQuepUGXGRaigFw,1,1
Restaurants,Lakeside,3/15/2013,AeUfwSj0g3FCHV_0NiIaEg,ueq-gI8sMGVgI2vgpe4Vjw,1,3
Restaurants,Trattoria Nakamura-Ya,3/15/2013,Xebgl4Rt4uFNnyrTgt11cw,ipbvpgecCA0lPLecBNxUQw,1,5
Bars,Sammy's Beach Bar & Grill,3/16/2013,BNfSd0PDNOsjRs1BoX6knQ,bw2rgYTk1IXVTEjUjpF05Q,1,1
Restaurants,Battista's Hole In the Wall,3/17/2013,LxkzoaJck-EqkafpIBHgsw,ZnGOy1auz7pekZfKA_Mlwg,1,1
Bars,Don't Tell Mama,3/18/2013,iQ_OPma1Y4_zYp0psQBa9A,PV5voYSD43Cn_3gHmxG7DA,1,4
Bars,The Chandelier,3/18/2013,0sdO4BiMpWPxFCIQtBScSA,ZNIxRh-iCCynnUk5PFHJnw,1,5
Bars,The Peppermill Restaurant & Fireside Lounge,3/18/2013,un14E-puWyiAGarS9XgO_g,7Ed-jKjOEQee7iMscqiSUA,1,4
Cafes,Sidewalk Cafe,3/18/2013,iTJ9XNrZeLHaJRUDG716FA,DV3yp0jZATvilNWhAoxHGQ,1,1
Restaurants,Amore Taste of Chicago,3/18/2013,cSWdJ8gY0F7bIBIgmGr4JQ,QPpxuvuBgq1hIXTBpIe7_g,1,5
Restaurants,Parma By Chef Marc,3/18/2013,4WBC-MNednBUTNOa3gQ2Hw,glRXVWWD6x1EZKfjJawTOg,1,5
Bars,Diablo's Cantina,3/19/2013,Z0hQWEJF5riEY--_an8tug,HW-cL93tvU7qng1sZueKWw,1,5
Bars,Level 107 Lounge,3/19/2013,W6Bie0FhzGOpHBPdTG7Z-w,auAlMpATTXFHpYbFnCObbQ,1,4
Bars,Wolfgang Puck Bar and Grill,3/19/2013,DL7_JKUC82wSskWVHGEj5A,yd9lcxUrOcWpuWNAJ0qLgQ,1,5
Restaurants,Otto Enoteca Pizzeria,3/19/2013,JiAM_G_9lsQQEN5jXOWEug,h_sYQHYeBDvMixkN5uX56g,1,2
Restaurants,Valentino,3/19/2013,SP2KwjWGR7J4P4s3CAoUwg,wwUbQ5QAROFKanZPp2_8GQ,1,2
Bars,Coconuts Beach Bar & Mexican Grill,3/20/2013,ihIejE4RyPcnV-VxmO14TQ,sBeFRHiQ9IYPpiZV1xd58w,1,1
Bars,MIX,3/20/2013,IrrUwVKDEnng_vcPxO7RCQ,e9neCbKpGoJxue348T6wtw,1,5
Bars,Social House,3/20/2013,Esof_oe-6ZWhs5NuI75GTw,t9dSBPONLTj7dpTsd1sJnQ,1,5
Restaurants,Il Mulino,3/20/2013,GFUUNr2OYIpUZqHi61AVBA,x0QhIzlEYYIwTctwHxYewQ,1,5
Restaurants,Pasta Cucina,3/23/2013,zJpUP0yMZCLOVxRJZ2tTIA,IS3HpIH2Se_CDS4dlcCj3A,1,5
Restaurants,The Bootlegger Bistro,3/23/2013,5aX2nV8zN_lnemd2gebKFg,u5FiJzY6_48T24JYULIVJg,1,5
Bars,The Peppermill Restaurant & Fireside Lounge,3/25/2013,3b3oEZJuF9QfcBtue4DPLA,SElrP_oqYFRy1JSstZOW-A,1,5
Bars,V Bar,3/26/2013,b4zd7bQnZapKyqy7DYCj5w,K4Pmg6qBO9aOpVMgywHfIg,1,5
Bars,All-American Bar & Grille,3/27/2013,e7P8XX2r0VX9cqhM_2Wamg,Q3eZ1kp5Gu6X0EWbG3eSbQ,1,3
Bars,V Bar,3/27/2013,_OcyNIsqhQfUYFTnhQ6D1w,QB2h8hRFcVokhZuajF7Wiw,1,3
Restaurants,Encore Beach Club,3/27/2013,z5ZBwl4EjA4vrkXvlPvkOQ,0kHlIKnWzaMQ1TLYQB1rPg,1,5
Restaurants,Margaritaville,3/27/2013,4EnZx4P36-iJoYCP8SAaEg,zu2NCMohhum-Rjxs-9I98g,1,4
Restaurants,Margaritaville,3/28/2013,Zd1ZYa_jmAQhUD1KEul4nA,ukad8ungNB0nEO2j2R6aQg,1,5
Restaurants,Parma By Chef Marc,3/29/2013,21Cjhbs2Em5C4Y606U9OIw,urNv-y9xQ87RGCBZk0xaFg,1,4
Bars,Centrifuge,3/30/2013,GgBHB8aHU5QyJm2GzVffKQ,1eH1WCI0-h3P61OLyFP4Hw,1,4
Bars,Portofino by Chef Michael LaPlaca,3/31/2013,MDWm3QvBEAgOPZBKRNjhLg,bZ0azf68ovSTLpWEiUP6XA,1,2
Bars,Dom DeMarco's Pizzeria & Bar,4/1/2013,XciAXuLd3Kx83ZAiheSxMw,VWqt5IH8fm-k9M0CKFkJzg,1,4
Bars,Eastside Lounge,4/1/2013,pfUYtCem8Nzsvskkmy30UQ,gipsSxG3v8eDHrq18CfFNw,1,1
Bars,Mob Bar,4/1/2013,LcJoTSr1nKHuyT9_q71IgA,ChgmBht69bnqSdDxpWMAqQ,1,3
Bars,The Chandelier,4/1/2013,_6qZTDuj_ZkA4du14lAi5g,RInz0Dpd6egZ5r0hU6Jbtg,1,5
Restaurants,Ferraro's  Restaurant & Wine Bar,4/1/2013,QnXABttfTHXO-U1m9XYr5Q,jIham1Pu-cfjJrWIRTSshA,1,5
Restaurants,LAVO Italian Restaurant & Lounge,4/1/2013,dann7EXbFfM8ciOiz1GbHA,w4ey5ZafjvgcsO1PpT9adg,1,3
Restaurants,Sergio's Italian Gardens,4/1/2013,n5uNt2AA15WqHmtrsvyK-A,ymdxX51HdIYdFml4-d6bFA,1,5
Bars,Diablo's Cantina,4/2/2013,tlml8kSXFIBA8NIQ-NIzWw,zFkKmdHsODk8kiX0ktIxKQ,1,3
Bars,Fat Tuesday,4/2/2013,UWr_-5SoTX0XbpT1CIRuNA,1aJDObErOmph7lv7QzdtdQ,1,5
Restaurants,Pasta Cucina,4/3/2013,ETnrUtx2kH8De-vuB6V-mw,k1UDJknfH_PGXx1s-dgZXw,1,3
Bars,The Peppermill Restaurant & Fireside Lounge,4/4/2013,KubYDbIWZQlf300j_g-NbA,fi1od-abiArTbUnoMn0r4w,1,5
Cafes,Grand Café,4/4/2013,var5Es6KzDlUyPVwl07Ugw,Ud6pFDz60xF5YlAYRECltQ,1,5
Bars,Insert Coins,4/5/2013,77vkZeoFuUrapREyA4BCWQ,EmmeXIDpU-tI1fT7RWqGEQ,1,4
Bars,PT's,4/5/2013,zeU-UM_qJF-b7j-OBRdmnQ,0zVI2BY9q4ry5u5JhIlZyA,1,4
Restaurants,Nove Italiano,4/7/2013,LNyHFrKHKJctmzcVTd-Kew,2g1niuIMIRi7Dd1z7Ak45Q,1,5
Restaurants,Wolfgang Puck Pizzeria & Cucina,4/7/2013,fR2A8dB7XXnfOcZWBER2XA,NvIAJ9JCeDZyVmjxLPGBPQ,1,4
Bars,The Chandelier,4/8/2013,sZ_lZZS1PPCtGLv7WbCrXw,UDa1Sl1y1m3bwzvyY8nqhA,1,2
Restaurants,Brio Tuscan Grille,4/8/2013,DyqHaA5P8b-smgud5YFCig,H4OmhTFjo7cMgfy5b8Gi3g,1,2
Bars,Coconuts Beach Bar & Mexican Grill,4/9/2013,Uwb12-WR9AHUXLRV2Qa4Pw,CbXuIuuO05kLx95JhthHcA,1,5
Bars,Social House,4/10/2013,oLiXsrvW9QaZ9BrCE0h9fg,Td9GGF0jFRLsuZliN4ghAw,1,4
Bars,The Garage,4/10/2013,a2gtihj2lnKk-dvxCTzmKg,F3PdYisTUxoSEIeOhfiwgw,1,4
Bars,Vesper Bar,4/10/2013,AitTRc_t9ar_PInNm0FI4A,POMS6nYdDcNQqgcHQQbdsg,1,1
Restaurants,B&B Ristorante,4/10/2013,OKI2o7_N8-0SBxJJygcTSQ,oEqy8SzqAuroRUhCjSQG4g,1,5
Bars,CUT,4/11/2013,F-KP1RDH-YBcQnzvfXlJtg,-9rmDLP15hdDjbExQK2cYw,1,5
Bars,CUT,4/11/2013,PJ2hJSq035xAlqka4hSqHA,Bm8biDxZZoiy-O7tDxMwXw,1,5
Bars,First Food & Bar,4/11/2013,TsuZzQm2-Mv_L_EHBn7-Dg,cDHqM09wiD6jUGSsOwK4Vg,1,3
Bars,PT's,4/13/2013,hLw14EL3vuE5N6QFLx9MAw,E0ztmyXb3pcVABNqBmURVQ,1,3
Bars,Wolfgang Puck Bar and Grill,4/13/2013,GIdJV-ZDzYFrJS8lAx9QQg,5-_ZccqTVhhMxp-vsRyb-w,1,4
Bars,Level 107 Lounge,4/14/2013,i6YCn-K89tQpr_rvWNNumQ,dTFs-SDYdn9kAl4-wQjNpw,1,4
Restaurants,Romano's Macaroni Grill,4/14/2013,U3tQMi9-RtfqUSvsrku1ww,OIUnBN-_GJAoMCcWhAdR4Q,1,1
Bars,Hyde Bellagio,4/15/2013,Ze02xUB5E1qZ33d0lzXZzw,qMo9enkRcLCD1HJrH3JVXw,1,3
Restaurants,Rao's,4/15/2013,v9CWoHIz8rPR8DGsJthNaw,1oLE_YZo8aHxgX09YFKJkg,1,5
Bars,All-American Bar & Grille,4/16/2013,0iA-QQCj0EEGjAjW-tZtJA,BS_g62H8PNFzSHmF-LU13g,1,3
Bars,Parasol Up / Parasol Down,4/16/2013,RtLZZhn5fYvl6rEXAbmSVw,D51iPTqGk-h2BR75OZzeVA,1,5
Bars,Parlour Bar & Lounge,4/17/2013,IyATr_tTVST9ZY5lkb2ODg,38JK-SfO9NkAGs1RwlH2Gw,1,4
Bars,The Peppermill Restaurant & Fireside Lounge,4/17/2013,AkRztsIUvNzU7JRSjF3bFw,Iu3Jo9ROp2IWC9FwtWOaUQ,1,4
Restaurants,Casa Di Amore,4/17/2013,g7t1ZN43m-V10Q_rTffCqA,3EIw4LPjXogbwFCGhecZgg,1,5
Bars,Dom DeMarco's Pizzeria & Bar,4/18/2013,IL_6gN9rSSs1RMUIJzN5VA,gFiJfqubI_09G2i1o_jKPg,1,5
Bars,Nobhill Tavern by Michael Mina,4/19/2013,bHhe8qcVHke80PvJFXM91A,XFq2ztmqIH39-AgjW1dvPg,1,5
Restaurants,B&B Ristorante,4/19/2013,frqCiake5zsnR3OBWWSTPw,8VWlVg0u_pGkhC0w0qn00Q,1,3
Restaurants,Brio Tuscan Grille,4/19/2013,URHWZulAR_7y4R8RVGGm-Q,YfQmsGHcFSo4KhFtkjJ2cw,1,1
Restaurants,Nora's Cuisine,4/19/2013,dBHfq0q1JckCHL_nQHPzIA,uFjo2KVq3BlBRqoo9se-ZQ,1,4
Bars,Liquidity,4/21/2013,NTCN7PiHO8OeQtpQ3mtF7g,sTpdFb162qbKr8C-HiWymw,1,2
Bars,Dom DeMarco's Pizzeria & Bar,4/22/2013,DeiQDMyRX4hmM0ettmiHlQ,b1LYs2rmzINaBLq9AFDn6Q,1,5
Bars,First Food & Bar,4/22/2013,uH7YehLFh2Is3jDCudOX4A,yAtmoc7njNL7it7YN8kCoQ,1,5
Bars,The Martini,4/22/2013,p1e7w69UqRZskSf8krPZ7g,RmzO_d9qUvC8i5T4DpUJ4A,1,2
Bars,V Bar,4/22/2013,TvcUl3myJBPmr0_qU7ClMQ,yAtmoc7njNL7it7YN8kCoQ,1,5
Bars,Indigo Lounge,4/23/2013,JSO38EO-qNSqjWZoahQXKA,9fTTesCwn9EO-d82ODJAnw,1,4
Restaurants,Scarpetta,4/23/2013,hSWZk1WXUgvKSJSOGOCQ2w,BtGblEGCd50wXdONu1gjJA,1,2
Bars,Frankie's Tiki Room,4/24/2013,gYtZkOQDAUGICkknYbIhng,zbUpiea2aiJSKXjj2zQ5yw,1,4
Bars,Putter's Bar & Grill,4/24/2013,VUAlUl3s0j6kYiUuayyz2A,V7S_ja18I3q4QRKUsTn-Nw,1,5
Bars,Foundation Room,4/25/2013,62hkfZUCu69RRUz7Xw39yQ,TsKKPOy0qYCeqKsTXnn0qA,1,5
Bars,SUSHISAMBA Las Vegas,4/25/2013,20NeUt0uc6_a81h_ejbNcw,6f-ypYyvO76VBRHLyZDorQ,1,4
Restaurants,Country Club,4/25/2013,NXfUrgK1fdzaKDzs5pNcyQ,WmL9RRDjTO7oru2ywyVEEQ,1,4
Restaurants,Encore Beach Club,4/25/2013,9eLdA1rit0S-nKPT1_k2fA,fEa3DzXF574cB_nb5d6mHQ,1,5
Bars,Home Plate Grill & Bar,4/26/2013,dwgD3I1wDk06EIU2-_YFMw,Vlon2bJdT43_1oHSrQsHTQ,1,4
Restaurants,Bartolotta Ristorante di Mare,4/26/2013,NewTS_PzOj_yV2qJ78j63w,Q57p_HPSOG0STE5rzgdm-A,1,2
Restaurants,Valentino,4/26/2013,8J7Jb-nzgR4mjRwilsyA9A,VrdU14Bk5HPXUX1o5_o-jA,1,5
Cafes,The Bagel Cafe,4/27/2013,PSsi5H18-HUWgtFBN9o51g,B5vzZc7QJe4Q20YVgIDsSw,1,5
Restaurants,Battista's Hole In the Wall,4/27/2013,wC02UPtj_tiK8cHVyNkz6g,KkXc-fJNLFNyJ_kG0NU56Q,1,3
Bars,The Chandelier,4/28/2013,dj4KORfAyxuU5vPuH-fvaQ,qbU8_xcyqrzwCskBbhRF2w,1,4
Bars,Level 107 Lounge,4/29/2013,xNvAONaOq5qn9ltCeksHcw,FPOTmd8cLG1lMFSKNpl2yg,1,5
Restaurants,Amore Taste of Chicago,4/29/2013,0DwGKktj2lO7n1JnWc3S-w,2xT5vWxvgnyov-y_edwW5w,1,3
Restaurants,Brio Tuscan Grille,4/29/2013,GlcXp1gH-vOaADvCrlLbFA,ar8AtxhCPHK1oqF0oj3EhQ,1,5
Bars,Nobhill Tavern by Michael Mina,4/30/2013,idIOmCqPkRc6v_NUJCTaeA,01-w_pvGtu1oQ9V4Fz8rTA,1,5
Cafes,The Mad Greek Cafe,4/30/2013,1fc2f4tMmDZE67btb_r5AA,Y_Rhaa34JKA9oO_u9HvXYw,1,4
Restaurants,Chicago Joes,4/30/2013,jEOY4wLKqH41tccOxZkQDw,h3lwhProUtOV7hu4i-32Sw,1,5
Bars,Fat Tuesday,5/1/2013,VbPfHKNn7Ul-IsjvyuqlJA,A3J10Z1KlbM9WrKj6NYLyQ,1,5
Bars,Señor Frog's,5/1/2013,IdN-ACvxThZTmjYiO6chQg,YfQmsGHcFSo4KhFtkjJ2cw,1,1
Restaurants,LAVO Italian Restaurant & Lounge,5/1/2013,BHvlGRJoJCjHtCle6SfKuA,G7d42rhD8rFImi8OBN4q2w,1,3
Bars,First Food & Bar,5/2/2013,qnrdHrTn-Rd2JJgHfrBDHQ,JXCCSQQ7QmOUProcAiM_5Q,1,4
Restaurants,Chicago Joes,5/2/2013,Ec4iDVBPVn2i-bUBnNPMrg,64FQZJwhnT4ggxkXG_maFg,1,4
Restaurants,Sinatra,5/2/2013,2efJUd6_W5z5Wd4ltI7VVQ,VF9POneVLU35hpfhnxJqzQ,1,3
Bars,First Food & Bar,5/3/2013,,KtIVGqoqxlZawSVv2rM0tg,1,2
Bars,Hyde Bellagio,5/3/2013,brPDvwXNTgF7mpXaPM-B4w,JXCCSQQ7QmOUProcAiM_5Q,1,4
Bars,Mr D's Sportsbar & Grill,5/4/2013,QodvhbS_OIToiWBkGEfKAg,XIdwbElNKuJKJHrKfxIt2Q,1,5
Bars,Oracle Nightclub,5/4/2013,bsLQUKCpZOSdTgwGhYpNXw,egPrCpHqn1__qv1evpxTtg,1,5
Restaurants,Circo,5/4/2013,3H82rZmtqcfreciK8meRrg,Vfx8e-Qy-IfoKkO3HZpaEQ,1,3
Bars,Lucky Bar,5/5/2013,IDcWaedKBtOtJHI-1WwuHg,YCW92r_ubnb2KpY23VSxIA,1,4
Bars,Mr D's Sportsbar & Grill,5/7/2013,QB4-ZO3FLYrFzES7Jtc2gw,S2t3tCdrqRnH7H-35CGncg,1,5
Bars,SUSHISAMBA Las Vegas,5/7/2013,tePGUpoj01isMJtPG58c6w,ToIEyzumpOUWoZoqZiBbvw,1,2
Bars,Drink & Drag Lounge,5/8/2013,8BkmuV8hPLNpSQOMWHOMCQ,TYBCeV6cLpGF7nKtyFSdqQ,1,4
Bars,Fireside Restaurant & Tavern,5/8/2013,t73mWShUOC6bBWCZjgosNQ,m3sW-4R5TovDLl_38j7YQg,1,4
Bars,Ghostbar,5/9/2013,x5Ae3vouT8prj3C5E1VhKQ,fhE0VIi91iwh4Un5vGYACQ,1,4
Restaurants,B&B Ristorante,5/9/2013,TYnNrR5P8PiIwlStMoiFeg,vMkexHC1Bya0VY9aOcE02A,1,5
Restaurants,Canaletto,5/9/2013,Pxw_oalyGu58mo92c15gZQ,wY05e7eTtMLvkg0bcZ6zwA,1,4
Restaurants,Maciano's Pizza & Pastaria,5/9/2013,AVaaUGeJGl8WRIUkpizJuw,SNoROfGwUf_-FhDCHMYsZQ,1,4
Bars,Boomer's Bar,5/11/2013,sQTXcLclLitkvreJaD9fKA,BUmM7rGw8R0AfXjI9OV2tQ,1,4
Restaurants,Nove Italiano,5/11/2013,TvaHYDu1LYr_nlWAJs2lyQ,7cIc52lToGmKu7Hpp6rPdg,1,5
Bars,Carnaval Court Bar & Grill,5/12/2013,wcu-azp7DCzApKD3Au9MhA,1pL-KrRvHcypkMVLd0MNtQ,1,3
Bars,MIX,5/12/2013,QuVOlO6oS-CBJSdZp2dPKg,qIlbBhwymJLwpDvGXPTY7A,1,1
Bars,Ozzie's,5/12/2013,4lkFVRZ1c_tNmAxkcBi1ig,Ju1I2c6a9nN05VIzGOJZSQ,1,5
Restaurants,Dal Toro Ristorante,5/12/2013,,7cIc52lToGmKu7Hpp6rPdg,1,5
Bars,Gordon Biersch Brewery Restaurant,5/13/2013,OXqUj6fyP7Jmc29jhEpvyA,2oZFY9YSOAAPWBDchOO2SQ,1,4
Bars,Minus 5 Ice Lounge,5/13/2013,V7HgOiobiQ1NbbQlw7OHaw,PzW-LdulxBGz9pBBFPwiSA,1,1
Restaurants,Buca di Beppo,5/13/2013,KE3oTrKkeTAaKGPhPxH0Gw,H1tN4ITtiMj3UH83OSviiw,1,3
Restaurants,Rao's,5/13/2013,FIVNiVF1YfuXFx_iBX_ytw,HGWIasjq8h6GGNPRXhn3cw,1,2
Restaurants,Roma Garden,5/13/2013,UqGK4sgyxd8L3CiIZfFSZQ,0QiloBoGHGv7dveQetJlCw,1,3
Bars,Artisan Hotel Boutique,5/14/2013,ruSOlydUlNekssOHi8Oi7g,fRnnWwGlKblflhViFlo9tg,1,4
Restaurants,Capo's Italian Cuisine,5/14/2013,NAwFxLb43wjZmNUUebum8A,gxPPckYSQZU5Yqm3Rj7BRw,1,5
Bars,Blue Martini,5/15/2013,fOJl1jMP5EInY9QdtG1BVQ,S5w9_sVaqsRpDuySPjNdog,1,4
Bars,Pussy Cat Dolls Lounge,5/15/2013,cDjN3X5hDAv3S_YUtoJG8A,eYBwYHEyGLRawVFwbRypPQ,1,1
Bars,The Chandelier,5/15/2013,hReGZt96COFFnb2ziDHVdQ,htRvYoEPup0Ev-nFG9tUoQ,1,4
Restaurants,Stratta,5/15/2013,JcZ2UPsWcuszoFBaREOAyg,ov1UYc_77-4EQHnutOrKnQ,1,4
Bars,Diablo's Cantina,5/16/2013,jzPv9qxYFJ7K9eJyuMZWwg,O2dgBz2Kh8WbKFMWZurs-Q,1,5
Bars,Fat Tuesday,5/16/2013,dG68smgtsHYBzyravfwAog,vypwasixHrFwYaD_RUX_pQ,1,5
Bars,The Chandelier,5/16/2013,3xs9Z1d_Q0rdK-D_7TDkjg,2WZh_CUrBHxp4be12sA0Qg,1,4
Bars,BJ's Cocktail Lounge,5/17/2013,B40WtAaqGzF_KSoL4a92Aw,IoCDlKeBBSfCBTMZdD1zJQ,1,3
Bars,CUT,5/17/2013,p9PskKZy4WKbwVFbUnvJ6g,_MezTvtcCPjjMDshYH2Q1A,1,4
Bars,The Underworld Grill & Bar,5/17/2013,778csq6C9HRJdjc-v_pQLw,fohZfHJET56S-cXAgPWnAA,1,2
Cafes,The Bagel Cafe,5/17/2013,k_rq1hYVvKDtdJFGkc8Udw,HskX3PRB69ZmAcLSBUawRw,1,5
Restaurants,Margaritaville,5/17/2013,aUwyXELnOKUWiVA0Kah7dw,B4Xp9JCN5YYBz_s3DZIvsw,1,3
Restaurants,Trattoria Reggiano,5/17/2013,MDJ44dK2Gubi4rHtaQk5kw,QQxKZ4mSghVDqVPt9dFdLg,1,5
Bars,CUT,5/18/2013,aUou6ETLoQ1ug_EnJr7voQ,3BDtRj3CyVWBhph3c9HtNQ,1,5
Bars,Morels French Steakhouse & Bistro,5/18/2013,39yQwO2XVRV2tlTWuO5LEw,g2guHsGJTTajSXFfwKeXYQ,1,1
Bars,Embers,5/19/2013,CB6rEUESc1NfLzYPyswG3w,57oSAPCW3eQNszqO2eNlzw,1,2
Bars,Vanguard Lounge,5/19/2013,OP9ZVnVYLO12WnkvbC2Nfg,KqHiJI1OdwuMwxffuc8KeA,1,5
Restaurants,Il Fornaio,5/21/2013,pGNpcguzZxWiEkZ4FcQ-sw,Xd_gK-S3bep9iJAJKZonSg,1,3
Restaurants,Martorano's,5/21/2013,0-rwMWDo8hibmm2R8LQO7Q,nlBV2loh--YIxbWmp87l8A,1,3
Restaurants,Stratta,5/21/2013,MYB-for0VDi4shV_RL_-Ig,TfLjkiUNHWksThxZOHrcqw,1,5
Restaurants,Roma Garden,5/23/2013,ye3RCEQOZPit0PirCfwR2A,SB8SXYeTzzSaOy8ABQ9loQ,1,3
Restaurants,Scarpetta,5/23/2013,WzYVGqVat3TvDPAkEQhm8Q,AzhybFtk8dT2gVrhd1DUzQ,1,4
Bars,Beso,5/24/2013,6yLmJ8DxxQ5k7BV2kRi96w,jYPDvAVKdteSN0ZfuiEsng,1,5
Bars,Buffalo Wild Wings,5/25/2013,gBuM0aJe61zPCiXa2hbBlw,5BrXyIqNLnyaDSD2yFpPrw,1,2
Restaurants,Capo's Italian Cuisine,5/25/2013,Y64L3omViVqnoyHDcMpqiQ,sAFHlWk6mfGg277zXnngWw,1,5
Restaurants,Sinatra,5/25/2013,hEC-57s6mlyRQryKMuYyyQ,c7sK-NmkkZR6V52fDpe58Q,1,4
Bars,The Chandelier,5/26/2013,ejfq_XPXZDzHIIt2Dp475Q,qVubTsjEXtPIT3a6NkqKRw,1,3
Restaurants,Brio Tuscan Grille,5/26/2013,e5g_X_KcaY8kaPcRbf8FXw,TTNrRFt2SGAwUCahmRLPeg,1,4
Bars,Kahunaville Island Restaurant,5/27/2013,FSR1fsqizRMrWbW8aUsx-w,vvImsgqK7_GUo4iuD57XTw,1,1
Bars,RePete's,5/27/2013,zPTHlZGY0r0yi00ENhE2yA,THH6kz0ltp64k9LzE834Uw,1,5
Restaurants,The Bootlegger Bistro,5/27/2013,ceCeFuDwk0j9ZJ43gEF3Sw,562yN3nT7OWj1HDEzBjyrA,1,4
Bars,Beauty Bar,5/28/2013,st0tj0eO402nliwUdFQCfA,0kcMaO5cVFwBiWCmdHqYJA,1,4
Bars,Downtown Cocktail Room,5/28/2013,VN2w6AJb4o4yjYmHQrQFpQ,PV5voYSD43Cn_3gHmxG7DA,1,4
Bars,Nobhill Tavern by Michael Mina,5/28/2013,MMlyGLtDVZchOEf8977PUg,htJ84ka4CyUSijmfSkmVgg,1,5
Bars,TGI Friday's,5/28/2013,hi-qLAlIcIMAfjjBeNL49g,pVg2GOdsUqYDaCrwZjgmwA,1,4
Cafes,Tiffany's Cafe,5/28/2013,uPP6f2uma0Qop8PgdwDgew,Qbw1HmMbYTKgBpeIuO8kNg,1,5
Restaurants,Brio Tuscan Grille,5/29/2013,5H-d9fH9MDJCAFwGDMU-FA,vc-Xb7iQ65exE7C_jBIwhQ,1,2
Restaurants,Mezzo Bistro and Wine,5/29/2013,v7L71VyADXJXojxJzt7M6g,1eOcoh5n5-AJpyNm_bKTUA,1,2
Restaurants,Battista's Hole In the Wall,5/30/2013,,MFoVryP-K-KqquPgwaxUgg,1,4
Restaurants,Nove Italiano,5/30/2013,lt4lA22ZbHkaxeYA9N9wrg,O0vvS6arf6WlUfTOoczcEA,1,2
Bars,First Food & Bar,5/31/2013,X6y87jeRZ8MabwgTjaRcbA,BEMrkIZrvCGZOpvdXPOJjw,1,3
Bars,The Peppermill Restaurant & Fireside Lounge,5/31/2013,bPrcQk4hLNN7AO0urUoCmQ,w5kr66kLOWMEOhyEmULrUw,1,4
Bars,Wolfgang Puck Bar and Grill,5/31/2013,lRCgpBN4zFCUDZzoyaSVyw,VFbHarHUXzlCJiQ3HfjPzA,1,5
Restaurants,Amore Taste of Chicago,5/31/2013,54IRNK8y_80yMOHh-WijCA,rNGT6lePmm803H8w0rw4Fg,1,5
Restaurants,LAVO Italian Restaurant & Lounge,5/31/2013,x0eJAy8BcvCGGHF9M33Vbg,ob7A6qkoYFlQXCvgYN4O0g,1,1
Restaurants,Margaritaville,5/31/2013,H8fCjSR5Gc2OQynrwK2o9g,ayIbDF9WoLDYfb6r0as7qw,1,2
Bars,Vanguard Lounge,6/1/2013,h4tvfogYbbnIpMj2jcwK8g,Gb74e3NProDiMq88JGvjpw,1,5
Bars,El Sombrero Cafe,6/2/2013,aJMiXKxHj3SFWQpUFY3Vew,3xy-PqXrRTF3f7_Jd5B0-g,1,2
Bars,Gold Diggers,6/2/2013,aRovkSsrq5LPzVwEDQf_sg,4dxlce_Fv9rFCpKR2B1Zig,1,3
Bars,Islands Restaurant,6/2/2013,DZKzEFo1teCXpqQH3Kmfhw,oLz9AlTgtBgXXW0BqDmWDg,1,3
Restaurants,Encore Beach Club,6/2/2013,CgXv-1d4A1lhArn8n2q4VQ,akbORpD4wwVcMEJQwGUbqA,1,2
Bars,Morels French Steakhouse & Bistro,6/3/2013,CeGrsJPwfJPYdmKFKSMHDw,texk0fvz4yIrnwDSqVYrmQ,1,4
Bars,Drink & Drag Lounge,6/4/2013,udinG3TbgJK6DVsMWbW4cg,ChgmBht69bnqSdDxpWMAqQ,1,4
Restaurants,Encore Beach Club,6/4/2013,kByzHgg5zE7yN-WdXPE-dA,pLJvB8Jvc_D4vTAei-MWmw,1,5
Bars,Applebee's Neighborhood Grill & Bar,6/5/2013,5QX0EGKJgGgQC55oKW5HiA,NjOYSgr2LNMoSPi4e140Ig,1,3
Bars,Embers,6/6/2013,YZd9HpJQ_zglkJ4DhOrzNQ,M-O0tasOl0SGiUsxdO5cZw,1,4
Bars,Mr B's Bar & Grill,6/6/2013,bAI3K5zyCYD0oHZWqMCGXQ,M-O0tasOl0SGiUsxdO5cZw,1,3
Bars,Nobhill Tavern by Michael Mina,6/7/2013,3Ygja0nGfT1KP5Kavb7unw,FqYuN_11aft-BvRWQnsAew,1,4
Restaurants,Mezzo Bistro and Wine,6/7/2013,IzHinSew1sitL7O2jIrEXA,Y5trCPMNZP9f58SVou9C3A,1,4
Bars,PBR Rock Bar & Grill,6/9/2013,UW7gqgXo6qaxP0y9flF2wg,unZAs1oP3FDlobO957pHTA,1,3
Bars,Mob Bar,6/11/2013,cD0Ef7oIMKiPuhbcx7foQQ,5G0GcGQU7NaPghLBwWeL5w,1,2
Cafes,Sidewalk Cafe,6/12/2013,l83_re_IrdiMfcF8U4rWuA,Ql_5HVr6e1uDUf7N1gmsVw,1,4
Restaurants,Nora's Cuisine,6/12/2013,,BvPhfKe7ZUkfdcZhNPOVAQ,1,4
Restaurants,Romano's Macaroni Grill,6/12/2013,SrueFwq6Pfw2Yw20ps9jYQ,6_SbJKPPgCmUP5EIS2nGiQ,1,3
Bars,Cellar Lounge,6/13/2013,_GYPyL7tk82Xjl-4nOG03w,0U8IHReYNpBNhjrGnW-Ahg,1,5
Bars,Drink & Drag Lounge,6/13/2013,R1HyXyyqJ2MITBvNjzCSRg,ELVYUoPLAN0YRTCNuwEyeA,1,5
Bars,Artisan Hotel Boutique,6/14/2013,s6caAnjytnxY-FHgqM901w,ZvuIaRk3eG38nLNmkvfjEA,1,5
Bars,Blue Hawk Tavern,6/14/2013,tWT2LiBUzPAyq4DzKm3v9g,PV5voYSD43Cn_3gHmxG7DA,1,4
Bars,Four Kegs Sports Bar,6/14/2013,XFNHwUzKwvGUABajZ67Ksw,YCW92r_ubnb2KpY23VSxIA,1,4
Bars,Rehab,6/14/2013,jCs9T7CExmJilDOPFTTLZw,OzEkHdEzSRNCeYVHs7D38w,1,1
Restaurants,Il Fornaio,6/14/2013,l6n1JeD9QEfAbzoz649LoA,_uPfI-nF_8CvMj2Dc4Z3BQ,1,4
Bars,The Chandelier,6/15/2013,v2EeHneOriDxPoC4AWxHdg,qBEVs3ZxdVn6OENN4KyAhQ,1,5
Restaurants,Amore Taste of Chicago,6/16/2013,MCTLCEyFWSMjMHhDJY41jQ,nBKu9UKQe5RyoFk3Pf80hQ,1,5
Bars,The Chandelier,6/17/2013,ZmYyCLuYvgNVHx9Ddx9gwg,oogaIrecZ9R-XAiOFLaZ2w,1,4
Restaurants,Lupo,6/17/2013,XLLL_V4hc0-_kKXTaoh86w,VPXgY9lGJF3XC4ZpusxNuA,1,3
Bars,CUT,6/18/2013,mr_NF3eEJWSCxRrWiMyKlQ,HOaWRV72ZQs0me1geSqBzg,1,4
Bars,Rhumbar,6/18/2013,U65-v0JLxOLVGBY1Sy669w,Ksh-pjTVoRC8EGMR7G-boA,1,5
Restaurants,Ferraro's  Restaurant & Wine Bar,6/18/2013,YrIOFs5VHfv8ZFeKOLs83Q,HuF3B-9b9GK_K3aWehFwdg,1,4
Restaurants,Mezzo Bistro and Wine,6/18/2013,JtZU5MB2c-5trrjEqySmcA,sJfyYLaZ_OYe27tzk3voXg,1,1
Bars,First Food & Bar,6/19/2013,jZgHxl8RUzWC_p1twxOkDQ,27GQ_ftvqo_MF0Yg0DpGXw,1,3
Restaurants,Parma By Chef Marc,6/19/2013,YIrxZLGhnOW5f4T_iQ85ww,Hi7Fcbsn5-MRfl-WAe86iA,1,1
Restaurants,The Bootlegger Bistro,6/19/2013,I9jLt9vIv2CCoRDK3x0ZTw,xTOchHdOs9URpErWWaKgZg,1,4
Restaurants,Encore Beach Club,6/20/2013,rBIjtT48VT1JLk9xuitPXQ,gpKiueMDKnc47CZxx0iFVQ,1,2
Restaurants,Philadelphia Steak & Hoagie,6/22/2013,,E3sF_zpByhSkmQ0tmjG8aQ,1,3
Restaurants,Sunrise Casablanca,6/22/2013,oCJK9k9j0yoVGNzxK3DfiA,ur4rzCNhpYSDFfv9FGq0lA,1,5
Bars,Bar Vdara,6/23/2013,hdM8WNIOQBIbuFy3_F4-qg,9VSegbNRzNlGKfBUv23vNQ,1,4
Bars,Oracle Nightclub,6/23/2013,,C0UY1f2BUUmLdmB3sn5_lw,1,4
Bars,The Chandelier,6/23/2013,3Fiqt6YTh1VLBge6vppN4g,5o6z73Xzs0Z6tNqIFyoL4A,1,5
Restaurants,Trattoria Nakamura-Ya,6/23/2013,hI9F1sgg3OCx_mOtlgmXhA,l0fqZSJVCjL723oxJjlCvg,1,4
Bars,CUT,6/25/2013,oCd7pEyHyfuOnCGdFMrveg,yWwySiBpDQtqd8bsLLNwpw,1,5
Restaurants,Ferraro's  Restaurant & Wine Bar,6/25/2013,nU1wTPCCkS7XlfXS9JabtQ,pEVf8GRshP9HUkSpizc9LA,1,4
Restaurants,Chicago Joes,6/26/2013,JrEHBPmp7rD7pOTnYJzbHA,iy7zsAT63v2GbaB8S_iR1A,1,2
Restaurants,Lakeside,6/26/2013,10ZU4H0986KU8gSihyhPmA,pVRs_0OMcRpjL50O3aqWZQ,1,5
Bars,SUSHISAMBA Las Vegas,6/27/2013,90lKns1c-bl5r-Y-skkuUw,3HOCZsPEl2fdBil6Izbduw,1,5
Cafes,Tiffany's Cafe,6/27/2013,Te99QQMe35XbqaLM-0LlyQ,gRTkNfk_Hq6NvGRyyXaL0A,1,2
Bars,CatHouse Boutique Nightclub,6/28/2013,xma1bxBLs_PgLIPg7clWXg,c_PyskkBMCBHnETi5gEOWw,1,3
Bars,Blondies Sports Bar & Grill,6/29/2013,tCHMhUwhanzlGA8oN1FP9w,bwAqyZZmwt6tjyCPmRbQbA,1,3
Bars,First Food & Bar,6/29/2013,O6N2SNSVLU6Yw_DBuuU8JQ,fvefMhPQxb_viu95TwBlCw,1,3
Bars,The Peppermill Restaurant & Fireside Lounge,6/29/2013,GJzkWgrDCqODBhosAMTJ7A,yPBEt_9eIoeDGXHQBWMUpQ,1,4
Bars,CUT,6/30/2013,VDSnRjLikfnDQIjVyGM6AA,QKeum-VSYUx9A6NjqVdCbg,1,5
Bars,First Food & Bar,6/30/2013,PrQW3Bfet_OEVLBqG1f8ZA,Oa2GOM0oMhVxbfh-53N88w,1,4
Bars,MIX,6/30/2013,hdW-UfqD3LrQg1tntu-L9g,EVoRHbVjBj6jyQS0wbHxTA,1,3
Restaurants,Wolfgang Puck Pizzeria & Cucina,7/1/2013,hF7LTur_NGMVWLK1Vq4AHQ,6-jtXobilqtSoFPSSkslVA,1,3
Restaurants,Wolfgang Puck Pizzeria & Cucina,7/1/2013,X1VLYCQLTRkoExeIO983gA,kWkgwRxqWD-h260dMTkHUA,1,4
Bars,Frankie's Tiki Room,7/2/2013,G5hIQNwHh6XEePqaCaTeOQ,4GSY0DOyFQB-QyVdx8iXZQ,1,4
Restaurants,The Bootlegger Bistro,7/2/2013,gD4uS93206qNXvzFiPE6Lw,uH5aBm25iBJ-W2UkroaigQ,1,4
Bars,The Beatles Revolution Lounge,7/3/2013,QTeWToY8IwF1LP6iqC4WWw,wbIU917ctOGp8-NdeVxIWw,1,5
Restaurants,B&B Ristorante,7/3/2013,huDylw588Uo8BTFn2BqgqQ,ts4ygZH1TuGlgRkhUAd_uA,1,4
Restaurants,Bartolotta Ristorante di Mare,7/3/2013,jDjIR8BuWvX1KWK9uWQC1Q,IH95yZ5BtmpZEljbEWHQjw,1,5
Restaurants,Mac Shack Spring Valley,7/3/2013,Q0EcW4wukJSbSI9Ob-Srlg,wcgZ6UvoRGd8L-a71RkU5w,1,5
Bars,Drink & Drag Lounge,7/4/2013,9gbDYmk95P8L058XFIIr2g,rzHZ3iYVQe_8h2e42DbUsw,1,4
Bars,Portofino by Chef Michael LaPlaca,7/4/2013,QAlw0qSEHrIvArDD5tC5hw,7upbRytRkYzAPeLR3U-yBA,1,4
Restaurants,Nora's Cuisine,7/4/2013,ax8yvXFw8cjv7qaJPzfpYA,h8jxgbiJcg8qZ2L7gQHTvw,1,4
Bars,Diablo's Cantina,7/5/2013,TTcqXaASG24xmV8YN0UTKQ,oz98YFoHRrJ9u-BIUFvwKw,1,3
Bars,Drink & Drag Lounge,7/5/2013,UFdwZ-1oEvPZpB41fsO3WQ,VzAHWXVOIqylfCtIRXwU9w,1,4
Restaurants,Brio Tuscan Grille,7/5/2013,MINKMpdkmpDQHg2dbz-FkA,MJkUoaXeQ61XTpRoUfdnQA,1,1
Restaurants,Margaritaville,7/5/2013,tGOI9Lz8Pqi_CgYW5nxiHw,Jm7soLFen1HZLUTcHo7Zvg,1,5
Bars,Coconuts Beach Bar & Mexican Grill,7/6/2013,fN58hxxMHBy9T9UVCIEXng,voKoo3OzNzyrRfYlHhqVYQ,1,2
Restaurants,Encore Beach Club,7/7/2013,MDyCvnCAYuUsv2iOFcK4Ug,ULOPLvLghKZrfo3PhwbPAQ,1,5
Restaurants,Brio Tuscan Grille,7/8/2013,qvcd8qpzOMGb4LhfOOeV8g,XparbQlO-J6UPo6tzdecdA,1,2
Restaurants,LAVO Italian Restaurant & Lounge,7/8/2013,Sn97D0N9Z38JAGoEfMyEeg,KblOD5OwviJ9-Bxvitf2FQ,1,5
Bars,Beauty Bar,7/9/2013,v-cXmFDywrSSI31yW6ANVA,xAxBXqiuMOmg6ijJzsGfIQ,1,3
Bars,CatHouse Boutique Nightclub,7/9/2013,9VTg94mIElFgm-MqlNwK-w,N8liZH8KKXuBLRGWMgVjTA,1,3
Bars,Dispensary Lounge,7/9/2013,oo336F7huxunOFACU-TWjA,C0UY1f2BUUmLdmB3sn5_lw,1,5
Bars,Morels French Steakhouse & Bistro,7/9/2013,Py9g5ksv8dZlxTuDLb_fOw,Z0-K6Qcj0U_Ig5Ss44q4kg,1,4
Bars,PBR Rock Bar & Grill,7/9/2013,9VivvuJUsqmphWL7QGVRvQ,2D-XCargyI-VgsjOx7ivjg,1,3
Bars,PBR Rock Bar & Grill,7/9/2013,zvHQQ-UmRyxHIHA-2n6i8g,HOZN31UvyWXEroVfaoQs3Q,1,5
Restaurants,Encore Beach Club,7/9/2013,L2cduKLwH1QiAjf5hxvfMg,h2qIgZgB2t675Jky-914dg,1,4
Bars,Carnaval Court Bar & Grill,7/10/2013,HLft8GVFqMtFYcD9L5SBbA,ZZGU-nuyteCQlWCMOpJMXg,1,4
Bars,El Segundo Sol,7/10/2013,AAXcL3mtva-7dt_v4avPbQ,xLKQCJuCqZeM1dqpL9vIoA,1,5
Bars,Frankie's Tiki Room,7/10/2013,9M9xyNgvU2QlfljNNpawRg,M-O0tasOl0SGiUsxdO5cZw,1,5
Bars,Numb,7/10/2013,,OrH7vd1Dhr5b4t6ucnQjWg,1,3
Bars,Panevino Restaurant,7/10/2013,P1g42XS3-tRLEBdaEY9dUQ,gov8vWzc8Y5PWw8W5s_Y9Q,1,4
Bars,Embers,7/11/2013,aoh81PvHL0juPi_gI8jJwQ,Cw2hFQ-jwlpwdzZu7FKgTQ,1,4
Restaurants,Dal Toro Ristorante,7/11/2013,9wvI9zXkm2Ze9mteg6nrfQ,cK5ctdHmq3XVjXcCTiRyeA,1,4
Restaurants,The Bootlegger Bistro,7/11/2013,KezhvVgy8JXHTgx3ybPMFg,xKvTL85JqrKzxGsJICilrA,1,5
Bars,Brewery Bar & Grill,7/12/2013,Ey0bCNv269ZOM1Ycvwb40Q,8ZwnyiSGQKWmVnZBaUC4AQ,1,1
Bars,Kahunaville Island Restaurant,7/12/2013,RJjPUvomGh3pq0rnF833JA,h7zI6NPpmx4fmyCfeUNGjA,1,3
Bars,Wolfgang Puck Bar and Grill,7/12/2013,RaKmeg5whq9wECdJV9ORyg,S3qFAJc1uOgeT3D8Rpc3JA,1,5
Restaurants,Lakeside,7/12/2013,7ZD7lUPrh4yjbS0GC0WvuA,tAsVBWI07Lm2uDso3u1skQ,1,4
Restaurants,Mezzo Bistro and Wine,7/12/2013,lJG6snb6vi1FYGwlWJcr-Q,IJKdg7KSekmIm_6LJsfvUw,1,4
Restaurants,Zoozacrackers Deli,7/12/2013,rWxIULZR27yY4BEdB1ASng,tAsVBWI07Lm2uDso3u1skQ,1,3
Bars,Four Kegs Sports Bar,7/13/2013,PcYGDrNM1XBfPTX3h6ONQA,4w8xd-x61Z_q6m1EF6y_GQ,1,5
Bars,The Chandelier,7/13/2013,Sj942XczaXZibauBFHPd_Q,3TfNmit3rgBK4cX2q-evRg,1,5
Restaurants,Il Fornaio,7/13/2013,8KhGVadLx_1n5-zLduxyUA,OLeNiUxC3zRnPx5Fjaer8Q,1,3
Bars,MVP's Sports Lounge,7/14/2013,WqglZSfw4KU0LUmZV8IpKQ,NqI7IDPi6dqfoygpVBu1JQ,1,5
Bars,Paradise Cantina,7/14/2013,wXEJSFqfMx1n-nmbDfxt-g,A6GU5N8KaDAQzXPqDHhK4g,1,3
Restaurants,Encore Beach Club,7/14/2013,E8waPstVBt1WYvFB5rjzuw,_ruxa7RJ7-gRExDeMaaXiw,1,4
Restaurants,Parma By Chef Marc,7/14/2013,OToKxgq7q4uIJA6Vu4fxJA,oRLafMvXDkp-HNgGVsYSBA,1,5
Bars,Blue Ox Tavern,7/15/2013,sn_j61VEg0-aT26SQjwrKw,IYJg3a-NTaymcYPOfRrcsg,1,3
Bars,The Peppermill Restaurant & Fireside Lounge,7/15/2013,GH4UCGL0OVw6xoJ0HIw87Q,5Fd93L51CcW9oiJxPPfgEQ,1,5
Restaurants,Casa Di Amore,7/15/2013,IXwv76xtqIYALVuMAqS-bA,6xL0dW0g4Q2YX3qtQ9PHMg,1,5
Bars,CatHouse Boutique Nightclub,7/16/2013,EGOt4PDUTKA97kQMyRzIlA,k5zGEHC3C7AC6gxIGOdSmw,1,4
Restaurants,Mezzo Bistro and Wine,7/16/2013,S1r8d1WGjAlPaTQYQae2kw,8QU41NLwmN2qSRJd3c2tAw,1,2
Restaurants,Encore Beach Club,7/17/2013,4NoqdWm0WZmGzn_gFSqlVg,7QmfrXtaetre_8rDOMkkvw,1,5
Restaurants,Scarpetta,7/17/2013,WjYObmDiNPxHvDRJ9Gk7Sw,qPoQrw0SRn6C_4vqJGSlvQ,1,5
Bars,The Chandelier,7/18/2013,Cq_o2Tdj0lYqA--Flb38lw,xthFXWIoXm06OKgXj0ROCQ,1,5
Restaurants,Scarpetta,7/18/2013,tuhJ9AaSI7Uz1IFr8zpx1A,HqWj80uJ_oAGVlA0nDSS1g,1,5
Bars,Evening Call,7/19/2013,qMQx9aPEYX1gzdipCYxfhg,opGgsDuWqzdNpZq2thH6eA,1,4
Restaurants,Lupo,7/19/2013,XCaCjKriMs_uXE_9BorwdQ,In6Wn5mZVJOo0Ov55qa9SA,1,5
Restaurants,Margaritaville,7/19/2013,xdZv9T3X_jzUtCWBYK2rUQ,opGgsDuWqzdNpZq2thH6eA,1,3
Bars,Bikini Bar,7/20/2013,L5uqIkNfyquOBai4sWVLbA,rEqzhRl0gS5cWpbh2QuBWw,1,3
Restaurants,Cafe Volare,7/20/2013,fuiG1qYYGbACDtZvyZQY4A,9OguqL1HzJk6ysVDjCAEqg,1,5
Restaurants,Encore Beach Club,7/20/2013,wtj3RgcPEjT4YLS3m6RtOQ,4Cx_vTeGICgg-nV4djUY4A,1,4
Bars,Firkin On Paradise,7/21/2013,UsejD07HRv9COlCGaqvQRQ,TGg6yaplZPHTNHvz7bDQAg,1,4
Bars,Ghostbar,7/21/2013,gXIuYn5iVEMq_SzUECvJ8g,sXBS3J4eGOqx057E_xwQ0Q,1,4
Bars,Señor Frog's,7/21/2013,7Ei4TJV9BGlLUNQ4u-gZlw,kB6MplsYDELQUSceMZhwOA,1,1
Restaurants,Drugstore Café,7/21/2013,2ckWRd6wOWEd6NaWPo_uuQ,mWSRsj4Eb-jVmNIx8Vv_8Q,1,5
Bars,Don't Tell Mama,7/22/2013,rh42AqZ2Oh3KA1lAPVrAZw,YHbrdVajp-WYsj1ncvTqgQ,1,3
Bars,SUSHISAMBA Las Vegas,7/22/2013,JLm1Qx-M_j9EgXAG-QicbA,LWcOA9JxzbkaW-UWH1tAyg,1,5
Restaurants,Ferraro's  Restaurant & Wine Bar,7/22/2013,zXpF3FoRFSVj3AMsOOghRg,jSojwM5rdZRVJzSYr1HciQ,1,5
Bars,Wolfgang Puck Bar and Grill,7/23/2013,PU5mZVZf43AX4-vWv_IMpA,TmlekkqtkpR6TAFzHqf99Q,1,4
Bars,Minus 5 Ice Lounge,7/24/2013,YBq7SmDOQjshP0cGCN9dmg,7J7mtQ22zfD6OqXxYG2d1A,1,1
Bars,Putter's Bar & Grill,7/24/2013,BtjJmlCjbNI9AaCVaboHKQ,v0n1Q9OI5ZBeVrcdIz1USQ,1,5
Bars,Artisan Hotel Boutique,7/25/2013,LPL3Q-dRo_ZFySLnQvZxsQ,e3TANn9SCZ87NtEU8mybxw,1,4
Bars,Encore Lobby Bar,7/25/2013,kA98Omu_l9ZVYJFQI4kTzg,UbEp2jj8cYC0UWZ1jvUZ3A,1,1
Cafes,The Mad Greek Cafe,7/25/2013,MwHb_0ryqOWQ7Hh8tuOo3w,0L7J1aRYEB8fbO5X__M7lQ,1,4
Bars,Beso,7/26/2013,CxszWGC7X5LoEg8kBCyOug,8V4pyXQkf0iEW0gNKJgO9A,1,5
Bars,Sierra Gold,7/26/2013,rH11-DfNcexKw4D5h1yGeA,mOIt2X_ppcsXjx-pzKjabg,1,4
Bars,SUSHISAMBA Las Vegas,7/27/2013,JjEy1Qb2dsXaMyedwREhug,TdjT7TgOWhBxhd_lgGygCA,1,3
Bars,Zuri,7/27/2013,sH333jczxTp4uyPYkII2mw,4XOQEWE634svLTLZXJ1Iaw,1,5
Restaurants,Nove Italiano,7/27/2013,z6f7PZgDFzOw8sLLgIcuvw,dBcbTauCv4vT-DaFQpJYmQ,1,5
Restaurants,Poppa Naps BBQ,7/27/2013,AStWL0g2dcKdbu05OGEgrA,_DGJknHlwfdIihPT1JybAw,1,5
Restaurants,Dal Toro Ristorante,7/28/2013,zAfNmjsLXzvwN5olwnt_vg,6azyAY0PzRwdYladwITS_A,1,2
Bars,ISLA Mexican Kitchen & Tequila Bar,7/29/2013,aoRmXxi8nmI_lGXJ37KVoQ,_koag8DsvDj9jZJFVmO8Hw,1,3
Restaurants,Encore Beach Club,7/29/2013,pTaE5cMzp0S2Z7FP_bGb5A,_gOPCwwOlseMdRpR_aHyeA,1,5
Bars,Hyde Bellagio,7/30/2013,j20jEK0BQlnoV4b9wQMYpQ,2D_gfbCaPHfz8SGFOVXjDQ,1,5
Bars,Señor Frog's,7/30/2013,0YI-i4cvWeZtgdPun08OAA,LRQJx9jokr1uGZy2so4P1A,1,1
Bars,The Peppermill Restaurant & Fireside Lounge,7/30/2013,Qlkl06mO60tZdno0sJFpBA,PXAIu1h0kt2rqwYbup7NjQ,1,1
Bars,VooDoo Rooftop Nightclub,7/30/2013,cT3VX3h48aTyXN25o7J-Sw,cpoFFSQMO_Y1pGWln8H1qQ,1,5
Restaurants,Rao's,7/30/2013,yDXWq5B4md8JEw79QMLnlg,1U2TaQo6zHLPBLZwYn0Nyw,1,4
Bars,The Chandelier,7/31/2013,kdb_4UpJWYF0oWnXcEeu0w,Q3TzxhAxm8lmqUTxLBX0wA,1,4
Restaurants,Rao's,7/31/2013,HqSfaJmxk9G8abyuDpcqtw,24dqIYeCK19yRxon82gmag,1,3
Bars,CUT,8/1/2013,7ZqCPzoNfhg_6BNntyzFfw,B48auyX6nYRrgb_x9f0kUA,1,4
Bars,First Food & Bar,8/1/2013,,W99VR2zbvtxkufbpl3x1AA,1,3
Bars,Insert Coins,8/1/2013,T1DLga5Jy2TuJsT-sUbZTw,BGmCqfFRrElsguy-LvfSPg,1,4
Bars,The Beatles Revolution Lounge,8/1/2013,frtOCKM7tcjnhvcM-h4yOA,l6TrZB_kTnxp4cNDX09z0A,1,2
Bars,VooDoo Rooftop Nightclub,8/1/2013,BdFGzAiQgF0-62L7tgWq1g,YIKmoli52cQ2wK7mCgMRHw,1,4
Restaurants,Nora's Cuisine,8/1/2013,ialz2GW84iQTDOHOOPGPqQ,IQoZlr9q4Mo0sc6ZmG6TAw,1,2
Bars,All-American Bar & Grille,8/2/2013,Jy7TXXimxsMczlO11orC6A,e5vgFpzyEyjjjfG1zyu5Xw,1,3
Bars,Diablo's Cantina,8/2/2013,VeaufD3q_3c4DoangF6-Cw,OgLPKnGIyIDuLXI2HTbi0g,1,5
Restaurants,Lupo,8/3/2013,AAb9b4lK7ypEC7QSHVjR9Q,9OsBFJwgaw1Jmz34h_hYiQ,1,1
Restaurants,Parma By Chef Marc,8/4/2013,r_e_586SLU20fk-Twv2SeA,gjv2cM7GAgdicJ6Xh0butg,1,5
Restaurants,Parma By Chef Marc,8/4/2013,aMkjZBGizNHWU6o2YUvBig,s77_PBGGNKklQFbvnEtzPg,1,4
Bars,Frankie's Tiki Room,8/5/2013,b7ovhFDNSNyXCDtwKsax2w,PCU-UNSXNCVvnvyEaaLpjw,1,5
Bars,Hyde Bellagio,8/5/2013,VtPxsAKxKil-htRnB-GV1A,hHAUWyduNP6lGfAatb5RWw,1,5
Bars,Minus 5 Ice Lounge,8/5/2013,EK7XcbnkdByiGQ4HTUyKGQ,kPYYnLjgWgsRRz6P820rRg,1,2
Restaurants,Terra Rossa,8/5/2013,we1qF5GJXsLi6RYRFWjYhw,XgYHeOZCnR_nH7L_uEnOiQ,1,2
Bars,Outside Inn Tavern,8/6/2013,IDQHg_7-u1WG0fexRiooFA,GJsvq6TXHSol66a3H8SOfw,1,5
Bars,The Beatles Revolution Lounge,8/6/2013,JG7nIIkUHZTX6Vn7YiBpFw,7DDBw8r3nKhkQ-XZdkwWPw,1,3
Bars,Blondies Sports Bar & Grill,8/7/2013,AXYbyhhkY0kX50mQr3gi_w,003rH-Pjadx2Hpx0dHZXGw,1,5
Bars,Mandarin Bar,8/7/2013,up5InhEebT7cjn6JXrpMAw,Zk3amxorkJ2jvx_s8l9J6A,1,5
Bars,Cellar Lounge,8/8/2013,IPG9LlmznlfeZQCzQR_FGQ,zpeYqp-_hJlOHbBmIgjCWg,1,4
Restaurants,Kopper Keg Restaurant,8/8/2013,uWxACNxzpY1xbzev70jKFg,z-MbAA57Ag4cJEp6mgVReg,1,4
Bars,Panevino Restaurant,8/9/2013,PBiwd4pKV7oA9C7PMZAElw,wq2UI6UGobhDFdLK5K8g2g,1,5
Bars,Rocks Lounge,8/9/2013,mH1SBRtyr_xJ4OJXW0r7lg,1rinUgva5rLFpldZOEmbCg,1,5
Bars,The Griffin,8/9/2013,pAAUWbkA1tn1msXDosUBpQ,6PbjXuKOBGDe58rE85bl_g,1,4
Restaurants,Battista's Hole In the Wall,8/9/2013,r0A0-L2u8zCWOsfKDWafnQ,MPyz7aNcEHTf1AoNPCgw9g,1,3
Restaurants,Margaritaville,8/9/2013,UrGCdwOLEkonsfHcwRmb0Q,JHjbVuU8W3EMxBELO4d4CQ,1,4
Restaurants,Otto Enoteca Pizzeria,8/9/2013,qop0iBSJV_7fRNB49y34mA,6PbjXuKOBGDe58rE85bl_g,1,5
Bars,Gordon Biersch Brewery Restaurant,8/10/2013,,seUvop77AyRna56_2cngcA,1,4
Bars,Wolfgang Puck Bar and Grill,8/10/2013,581-Rw_01jBxgYjmt4t4KA,zJSegXlzid-LtU0RcI_VaQ,1,5
Bars,BJ's Cocktail Lounge West,8/11/2013,gCBuN5Hnom9Qx6U3F6Q_FQ,oyKF6Zs4aEYjsFVV9nT2AQ,1,5
Bars,Spanish Steps,8/11/2013,eZ11hqdG8_cWsh0OnATa0A,8g3--Ey7Z_dX3gvY-x6AUQ,1,3
Restaurants,Sinatra,8/11/2013,zglPewMh0jTBhFKlDrXJWg,wXuKWBalwwf_PYxZd9Gixg,1,4
Bars,First Food & Bar,8/12/2013,5IDjNKIUsGnkopJHwnvOeA,tTaC3-J4zLFy2_lPzft_Zg,1,4
Restaurants,Olive Garden Italian Restaurant,8/13/2013,49bKoCIWnDJL7YE21sDOZQ,d_g_O8JekFvETPXjyd4qtg,1,4
Restaurants,Scarpetta,8/13/2013,ol-oJxcdTP-48YWNb_YU8Q,D2DQ93ODpPdiHvdnvgIDxg,1,4
Bars,Gordon Biersch Brewery Restaurant,8/14/2013,i-gWGDKmvpC2RYSc237-tw,1gbdBWtKVtoNbAvS7Iyjkg,1,3
Bars,Insert Coins,8/14/2013,7gKPdt4Qwc5QvkfV3ABr9g,YPAw3rP9dQO0XhFRMu33-Q,1,4
Bars,The Peppermill Restaurant & Fireside Lounge,8/14/2013,1SA1_vOTBaEUmZJ-YFP4rw,H3oyrrVTspgFBueeuXl47Q,1,5
Bars,Ghostbar,8/15/2013,FZewM6DYBIjTp4KrpLBqPQ,XuZ2VQFQ00u8mlbienZ-Ow,1,2
Cafes,Grand Café,8/16/2013,xTWs6wQCv5Ze1Jspo-jbKA,h8bKoplouUFO_0LD-9i0TQ,1,4
Bars,Diablo's Cantina,8/17/2013,rZ-NhXlwVqNZkUIDS1OGCQ,Sk6CFxJbEkrMfLPTTKECLg,1,4
Bars,Minus 5 Ice Lounge,8/17/2013,WOrlb6zgVQmdGOPDdId8Ww,F1SC4MDV3ZFPDHiWHGzqKw,1,4
Bars,The Chandelier,8/17/2013,amPf_h5b0-fEjDqiVmAW5Q,WDqJdUVjBZPZ9JntAcZo_w,1,3
Restaurants,Brio Tuscan Grille,8/17/2013,bnqj_sa9MP8_bQ2eqBsYtA,gFiJfqubI_09G2i1o_jKPg,1,5
Bars,Hyde Bellagio,8/18/2013,PRqmqfRq92KOxvGKq3fPhw,oFG0nb0EuhUIYYim_21Czw,1,4
Bars,VooDoo Rooftop Nightclub,8/18/2013,Iz4B1XLB1BcqeszprML8aA,vI7wZxTprpMl2fj_IHU3iQ,1,5
Bars,Wolfgang Puck Bar and Grill,8/18/2013,K5B9EWMlVQlK3TDcundtlw,XpsuhmvytLhTC0dIvp959A,1,4
Bars,Ghostbar,8/19/2013,Hse3J9ROBgmxdi2V_9_4EA,CwkdQfIWMLFPpa14i8it9g,1,1
Restaurants,Amore Taste of Chicago,8/19/2013,HakjtLgi3TKfFRRvvQ3ihw,NXy4P0q3LZACqORUSYNpVg,1,5
Restaurants,Cici's Pizza,8/19/2013,9lL-JzYd4umjVo5t4EkmbQ,KrtMsuYeBJQL3nTlEkUoqA,1,2
Restaurants,Vit's Pizza,8/19/2013,Pq7MpBOo4Ygd34SvMutwsw,vcet-Ad25l6NwCqqCDIl9w,1,1
Restaurants,Wing Lei,8/19/2013,pamABS8HY_eaoxO2rwWbjA,f0cAZmnFto3iq_4PWH2Ing,1,4
Bars,The Martini,8/20/2013,tgrFAFpFXejdUNdMh6XoKA,uVFD1HJfRtnUdeDgw9uYLA,1,4
Restaurants,Scarpetta,8/20/2013,4QnWx4YKzJ89jdp-8B5qYg,Jul0u30a1lAZB58cakU8Gg,1,5
Restaurants,Vit's Pizza,8/20/2013,U51ySaRCNnJfwrHRGTEolg,x3WVvVDTIhHAvs9CiWJd7A,1,2
Bars,Parasol Up / Parasol Down,8/21/2013,fkN08WWMPa9e3hQMOLaHSw,TjKAZ3ZPN9iz-EuQFHqspg,1,5
Restaurants,D.O.C.G. Enoteca,8/21/2013,RpnJXZliKw2dnxd5gJLOMw,_o2EBkVTPcBjL64czGEqAg,1,2
Bars,32 Degrees,8/22/2013,rPFDaKCGkUHNCHX2QQr3cg,7-zMaU9rwUo0yl2f6uM60w,1,5
Bars,Calico Jack's Saloon,8/22/2013,BJNsl2EC4vDa1cqMrHt4Hw,xtloy4mTQTcAVYiz33CTog,1,5
Bars,Centrifuge,8/22/2013,qtCd7BHhT7s30GPuY8zz8w,7-zMaU9rwUo0yl2f6uM60w,1,4
Bars,Mandarin Bar,8/22/2013,_7OoOeu8XhYWsWAzurwC8g,C-i9D8y-aU7M_a6oCEnYEw,1,5
Bars,Diablo's Cantina,8/23/2013,_fL5MQmOFGptIb-rsEqWUg,Z2V9y9EVBxtkjQRylJtn_w,1,5
Bars,B Bar,8/24/2013,zZnYgYO5LnDhsUUfeMgE2g,6QEargDkB-tGP8dHSfEacQ,1,4
Bars,Wolfgang Puck Bar and Grill,8/24/2013,,HSCAIz_sFTgC78hXE-86Og,1,4
Bars,Mermaid Lounge,8/25/2013,xUG2tr9qeIz8x00VDql8Zw,EKJVvRrFZiBjbkp6OcF4AQ,1,5
Bars,Vanguard Lounge,8/25/2013,7-7aJw7gSsUQbKbTRXbZSQ,Ylh8hxBV3BkgujvA_EdB_Q,1,4
Bars,The Beatles Revolution Lounge,8/26/2013,7k7F9R6g4nQfYwgj6aVWlw,LuFURQ_OnELEGjz7s6XNwQ,1,3
Bars,The Chandelier,8/26/2013,auvEceWdWBKl71xDOLML2Q,5MhbO-FbPPRkM1G9oZsdOQ,1,5
Bars,The Chandelier,8/26/2013,BA7jLmUE0I7P9rYw9mYFqw,A_9pHtw8mog_xJjwPFikWA,1,5
Restaurants,LAVO Italian Restaurant & Lounge,8/26/2013,RpihnIoSxs1IIbN3lYRx7A,EKJVvRrFZiBjbkp6OcF4AQ,1,5
Bars,Blue Martini,8/27/2013,R81yJ1zw-r2uXVX_-X7sFQ,Jm7soLFen1HZLUTcHo7Zvg,1,1
Bars,Islands Restaurant,8/27/2013,Xq0c0aUGr_MiUk9noRbmhQ,QLRP3Q7R9sDmMeYHQlBL4Q,1,1
Bars,The Martini,8/27/2013,1JthC7SyTe3i6VxDKp2faA,17LPTsu4RgqTZ3SxsGzzxw,1,4
Bars,Blue Martini,8/28/2013,Hs9-T79q3qvZWRhK1ROGrQ,O0vvS6arf6WlUfTOoczcEA,1,4
Bars,El Segundo Sol,8/28/2013,Y_wrgVLkwKMEkmIEXd2_PA,jjI9jhDf5cD8YGGCWhe_Iw,1,1
Bars,Wolfgang Puck Bar and Grill,8/28/2013,BExivjwSfL8gz-h7v4ds6Q,MNHYbnrYLbdB2ONMgmf7Hw,1,5
Cafes,Tiffany's Cafe,8/28/2013,Mw0mEdFYW2PTLHBE3bSc7Q,TB0nSsw56tAfQgpSat0_0g,1,5
Restaurants,Encore Beach Club,8/28/2013,JuuiqQMlu1SFp65qVve2Zg,mBdn2IcNt2FFpklX41-Cpg,1,4
Restaurants,Il Mulino,8/28/2013,7Amkeh9hUEuacy4y0Ht7cw,EbiS3PQDWegUp_1siL6RGQ,1,4
Restaurants,Otto Enoteca Pizzeria,8/28/2013,xZ3ld_KIz1gzWID1j9vXNA,bmR1Ah7WnZVkSqVEyOqC9Q,1,1
Restaurants,Scarpetta,8/28/2013,IfrkP1V5rh7RNhsCdcam-g,0Zpo04V802FnTOQLV1lHhg,1,3
Restaurants,Zoozacrackers Deli,8/28/2013,AMb9UyzVHlXq-6Y3r_ni8g,ww2K-1OgVGJXNUd4WtfRGw,1,3
Bars,PT's,8/29/2013,HoAs7X91ovhtmKjK3D_iIg,hZNJ0c4E3vFrQsopBi8ABA,1,4
Restaurants,Amore Taste of Chicago,8/29/2013,ae7aeL3fO7sQLHcc2zrnXw,qqtmFGhyyHc37coT4qJxaw,1,5
Bars,Sierra Gold,8/30/2013,aYF3C2Qd8GnzerJpBTJNJA,vIAAaDYXz98PZiJNDzKOAQ,1,5
Bars,Coconuts Beach Bar & Mexican Grill,8/31/2013,3kN8dI3w_7aOjqEyJOvxFg,jsmdF78rvHx6foGiiphCSA,1,1
Bars,Minus 5 Ice Lounge,8/31/2013,nRCxIfDzywyfx9OS8dUrQQ,Xm50zYV5NI0r-WwrDbllZg,1,2
Bars,MIX,8/31/2013,8olcYW7RTYMP541bR3h8pQ,lIc8AnOtFwUlgdnt0wBWlQ,1,4
Bars,The Lady Silvia,8/31/2013,lMke8Bl-if7VEI-BNCB-3A,V4a0ZPHaMEK1NiWoLJY42Q,1,3
Bars,Insert Coins,9/1/2013,zVvfu8Gdk8Oa7Bw_iRyuPA,SKyMDoDYuPvdy15zOkdeyA,1,4
Bars,Level 107 Lounge,9/2/2013,5zA0ASw3UY4IENF3R-4ROQ,JZjjkxxO5ox4cvfnC4ZTHQ,1,5
Restaurants,Otto Enoteca Pizzeria,9/2/2013,Lfy7NagUhKm8LuSuvYKOWA,kvy89yEQdjeSlJk7e6GKNA,1,3
Bars,Coconuts Beach Bar & Mexican Grill,9/3/2013,l9so16GqAKaj3SVRlhmGFw,w_eIMV_LfOc6BdK2EHrEBQ,1,2
Bars,Señor Frog's,9/3/2013,aC-cqb85N2JGdsq9P3d48w,mvPBAyk_EkWx1EbdpG4QFg,1,2
Bars,T-Bird Lounge & Restaurant,9/3/2013,cLQSAlvm8jR_4WZXO5tD-w,yRAeSzEnlv-SugxYM0AV6g,1,4
Restaurants,Canaletto,9/3/2013,pSiw9DtJfEDEZdIjSzfBCA,P5-3bNzizxxwgErhEUr9yA,1,5
Bars,Cabana,9/4/2013,TG_bzEdeMdygfvCyGGHpyQ,QWfQOpEW3mPj0XIADDrkdQ,1,4
Bars,El Segundo Sol,9/4/2013,fiF2buhoMiIqzh-fzyJMBw,vsR6VM-x-phiOsjU6QQEuA,1,4
Bars,Grotto Ristorante,9/4/2013,LCKUiGKOvDBFIXMcEBsIig,kZ11FAE4NGbddxOOPeRL5g,1,3
Bars,Morels French Steakhouse & Bistro,9/5/2013,jr9NStwJD9KtVSOw3FL0yg,A3mpjzazkSDkua4cPSayYA,1,3
Bars,The Peppermill Restaurant & Fireside Lounge,9/5/2013,aozZIm5_139isQQzWRuuPQ,O0vvS6arf6WlUfTOoczcEA,1,3
Bars,Rhumbar,9/6/2013,M0_PxeKOmm2ywiwQbFI1-g,xVhln7Qjq7pIS9LnqdUwsg,1,3
Restaurants,Carluccio's Italian Restaurant,9/6/2013,GEIjqxW7h45UWn20w2t-ug,voKoo3OzNzyrRfYlHhqVYQ,1,1
Bars,Circle Bar,9/7/2013,hPvxf-WnFjdKnbBZg26gBA,6rNXwhJOeSUvnpm-nBVaaQ,1,4
Bars,Las Vegas Country Saloon,9/7/2013,9bHDbUlMPTo83po3aJSlzw,PfxtBvnKnDzdzi-tqze6Qg,1,3
Bars,Mandarin Bar,9/7/2013,Le9J9mVzgmL1_FdwlLmHHA,6rNXwhJOeSUvnpm-nBVaaQ,1,4
Bars,Nobhill Tavern by Michael Mina,9/7/2013,m8TFXJ3XZi8A42uKG4cgVA,Bys4gS2t2t9hngHTO8uV2A,1,4
Bars,Time-Out Sports Bar & Grill,9/7/2013,uiNInrBoWxyDJpybTGrQYA,7nRoGsrwwgd_YWXMNC581A,1,4
Restaurants,Bartolotta Ristorante di Mare,9/7/2013,obKn7XrGx8Cbx5_xqQCLFw,E_7i_1oiozdaH6gPXpEKCg,1,4
Bars,Grotto Ristorante,9/8/2013,sy9XOXZez3514oeenm_W0Q,_CadNo65TYc5sjN1eB0YAA,1,2
Bars,McMullan's Irish Pub,9/8/2013,m52YHHi0aeswPb58LpWh2g,ehSyEkVq1lnMf1dM6umF9w,1,5
Bars,Drink & Drag Lounge,9/9/2013,_Y7yDjZl3MaAefvtofLZDQ,tmuVweJdPKDnZGnQOq2L2Q,1,4
Cafes,Grand Café,9/9/2013,WeyRwvafTd4K2zJ2zQ1AsQ,vI7wZxTprpMl2fj_IHU3iQ,1,3
Cafes,The Bagel Cafe,9/9/2013,GSQI2SobBmk7EoaExP_xpA,9SzBVK57WmK9158cFbTOZA,1,4
Bars,First Food & Bar,9/10/2013,KKT7fdZg_bpTqokbsvw-4w,eDCHmgaUfBDk3A2VwrqnEg,1,3
Bars,First Food & Bar,9/10/2013,T5ExDG6Sf_CbdA_rLrhdMA,f3giLoC6XG_ifxxHZ1mJNA,1,4
Bars,The Chandelier,9/10/2013,64OjnnOmQN1rNmrMvHSTOQ,RwdETT8lPnY5RUGw-hV-cA,1,5
Restaurants,Margaritaville,9/10/2013,0avoCt_HTqz3ISY9pTfWxQ,WxeD74JGiwjljzHndYSvmw,1,3
Bars,The Sporting House Bar & Grill,9/11/2013,ymclhUedwIURJXK6nSEVIA,CFWkvavM8q1zWokGP8jceA,1,5
Bars,Wolfgang Puck Bar and Grill,9/11/2013,p7OzcGmbTmVqMzMnkIHyUw,EHzfCI8xPMClbYz5i5xMCQ,1,4
Restaurants,Spiedini Ristorante,9/11/2013,CY2m8HgMvSd7NvnEmbD8qQ,MnuW7btyR0HipDKO4rTMZw,1,5
Restaurants,Trattoria Reggiano,9/11/2013,JGuGXHVEs3a0q6Atj3vwdQ,8hC0542tWQIkrm0HTnkwOQ,1,5
Bars,Home Turf,9/12/2013,dM7pRIjR54-wctKmAiVu6A,LGyKrFSMpa-dyvJ8pfQK3Q,1,5
Restaurants,B&B Ristorante,9/12/2013,HJPafN5ffc-k0rDwmmqO4g,RdhI2TAKLORcNtFsep0sxw,1,2
Restaurants,Encore Beach Club,9/12/2013,oKoduU1puxxoCB5uhyAiMw,zE6he4Hm_3L8JRWM9-cybA,1,5
Restaurants,Fazoli's Italian Restaurant,9/12/2013,Mp3b7GbuQQOZejz1tdaYsw,mSJFfSEB2_LZxNy9_Gcvdw,1,5
Restaurants,Lucio Ristorante,9/12/2013,sfarvFbAyEC6tSLjQgVtLQ,3efQJW4pSRa_PqHBoL_Y5w,1,1
Bars,Bomas Bar & Grill,9/13/2013,zS25UpUMS0ph_aH54KNcaw,SKyMDoDYuPvdy15zOkdeyA,1,4
Bars,Hyde Bellagio,9/13/2013,9g5BnBHrtpdPDxLBvHkpGw,blkexIAfjik8qndk8eHldA,1,2
Bars,Gordon Biersch Brewery Restaurant,9/14/2013,RZGZXcJIOwXmgz0hzerrKQ,1pL-KrRvHcypkMVLd0MNtQ,1,5
Bars,Frankie's Tiki Room,9/15/2013,Q-YWp6nyIG-4PB08i7jrow,ExipwmneCQGPRtSZ--baVw,1,5
Restaurants,Il Fornaio,9/15/2013,s9MrulK52B6WVQ5B9MkVSA,QQacOXfgNDSwTvJyzB1iLA,1,3
Restaurants,Maciano's Pizza & Pastaria,9/15/2013,f0v-siC6Sx9GcGzmdbqqmw,5VlHvaTn7XzVoeSY-QEDHQ,1,2
Bars,Public House,9/16/2013,Lyzw8Lx2zEnflKXs-0HTiw,FbdB9KXyuvT8rC_zmqRSuQ,1,4
Restaurants,Pasta Cucina,9/16/2013,00lbyE3eB25zp-MW94JwoQ,ARx4_KF_s0EBBaoBRzS7Dw,1,2
Bars,Frankie's Tiki Room,9/17/2013,QeDtAc9DuXiVVdGjS-jmwQ,hcnHQ3NSgtASSAJHrD4ZxQ,1,4
Bars,Chili's Grill & Bar,9/19/2013,aLOINjVJKrdUxB78b77yZQ,7vujA-KGrZdqVGrRU4fMQg,1,5
Bars,The Chandelier,9/19/2013,g7WWbsaV-TXm8_i41ZMfXg,A-EyDjkeLj6yh3869iBsfQ,1,4
Restaurants,Margaritaville,9/19/2013,H9iME2Dq0TxFEwL8548j0A,eIQA990796E9FQ3F1vTAdw,1,3
Restaurants,Maggiano's Little Italy,9/20/2013,HzMrc7FDAgIbtZBiUKVlIw,pNg0gZaYEhfdxZ9UDR5KuA,1,4
Bars,Mizuya Lounge,9/21/2013,hsjyqpcjFRJOw-Zw2JX-BA,2u17gvqq9UUygoMW8PHpxw,1,5
Bars,Sammy's Beach Bar & Grill,9/21/2013,z_uweSTpagQ32-_qqE-yNA,HeKxpZpPd_WweAuZSBZ_qg,1,3
Bars,Courthouse Bar & Grill,9/22/2013,N1oTXps9WccNa5_H_ZrYhw,Ib0tOiO5dbvXW6l_GGQW1Q,1,5
Restaurants,Brio Tuscan Grille,9/22/2013,lSw72QmuIgl9t8c4A7Ttvw,hcnHQ3NSgtASSAJHrD4ZxQ,1,2
Restaurants,Nora's Cuisine,9/22/2013,ZJdEyz8hQZXU1E2N9gU5sA,JSidzk849nUAPkLX9ZWiow,1,5
Restaurants,Brio Tuscan Grille,9/23/2013,qAahmyAHrnvj-Ijbvol23w,zXJqtyLwoY13td8HNxj2MQ,1,4
Bars,Porchlight Grille,9/24/2013,2DKoK2Gh-yAx-y1JkEVHXw,ommQ_F7kQ-FVyS4QMDDf0w,1,4
Restaurants,Rhodes Ranch Club House Restaurant,9/24/2013,21dlbAqiEzzwiEv_3HgaBg,YUtYCvkTE8hvDnxrHZy4Wg,1,3
Bars,Town Center Lounge,9/25/2013,KCujf2m2EC-_9DJqWmuBzg,QxpgPtiz3srgyR6LTXPhzg,1,1
Restaurants,B&B Ristorante,9/25/2013,vX4_MB4RllENX4Vov9WIiA,IFwb9E_avlKSvjKGebovOw,1,5
Restaurants,Battista's Hole In the Wall,9/25/2013,_DWDV-JT1aG7wxCxzSIeRA,5KA5carpmM_xtYK4Q7H5KA,1,4
Restaurants,Olive Garden Italian Restaurant,9/25/2013,tGEUQwA5chA2jeF7szAHTA,2HmHgW3hRYvXYFmQyQtLuw,1,5
Bars,Parasol Up / Parasol Down,9/26/2013,_E07V-bpKlhcmpAybDzxXg,DlMr1rZWOPeRCoNn8w5skA,1,5
Bars,Dispensary Lounge,9/27/2013,Gkhqab2mEDS_VK_c1lWiTQ,7f0IRWSOonXUdUUx3jHOjA,1,5
Restaurants,LAVO Italian Restaurant & Lounge,9/27/2013,dvipG5nd0x_DI6Kc_1kTEA,pDOaDJ7_NVP-rGOod1iPEg,1,5
Bars,Fat Tuesday,9/28/2013,1pxy1wyOt5qmT1zTjEO6-Q,P4HgVeyXQEtt62qUiYo_jw,1,3
Restaurants,Golden China Chinese Cuisine,9/28/2013,12pIIzz0Anpv9JqlOHeaVA,jl-_w-CYiUlxefMgH33wTA,1,1
Restaurants,Capo's Italian Cuisine,9/29/2013,00UFSN69_oEydxkOQjwdog,sN5sIPTkSF6N0gw1CQeTVw,1,3
Bars,Rehab,9/30/2013,r4GmRpPfFJ6uZaPiTNL_tQ,LZ7LqFrrXMZYfhQPamefxg,1,3
Bars,Revolver Saloon,9/30/2013,p5FvOP2nUVcXXSf319EZjA,ePxzwqgNLQnYoObzLYhYvg,1,2
Bars,Wolfgang Puck Bar and Grill,9/30/2013,8E1GIMDgaDHqprV1EObFZg,yf23v3QTB1Pnvx9Xf5d7pg,1,5
Restaurants,B&B Ristorante,9/30/2013,FgTTJl3kllFyVYt5QKdzQw,Ft3BBqjm_ZRcQQ9UAtoJ_g,1,2
Bars,Cellar Lounge,10/1/2013,9lLLQEs7f3zRb7d7qSbOFQ,HGWIasjq8h6GGNPRXhn3cw,1,4
Restaurants,Margaritaville,10/2/2013,5cvy9UrqKxhb2aNLAjBvIg,oOayyTrVO-PbVeXXsh_JEQ,1,3
Bars,Carnaval Court Bar & Grill,10/3/2013,eZbb1BR2xXi0dKu593QNTA,54KOn2--RiOsD_lMhuDzrA,1,5
Restaurants,Ferraro's  Restaurant & Wine Bar,10/3/2013,zXcswPtqNJ3ucVRFDRH6rw,Bd-0vq_xPciqGeCWJ80KxQ,1,5
Restaurants,LAVO Italian Restaurant & Lounge,10/3/2013,PjH9YKtjJaejd-vX4MOl8g,lAn9CbcAXBW5UcdJ9S-avA,1,3
Restaurants,Wing Lei,10/3/2013,HKgMUDKdt6Dea1bKEMTHRQ,LvBEjMBeANZrHQYjjkX86g,1,2
Bars,The Peppermill Restaurant & Fireside Lounge,10/4/2013,7HggnueQ2sko1JP06sbkSw,IaXMhX9Zn47Gpnes6hqmqA,1,5
Restaurants,LAVO Italian Restaurant & Lounge,10/5/2013,af1WfVp0mL8R9gF7tXmHwA,xJ9-6UOtTDyX812q2JhDpA,1,1
Bars,The Lady Silvia,10/6/2013,mYouuLarXbEhdTJQIXJj8g,rcYKcE2BwENjsqAnjfYvVQ,1,3
Bars,The Lady Silvia,10/7/2013,FH2yj_M7MyCpWkxZ0zFpZQ,5G0GcGQU7NaPghLBwWeL5w,1,5
Restaurants,Nora's Cuisine,10/10/2013,HjVSC1p43lPvckevrf8kKA,r_CZizY-qn7zcE81S_DMow,1,4
Bars,Shadow Bar,10/11/2013,9UFbdDquWBChnC3kckDa5w,j_R81tns71fV58H65wShkg,1,4
Restaurants,Sinatra,10/11/2013,Jpg5e9WXr1b-5ovpwKJpuQ,C-3zvgkbI8uaNMJmleisfg,1,4
Bars,CatHouse Boutique Nightclub,10/13/2013,Ltvw4CDNUtzEGcrCGKpaGA,Kx-ZOFB7RXtXnYFvIp8yuw,1,3
Restaurants,Nora's Cuisine,10/13/2013,qSfZDgB5RUuupuZ09Ee4IA,a_Zh5vwZFMwzxDpmRjEQIw,1,5
Bars,The Peppermill Restaurant & Fireside Lounge,10/14/2013,RuH7Bh6Z1DxkRAHYrfUzTg,_5Zj6XuxV-5ZhMBo4P4sQg,1,5
Bars,Vanguard Lounge,10/14/2013,U3RrUe4fUOeEQFn7xjuq9g,OsaRZ7cYJklhLfdRAGtW-Q,1,4
Restaurants,Rocco's NY Pizza,10/14/2013,rdK6NI4W-boSbG_MUq9ceg,kLIKs5IlnLCpmR9xSyuEIQ,1,5
Bars,El Segundo Sol,10/15/2013,9COQyornXr5TcHbJXBsrYA,C4v-x6cSZbd5Fj5ePsIK3g,1,4
Bars,Ghostbar,10/15/2013,GUFirFnauS1jkJ3wKw7cmw,LzWWLzLr6E7G0jraxtbsuw,1,4
Bars,The Griffin,10/15/2013,l7GP943gQwoVcvQIhMf5MA,rcrP1qc_56yNP-rcy96ThA,1,3
Restaurants,Amore Taste of Chicago,10/15/2013,Dk9pZr2-SkGjRrcBmq-2FQ,dZHlArqJtrGh6uyz0OJ7zw,1,4
Restaurants,B&B Ristorante,10/15/2013,CwtyhBVe0DWgQY4Zq__A_Q,UuWGSqsHiLrxm2gdSdQqYQ,1,3
Bars,Señor Frog's,10/16/2013,szKbS998INALVEe67ohrfg,X8pORfKnXNrVRufjUapcRg,1,4
Bars,The Tap House,10/16/2013,7Z1hfV3VrjG1w83e671r6w,s2BU9vkA7usP3ow3wNcUPw,1,4
Restaurants,Bacio,10/16/2013,ayS0a-xCmx38IcOJwCxMiw,CQUUpStfnQjLMzxWCUb12Q,1,1
Bars,Foundation Room,10/17/2013,gAqJs9fP36wHT_21gLSdgQ,jLadSL623Ca5iDcIHK676Q,1,4
Bars,Morels French Steakhouse & Bistro,10/17/2013,QkUA0GhAuSaGcYsR1QdE0w,MC7Od2mv59Dj2Zn_NiNk-Q,1,3
Restaurants,D.O.C.G. Enoteca,10/17/2013,0ZlwkZd6IIW4elcE9ErPNw,PYizEpJITF2dkRsfeUybhQ,1,1
Restaurants,Otto Enoteca Pizzeria,10/18/2013,FA-qGGekfQeBm5mWJuziDg,gsz7G2AeeoqLQMQ756XXXA,1,2
Bars,8 1/2 Ultra Lounge,10/20/2013,yFEd-YzUiMdAX67ONoFDLg,My196VEbVfpQlIDjsKumrQ,1,2
Bars,Don't Tell Mama,10/21/2013,Q_rNZJnMy5vLAl1zV6Nxrg,0zVI2BY9q4ry5u5JhIlZyA,1,4
Bars,Diablo's Cantina,10/22/2013,yf3sVokFvkTpvqo_EIMLKw,JT28a-5t7AIAglOSUbdFEQ,1,4
Bars,Insert Coins,10/22/2013,FeQjCTlKmwuR0ke_IU0WCQ,BeXzK0BX1eGCJJFFuE59NA,1,1
Restaurants,Margaritaville,10/22/2013,BrvrW0Axu06YlJtw2CDvzA,1KJbDpEZLDu46MqnAQWhuQ,1,1
Restaurants,Il Mulino,10/23/2013,,7s8PG4KRsP0pimDOakN8MQ,1,5
Restaurants,Capo's Italian Cuisine,10/24/2013,ePxlof7xZSdA4cMP9ud9qg,k_7HYCb2h0i49vEOz4OoYg,1,5
Restaurants,Made In Italy Pizzeria Romana,10/24/2013,f-Dk3gXnnYNrXil_mggJ1A,t9g5x3AcwdPyK5d-3GlHrA,1,5
Bars,Lagasse's Stadium,10/25/2013,oqn3ILlsJHaCpXHY_l7B7w,1LWlfaypnYvdpwSnDBJ0Jw,1,3
Restaurants,Allegro,10/25/2013,mSaj7NhGlpFFwR5DAY64cQ,fBEdwRDOfWwGZk4cCOC1iQ,1,4
Restaurants,Buca di Beppo,10/26/2013,XGmk1rW9eSjEelmK0RwQ9Q,UCCVzdBKVfq_EXqHc3NAAQ,1,2
Restaurants,Allegro,10/28/2013,QXNFGVPrH0aDgkNFIjKcow,ATxbUTytzwQw7Ogu2SHGvA,1,1
Restaurants,B&B Ristorante,10/28/2013,C9fzDbgqvYVb69AIKwruwA,2T7knp7-VH6ZonMzTvVJ-w,1,5
Bars,MIX,10/29/2013,iPWm7MeIsGVd7b09_-HoWw,fm5-O3_otnzaAFHYH4pYRw,1,4
Restaurants,B&B Ristorante,10/29/2013,5pfH3BJoOxuJb8AafoUOgw,tYNMpAY1vclWbZLpjpqPZA,1,3
Bars,Insert Coins,10/30/2013,Wo2jzyr8fHBYFok-jTW7_A,zyvXcXhheXfTLRDHIcbTsg,1,5
Bars,Dom DeMarco's Pizzeria & Bar,10/31/2013,A-9A9anapLx29fqHwYl3RA,88FemXA1-xBMkrKqbemjtA,1,5
Restaurants,Casa Di Amore,10/31/2013,,Vl86o85fAKOckIzuudwB8Q,1,5
Bars,Eyecandy,11/2/2013,n02ywygPb6SfyIknCHK-kA,ORGyt46jWxwZgAQgg4j3bA,1,3
Bars,First Food & Bar,11/2/2013,sKCALl4FOxDF-UbSCBEdmQ,yQ-jR23iMPWd5S4fWkh7Ag,1,4
Bars,Hyde Bellagio,11/2/2013,T4-vULDnqFBhqgjukLjHPw,AIrxb5jJiO-feKS5zntfUQ,1,4
Bars,Parasol Up / Parasol Down,11/2/2013,7t5j2CpEr-azOUS3w8Fapg,Jr72OXxFUffebi1LSuW8HQ,1,4
Bars,The Peppermill Restaurant & Fireside Lounge,11/2/2013,7uJ1tW8RXz3d_F8mMSmFuA,Z58pMOH0WyB1-7p5qEJJkg,1,4
Restaurants,Cafe Volare,11/2/2013,70vsIePPAZxld4y-R0GAOA,HIrNHxRbH_E_ILYopH07IA,1,5
Restaurants,Maciano's Pizza & Pastaria,11/2/2013,TN_BKoUewxtOmJShUmlaQg,ewuCpNTfcPxD8w7z8fVRTw,1,1
Restaurants,Trattoria Reggiano,11/2/2013,i5yFhS94Lb8rWiWGTwfqXw,eYYclTq2xLL2HqWyhu4dsg,1,5
Cafes,Fresh Mama,11/3/2013,_zL2gCgx6JTsUv4_EyICsw,38JK-SfO9NkAGs1RwlH2Gw,1,2
Bars,Minus 5 Ice Lounge,11/4/2013,Nqa04r6ZaA2HYGXN1dtMpw,a5QsRgfhPY949-dSkmljKg,1,2
Bars,Paradise Cantina,11/4/2013,VUXHC4VDfCo4z_O2rfvxcg,pEaXdAweWEHZJ1wTEWjnHQ,1,4
Bars,Vesper Bar,11/4/2013,H5EMHzLi4Gpli2PllfwpIg,a5QsRgfhPY949-dSkmljKg,1,5
Restaurants,Margaritaville,11/4/2013,UwLH0b0yWn2LyPOHeRgzqA,FaR5dMfPJrNJ2llVu4tM_Q,1,3
Bars,Artisan Hotel Boutique,11/5/2013,75505poqi8RSlreeK3Rtbw,uBDEzBh1Ps46DbAMks20yQ,1,2
Bars,Nacho Daddy,11/6/2013,zFfdJOd0LsCRlrO73onDCA,CI6YNICLS-gWPcBlwKV20A,1,4
Bars,Wolfgang Puck Bar and Grill,11/6/2013,v9ZbH-2piKqlVJRalK62fA,xTkKG_zWGrbBPhR_8DbMig,1,5
Restaurants,Wing Lei,11/6/2013,cqwTx6LsWJWfTP_2zw6V0A,cWF29Gjra2zcuB7-5dVg1Q,1,5
Bars,Vesper Bar,11/7/2013,IsWAJMu6Z3KwGRV3onjAHQ,mG9hqq9eyug5_bw_KwkapA,1,4
Restaurants,Otto Enoteca Pizzeria,11/7/2013,cZfqUoShGLWAJIyxRfoZxg,XTsn8gdt_YNKhzn2ChSolg,1,4
Restaurants,Country Club,11/8/2013,ZvgzYculPZ2yiXHj7QNQLw,5cG5J53jHdXn6J9MBFoX_A,1,3
Restaurants,Il Mulino,11/8/2013,2UC2ZpXzOMcTGV8vvS3cyg,5uOM6N7fv5y96tWRLGAUhQ,1,5
Bars,The Peppermill Restaurant & Fireside Lounge,11/9/2013,ce7OXms_J1i1m_XFnfYJDg,z4Wo6r14htWf1grdKeDG6g,1,2
Restaurants,Cafe Chloe,11/9/2013,OWb-I_cFB1Xn4iJXdxmpiQ,HNpRh2zdLRGKidWHYCRP2A,1,1
Cafes,Fresh Mama,11/10/2013,ZGOdG0MvvaYLUs-NxT21YQ,LeNd1V9nWQ6OWzL37soW8Q,1,5
Cafes,Sao Paulo,11/10/2013,n_gWgm85Vszm3GRDJq84Og,tQG1PRXNWWf4S8uxaG98Ng,1,2
Restaurants,Capo's Italian Cuisine,11/10/2013,gnmHhL6NjCED060W2GizBA,SR3nF8JVMd6O_m-xazqOVg,1,2
Bars,Dom DeMarco's Pizzeria & Bar,11/11/2013,2T8JBHxGH5Jdz2vVpioICQ,rOwwcXXhugYnbsKrCzo3XA,1,5
Restaurants,Rao's,11/11/2013,r7gdfmlMP31SRDQCN6fRGQ,ruH10wwSRk71YVaULQjaJQ,1,5
Restaurants,Nove Italiano,11/12/2013,,MTNLqewwIImf-j1xoGugeQ,1,5
Bars,Firkin On Paradise,11/14/2013,Y2ErXY0VkqkOnC8h0mMIOg,EjhVxYFeMUYimoImjMduzQ,1,1
Bars,Galleria Bar,11/14/2013,HIz6ybJDrziQEjct7sQbQw,t0KSafJud8AOzFejLiyjQQ,1,4
Bars,Gordon Biersch Brewery Restaurant,11/14/2013,OrICa8n7J_pQMrH4vN8sJQ,FM1tPG2aO6ow1qyoL4djpQ,1,4
Bars,Firkin On Paradise,11/15/2013,B0xIeK9AwVM8yTdMlkG0fA,ia1nTRAQEaFWv0cwADeK7g,1,3
Bars,Sierra Gold,11/15/2013,sW_j6psn5tEkz_cNGazPpA,wOsoNK_eImXrnHKg7ldUjQ,1,3
Bars,Blue Martini,11/16/2013,kuT3LYmxHL8NU1-I6xHAcA,GWXNyNlaNF1X_iyszwrgRA,1,4
Bars,Embers,11/16/2013,3nTwOCwtayjJAvEBAxy8jg,kpW_OAENp3yjguzvLeHgVQ,1,4
Bars,Gordon Biersch Brewery Restaurant,11/16/2013,j3IJnGj8oz7bYIo9FgvPzw,yRubqnQy4ExPYTel7KsNog,1,2
Bars,Rum Runner Lounge,11/16/2013,kVslCsx8MqEbqYTLSPoyag,jlz5uD-n8BkKGSCO6_673w,1,5
Bars,SUSHISAMBA Las Vegas,11/16/2013,7WwVZ9u_qakJd5t9flVp7A,GWXNyNlaNF1X_iyszwrgRA,1,4
Bars,SUSHISAMBA Las Vegas,11/16/2013,famlIs3P28EOfEgvJpk_Rw,UbFjv7CHxuwLNZdJobaW_A,1,1
Restaurants,Nove Italiano,11/16/2013,WmBfFGJs6wDH7cs10flFcA,wuiK4zqhI15B59QXqmvvOA,1,4
Restaurants,Sicily's Pizza,11/16/2013,dYf5zROGTrTiXf660PzRxg,3YaqDLm0lAXCvTrnN3BqMg,1,5
Bars,First Food & Bar,11/17/2013,Fz0CvDbi5v4EKqCZr4RcUA,4ww-Y4Z30S7hM6JUdR3-rg,1,4
Restaurants,Margaritaville,11/17/2013,pnwDug9VWMllzJR_0fQYBw,B7yc-_1kB7zRetVoEqUPqA,1,3
Bars,Mad Matty's Bar & Grille,11/18/2013,zJymtSTjB6dW81uWyE7Tsg,baQY_SqDryCvgG8aGQt-YA,1,1
Bars,CatHouse Boutique Nightclub,11/19/2013,VbZAtKbMBoat66jyQB5IkQ,apNaMhz4npNQ6ysiPycEBA,1,1
Bars,First Food & Bar,11/19/2013,BwVvi6Rq05IB8lbcQQhITg,bETZuVyByuZDhQSxKK5rig,1,5
Restaurants,Buca di Beppo,11/19/2013,5WwhTFOhMP5NOTte__Ikjg,xeruRvQ1VsOqOwv4wgHCNg,1,3
Restaurants,Golden China Chinese Cuisine,11/19/2013,MhT7ik5zNaQnx1nzBbWi5w,Xo4tysJw1XdbYF6P44vbWQ,1,4
Bars,Charcoal Room,11/20/2013,xRdS8fiv9m5fZ3BFM93cmw,6PLifSo96zUstcx2TstCaA,1,2
Bars,Mermaid Lounge,11/21/2013,1NFlQlBef_Ex8CJRVBcXnA,hlkjZlkFLWVcN7bTwbFCGg,1,3
Bars,The Chandelier,11/21/2013,STEq06MKgrZDmRuVjlqs0A,DumgEI1hiLXyb7T_joYl3w,1,4
Cafes,Fresh Mama,11/22/2013,aRfwkxrW09meb_ppx0K8ug,aAsxorMmHDNmZfx43h2rEA,1,4
Restaurants,Casa Di Amore,11/22/2013,KRbc2Nif_4ID-n8TkVjTOQ,pzmzWFoVIKpuYYG_b9bgJQ,1,3
Restaurants,Maggiano's Little Italy,11/25/2013,rl2_J56JIVsenijStMnqKg,f2dKAo5X1FPTcV41GC15Yw,1,5
Restaurants,Nora's Cuisine,11/25/2013,7hi6F276jH7-GRbOzyhgug,HzV92iPL725qVMp6cF3Few,1,1
Cafes,The Bagel Cafe,11/26/2013,yw4QHCfEzHNE3JP0MdhTxQ,YiftZ-fYVOn6pe1g61QXtw,1,5
Restaurants,E Go Cafe,11/26/2013,BbOid3BQAEJapYAhtgHBXg,J3W9qboYa8reEqlPoohIzQ,1,3
Restaurants,Scarpetta,11/26/2013,00gKJ4VRug5NBdFZ-Ud2_A,1npJp4-beSez8zvS1EDUew,1,4
Bars,El Sombrero Cafe,11/27/2013,Gx4PFA_0Glw2viFuzwxqvA,dZ2yXH0y_ACFtdkpV0Eh-A,1,5
Bars,Downtown Cocktail Room,11/28/2013,pJ5w5LpnWY6yAY0g8mcH2Q,vWDRqABcXiKageWH2XNYbA,1,3
Bars,Firkin On Paradise,11/28/2013,Vxa-OJQmxANam7gWAWingA,rprUFN9Qnx5hC8Gs1-JIyQ,1,4
Bars,Kahunaville Island Restaurant,11/28/2013,N2H0B3pDEmIJhjt_IYfhXg,ZfDBU11iIuYxqpVe_Hnqew,1,3
Restaurants,Italian American Club Restaurant,11/28/2013,ZzcmEOcdDKcMrm506AK68w,BUPOfSdUB80nFtBeAoKRSA,1,3
Bars,Lagasse's Stadium,11/29/2013,Pf50JAgarriZPUFKoFjMfg,XuZ2VQFQ00u8mlbienZ-Ow,1,2
Bars,Señor Frog's,11/29/2013,ArKxbDBXx7TszsGEYCEdQg,V2wo7ayEq5lX-Nt5pE0jBw,1,4
Restaurants,Pizzeria Francesco's,11/29/2013,5oxyANIsFZybohlC-Xi9EQ,JqUkqSzgWhEfMaNi3wznhQ,1,3
Bars,Dom DeMarco's Pizzeria & Bar,11/30/2013,e99M3AD22oXPmzW6TerSyQ,XVFoRXEFpqE1Klu9Kwc5EA,1,4
Bars,Don't Tell Mama,11/30/2013,3J5FCm9oi12vgf-JpxzN7A,B2ymrpQ4YVk3m5Eu0zyp2A,1,4
Restaurants,Rao's,11/30/2013,cTXwDRlHF3GdQ7o2b4Dc9w,BdvLjAj5Q48Q3tHomEC1qg,1,3
Bars,Backstage Bar & Billiards,12/1/2013,iYHqot2nDfsKBAXH_NIjRg,ONArJvsHjTiWr-4g2rcJAQ,1,3
Bars,Nobhill Tavern by Michael Mina,12/1/2013,6RxDUYuwddOihale9muIxQ,Xr4s6AihJWpcT1MHjjNb2A,1,5
Bars,RePete's,12/1/2013,SY6bX9XpFjH6PaVd1EpIOA,d-1bkVWugaA9S0ueYbLr8A,1,5
Restaurants,The Sicilian Restorante,12/2/2013,1NksVFA3txw_xUUrfNGMQQ,gx3iNpFBe6XahwugorJNyQ,1,5
Bars,Dom DeMarco's Pizzeria & Bar,12/3/2013,G8Y3PEG4yr9ST045K3l54A,TWs1G1PxdWR_ms0hFL8MYQ,1,2
Restaurants,Otto Enoteca Pizzeria,12/3/2013,qX0a0VSu0Qxs4YAQqRt5iA,DiswpQOdvmOZ7Cs6Sv-Usg,1,2
Bars,Beauty Bar,12/4/2013,C1LuoYr7054pgAOv3olBWg,5RwLnaIiIdldkjdCL-eYYg,1,3
Bars,Commonwealth,12/4/2013,2kPoWCxsgjBbvJG74shGUg,HGWIasjq8h6GGNPRXhn3cw,1,2
Bars,Fat Tuesday,12/4/2013,pRurWm0QXCn9n_oVhuOZpg,qYyF_34ZEVpQPceKnCe8bw,1,5
Bars,Frankie's Tiki Room,12/4/2013,rMA0G_YBw0l5pNzlnNpiGQ,F3H7MPS_29_afwCAkB9VtA,1,4
Restaurants,Bartolotta Ristorante di Mare,12/5/2013,O94BJZW_Ws2-ryobyHIMpA,JREdbG7PKiDPmMj2PcUxiA,1,5
Restaurants,Trattoria Reggiano,12/5/2013,2_pgGdzqxGYqNaH2_M_JxQ,3LsozdoLPWgBtcHt4VvJsw,1,3
Bars,Blue Martini,12/6/2013,30FB05uUr4NoW614kRLwpg,U8l76MT2Ej32cFKfFI24fA,1,3
Bars,Cellar Lounge,12/6/2013,JFu64r1KWZs9eE2Heg8HoQ,8pX0LX37TTnyhLtB_oPIcw,1,3
Restaurants,B&B Ristorante,12/6/2013,ZCKyy0_IUEiGaPJ3A7Ctxw,EAJjMgKIjiaVb_2Q9ROeCQ,1,4
Restaurants,Rao's,12/6/2013,7ocCJAXlwQIWn0uCSzmrEQ,7AAg6_rsgtWEvV5dKYt0sA,1,3
Bars,Chili's Grill & Bar,12/7/2013,z5wzTd8LNkyAlwI4MkgKfQ,nk4-ZOND5kxqqqTY3lZfDg,1,3
Restaurants,Battista's Hole In the Wall,12/7/2013,qMIhJwV7RamiL294U4-pJg,fsLjBPIWeF3rpWa6lx_mSg,1,4
Bars,Panevino Restaurant,12/8/2013,Y6NsyD2IxUr3RzSWaOPFjw,xQpO4Jfi-Np3HLmJrQAe0Q,1,4
Bars,V Bar,12/9/2013,pV7aT-CvGEQl1vbniosCsQ,o7wEbz_ZzWW3LTaVUfaR6g,1,3
Restaurants,Il Mulino,12/9/2013,_JcNvfq3jW6DLDaXjWqfag,jdDQso9ilv8guSh3RZCPXQ,1,2
Restaurants,Parma By Chef Marc,12/9/2013,ekyWSSNNjqfRLK8qK_AJ0A,EMRqvH9m6urJ8tZ0Ai58JQ,1,4
Bars,Diablo's Cantina,12/10/2013,U6z58PfwIn6vCuzTGYEUkg,8j4U6EOmxqj667q8fTnfPw,1,2
Restaurants,Amore Taste of Chicago,12/10/2013,0-XNsKPxN4ShAsvMY8qkzw,NTS8b1i924bTyhDZNMp1UA,1,4
Restaurants,Spiedini Ristorante,12/11/2013,m8re1r3eN83gtOYREfwcqA,WVRgQZN9vYM2k8rDryBtnA,1,3
Restaurants,Margaritaville,12/12/2013,1lGOhJE6CJlxWigG--wZsA,iKOI-0WlGw3tkQEhKdWuRQ,1,5
Restaurants,Margaritaville,12/12/2013,GP8cFM2sKmirzA7jkfj18A,r3naD1IAa9iKmOq7PnaYUA,1,5
Bars,The Beatles Revolution Lounge,12/13/2013,Lm0RYTj6M0GgpuQLv1DWuQ,C_FKTAsnaGDF_CyyDIe_Rw,1,3
Bars,The Peppermill Restaurant & Fireside Lounge,12/13/2013,D5Dy4z_mDx2geZ1MkecVTw,D_UH-PM3KRB29NGW_sVZsA,1,1
Restaurants,Brio Tuscan Grille,12/13/2013,H4O-6Dfe8aDSsF9UFTrWvQ,7F2JKsrv8FSJ1RbtkvWQ4Q,1,5
Restaurants,Brio Tuscan Grille,12/13/2013,sxbrFtHKr6qCEQk48P4TTw,rOwwcXXhugYnbsKrCzo3XA,1,4
Restaurants,Nora's Cuisine,12/13/2013,1F2ygoUjVpXcuOQCvT9UbA,360xQH3ejR8TLdOiDyjj_w,1,4
Restaurants,Trattoria Reggiano,12/13/2013,V4JLE_HHTSs9UymEI-hBjw,nSlkVoT9qVEmzoYKNggTXg,1,5
Restaurants,Maggiano's Little Italy,12/14/2013,NOF2nPQ9MuZDmYJLjbt4Zg,ozV23kZKNKNGX0kKCnlA2w,1,5
Bars,Paradise Cantina,12/16/2013,zfuuI8V4mGz3f2Fy-nWYQQ,ia1nTRAQEaFWv0cwADeK7g,1,5
Bars,PBR Rock Bar & Grill,12/16/2013,COPYZMBYiGU5PmWNJKZMMA,ui9MxV78hjbYAVlj_SHOYw,1,4
Restaurants,Ferraro's  Restaurant & Wine Bar,12/16/2013,LOqhTWwvxDSVgE3KPwWtZA,eFx1vBtYdOdHrz9gqG57bw,1,1
Restaurants,Sinatra,12/16/2013,Q9IiL7U5VokGvNA3gYHneA,pXH3u2UnoV66IxrxOQmfSQ,1,5
Bars,Morels French Steakhouse & Bistro,12/17/2013,51-4m98fyt5AAdOkLbrZYA,D6PxfJsBrrbAUSY3Rxf_CA,1,3
Bars,The Peppermill Restaurant & Fireside Lounge,12/17/2013,Uuk_adNk7rTqickbV-0X5Q,d3YWoxKjFpTsJxsq-KYvtQ,1,4
Restaurants,Nove Italiano,12/17/2013,6wTJK5dXsjllVo76Ps4Xqg,pXH3u2UnoV66IxrxOQmfSQ,1,4
Restaurants,Rocco's NY Pizza,12/17/2013,Zr_-bA54FbyeLZ-_jV0Nbg,LEL1_6acicC5d-HFZ02ZLQ,1,4
Bars,Dom DeMarco's Pizzeria & Bar,12/18/2013,bhO7B1Rz2M05vhgKYsD1FA,2l2lRFuHLdyGjAuusqPDag,1,4
Bars,RePete's,12/19/2013,R_4BSkHZsrFVuVxS6sSRLw,k3fXPurKB50u9z3GqxjptQ,1,5
Restaurants,Mizumi,12/20/2013,XNlzQikUvx_sSmad5bt3FA,nFYhEfWD714HQ66h9FbWlQ,1,4
Bars,MIX,12/21/2013,gq89tAYk6MTQD4UfR448xg,Ii1Cm3rxs7R4u9p5F56V1Q,1,4
Restaurants,Rao's,12/21/2013,vWYX1Zbla1i4x6q693lEZQ,lygSzhV4Uypks6ioq9pkTQ,1,2
Bars,Firkin On Paradise,12/22/2013,Uqi2PA2zp8xyFpF9m7NFDg,8VcHUYTP0W2uWTFm-WBJYw,1,4
Bars,MIX,12/22/2013,rSK-uTSzq3_2h2TQaop8Bw,LSaeAqYh20ZpNx31Vepa1g,1,3
Restaurants,D.O.C.G. Enoteca,12/22/2013,IFzEOeZTzSKFwmGwzme-5Q,lPaYMDmJbAnv_3pmZH_inw,1,2
Restaurants,Sugar Factory,12/22/2013,o9qHr07knVtdlVgWKc6i_A,NLfeTh3k5SeiH6m-KOyFcw,1,1
Bars,Commonwealth,12/23/2013,tJPPiuaJQRDotG1ROSv9tw,ZU6ochQHevzKffyTZ-1amw,1,4
Bars,Grotto Ristorante,12/24/2013,8Z4MNh9WaVwz5UXlUzlCkQ,SEXzOpyrvhgi4Fk_3478wA,1,5
Restaurants,Allegro,12/24/2013,WmwEfgBRX49tfUNfNPVzgg,SYn1_veHeKWRFUd3iOcmCw,1,4
Bars,Mandarin Bar,12/26/2013,t1fSk6kt0Z4Ia1MvCAvuBQ,ueq-gI8sMGVgI2vgpe4Vjw,1,5
Bars,Bar Moderno,12/27/2013,NSFsxgVj61LpnvWvbusThA,Hz8WswwT81ERQ47WF5hHoA,1,4
Bars,Four Kegs Sports Bar,12/27/2013,5YmRg7DfRTYCrB-ZICmi8A,2ptijfyZXRJK43zRcSiwSw,1,4
Bars,Buffalo Wild Wings,12/28/2013,mtjhtuUD_uZerP6kvWK_qw,MfC2UCrHUYUvA5yoZZFRqQ,1,1
Bars,Free Zone,12/28/2013,zhXKDLI8fUnEzvwYfN1H9Q,AMaiA4EVbEQ4tm1FsYPdbg,1,4
Restaurants,Bartolotta Ristorante di Mare,12/28/2013,6x-S06ZXdP_y5Mqjz2ZD2g,2I_6zU6lr4B8I_ldIDFytw,1,5
Restaurants,Maggiano's Little Italy,12/28/2013,GgTKFsT98jAmJDPD6S5LpQ,kB4RcC6g097-fvgIs16oPA,1,3
Bars,Commonwealth,12/29/2013,3Y4XpJszjYjW01iiS89qlQ,6PbjXuKOBGDe58rE85bl_g,1,5
Bars,Tequila Bar and Grill,12/29/2013,71luIreDqgTf3-btCCnqJw,P0M292i-OgKf6ZlPyTtuqw,1,3
Bars,The Martini,12/29/2013,hZ9HEWC7BUpp3PF0TU-W0Q,kCwKi8D_iNxFAvMLGPRkbQ,1,4
Bars,Parasol Up / Parasol Down,12/30/2013,nRuJktouHcKjlFcIjSgdUw,tz_vaP2P4vnAfrIxOF3SBQ,1,4
Bars,The Beatles Revolution Lounge,12/30/2013,vzavgtB7Br5YEvX_lIm1cA,XZgZXmhnWitMW4GEvM79ZQ,1,4
Bars,Wolfgang Puck Bar and Grill,12/30/2013,MGG7OwBZ-L5QqJLXDMW-1w,MULNxODakGv1loBPCSmhrg,1,3
Bars,Public House,12/31/2013,0l5KO22e2zAKj-PCtK2Zyw,kcp4TBxWA_z9WM3I2HEArg,1,4
Bars,Roadrunner Saloon,12/31/2013,Sffqpq2upd-6OXFxGd0MWg,p7fABJqeutcmdnmmHLnMxQ,1,4
Restaurants,Denny's,12/31/2013,E4GnxQ3ZAjF4dgO7r4cSow,VkhkHZJCpmfGXkxyBTmACw,1,4
Restaurants,Terra Rossa,12/31/2013,,FZP9NOCLqR1V_yjfDKRkEQ,1,2
Restaurants,Parma By Chef Marc,1/1/2014,xYq4HwpBf1EnVB11-BItYQ,sJfyYLaZ_OYe27tzk3voXg,1,5
Restaurants,The Bootlegger Bistro,1/1/2014,GT8V6AxOKkN22O8CSUY4vA,QRPWN329QrqigTZqPwQvCg,1,5
Restaurants,The Pods By Wolfgang Puck,1/1/2014,L2CLEzy6M762NwsRUi5umw,C1cv0JYSBCJ-Qw4zX6ZUoA,1,2
Bars,Oracle Nightclub,1/2/2014,JKpYa5kS4Rjnutzv1YoD0w,U8l76MT2Ej32cFKfFI24fA,1,4
Bars,Social House,1/2/2014,pxU4bqRuq7XudBd1BbWhbw,rjULIXbg2bNKX2iRgdlJ7A,1,4
Bars,SUSHISAMBA Las Vegas,1/2/2014,THFP_en65elat8ts_VaXyA,AkQLHq1upSsxIY0zjunv6w,1,3
Bars,The Chandelier,1/4/2014,UF_6fXLf8XqXgFKVT6j8Kg,SWwaO_kb03EVyBTLXnU-Gw,1,4
Restaurants,Rosati's,1/4/2014,tbdyrOD-hvmRQu4X7CT8dw,OI-VGo5ij4TMHVw8xWrKNA,1,4
Bars,Drink & Drag Lounge,1/5/2014,o5kRRZKirD_MzkcAQovAZQ,Up75EsxMwvYnHSxUrlDxeA,1,3
Bars,Panevino Restaurant,1/5/2014,ms4J2-5gGHMAvzDVthB3IA,4XTx3kABuJJLM5P8k55pMQ,1,5
Restaurants,Bonanno's New York Pizzeria Restaurant & Bar,1/5/2014,tA8hDneFZ8VqYLPNn8yGwg,nM3AXAe-R3X3chM7SASEdA,1,3
Restaurants,E Go Cafe,1/5/2014,U5g4bubmuqfEhaL7SF5KYA,xNb8pFe99ENj8BeMsCBPcQ,1,3
Restaurants,Trattoria Reggiano,1/5/2014,CDs_yMHWUWnu6jZ67mBimw,hj-eqMMiOEPj4N8zy-zURw,1,1
Bars,5 O'clock Somewhere Bar,1/6/2014,uWhpzbwW6UQ87qUzkOdoPw,uaoukpaSPrhaLE9-eLJ-Cw,1,4
Bars,Don't Tell Mama,1/6/2014,TRZebG7t7E6sA9Ydith36g,nelDB8h7fc1KSCcZ1lbaQg,1,5
Bars,Embers,1/6/2014,9Xme8aOMz7vfXRC6F5uCRQ,a-W65kr2GWazjCTGpRUpxg,1,5
Bars,Paradise Cantina,1/6/2014,D2RhlpqIiGu9_DArWtS92w,eHXWKudJP-bAIO895oxn0Q,1,4
Bars,Paradise Cantina,1/6/2014,N83r6MKAv0KtUD02sK1pMg,uMTxcOZEC27dYGt2krpfig,1,4
Bars,215 Saloon,1/7/2014,,RKnzMIWKGyOJbjXOvfqK3Q,1,4
Bars,The Chandelier,1/7/2014,CWHmY-w9vIbQsV-v82Ix8Q,ycnuGuztRILcXI7taiHWbA,1,4
Bars,Señor Frog's,1/9/2014,XxWTIHwarjlMrHShZnKl2Q,ijZg1gw0xq8LsEafRPUOFQ,1,3
Restaurants,Dal Toro Ristorante,1/9/2014,EgurDvPCZkX8TSFaZHzwBA,CRmKbXoAyPNgGSsgEfD-MQ,1,4
Bars,Parlour Bar & Lounge,1/10/2014,qN38NJ--Ba23fPVmzLeglQ,rOX6D5FLIXgUNNmy8-4nQQ,1,5
Bars,The Ainsworth,1/10/2014,D4I0Ev4CxbADEW_GW8QOtg,5CCYckr6azt_QuizF0voIA,1,5
Bars,The Peppermill Restaurant & Fireside Lounge,1/11/2014,NPZsD-MiWr01VwXqqESN8A,FlBisNY0n-DyF1I8gLz0aA,1,5
Bars,VooDoo Rooftop Nightclub,1/11/2014,SN7i9KC7qjPpxLVFJwaK3w,XOwEVzE-IyT0M1Td2KksQQ,1,4
Bars,Dom DeMarco's Pizzeria & Bar,1/12/2014,CEhc8aCsySY0Q_TSwdu2Lg,70BPrHRi6gt_iqmLl34kRg,1,4
Bars,Pt's Pub,1/12/2014,Y5HAlLB58RcxyuhbLGZgeQ,h3lwhProUtOV7hu4i-32Sw,1,2
Bars,Shadow Bar,1/12/2014,6x7papCDlPMyvvV323t1uw,xAG2edS8-_IAC_p6wybRCw,1,2
Bars,The Buffalo,1/12/2014,v-A1tyXdwAP7Tq_FK1JpcQ,1HyygPKSSOiaM0wkM1pP8Q,1,5
Bars,Buffalo Wild Wings,1/13/2014,X7okN0IF2fGcZ4yKKJXSqw,V1qmCtP5bAat9CSRugNXZA,1,2
Bars,Embers,1/13/2014,uConAelOfxX0QCfOcrRW2Q,fmJYVZDnbRpC9iSmqjuhsQ,1,4
Bars,RePete's,1/13/2014,tFIYI7m2Cf4jMpbtNgU2aA,Tmq65vD-M8J7A-w2WKg4DQ,1,3
Restaurants,Lupo,1/13/2014,gKKfB1VCRzjDxca9fAvZUw,xR7T-HpPJRFBh-wO0c3XMQ,1,4
Bars,Buffalo Wild Wings,1/14/2014,r-SWpXqefIuu8uMz__D0xQ,PWRrxs51BwK-iKOI6VuYPQ,1,4
Bars,Firkin On Paradise,1/14/2014,m2z5YEGSTLFCACxaqUyEGQ,5WCqMsO76K8ul7sYFszq8Q,1,4
Bars,Hyde Bellagio,1/14/2014,T9UfWN-hJk6CbPZCAF3y6Q,ysg-bL8JKUcnJ1ks5RB2pQ,1,4
Bars,The Peppermill Restaurant & Fireside Lounge,1/14/2014,gv9A6Gmss11jXaOSm13HGw,t5oEzwLDl_9SpM8MUwfQtw,1,2
Restaurants,Maggiano's Little Italy,1/14/2014,d47QG5V0sYw1KIdwmK1TvQ,bxIzsnWcUVP7uI63Kj1Snw,1,4
Restaurants,Maggiano's Little Italy,1/14/2014,n_par2L9IpGDjW9CH9bqvg,hpV2U-mOJluAChPJN6iR5A,1,4
Bars,Buffalo Wild Wings,1/15/2014,PCfEtQVCzzc-3fP94AFt_g,gsVmFwvj45jSbwQxlWM2Zg,1,4
Bars,MIX,1/15/2014,nLpz6vjyrrpIwyCNxCwVRw,eK6JjXCQ48gES9-r98YY-A,1,5
Bars,The Laundry Room,1/15/2014,sslWgIhdUrAUdhS7AFqn1w,hcnHQ3NSgtASSAJHrD4ZxQ,1,5
Restaurants,Otto Enoteca Pizzeria,1/15/2014,RfaBcMgo1mnNen3QqvuhHQ,dIYo3Sc5YG8E5DrBwXviaQ,1,5
Bars,Coconuts Beach Bar & Mexican Grill,1/16/2014,r56g0oCbwpr4tRh5zSpfXA,GxCqo82JkA4IsnujmAdaYg,1,1
Restaurants,Bacio,1/17/2014,BQdBha1r1uiegAlijG0W4g,wuiK4zqhI15B59QXqmvvOA,1,4
Restaurants,Best Billiards,1/17/2014,n8EQnLdYbtKhdcPjpuADHA,M5654oz7KI1dRdI6og6flA,1,4
Bars,Blue Martini,1/18/2014,04AT1LqtjmR-a1Nzi0tTCA,DEM_bd3n6ouQmCBx1YztEg,1,4
Bars,RePete's,1/18/2014,m0qN4oHlvzp02i2yXLgUIg,n0GH-IAovki1Zm6bA2fCrg,1,5
Restaurants,Battista's Hole In the Wall,1/18/2014,9RKT0YPT2xLW7v9e3bjp0A,CfXtDbLPFH2CkONh1aDcXg,1,5
Restaurants,Maggiano's Little Italy,1/18/2014,JWaTlnvqXdYvsi43H1IpBw,FNoeCw5NGOAj-_WnjTCm8g,1,4
Bars,Fat Tuesday,1/19/2014,EDwKLblk3iXETUN8UKvyUw,UOYJEm4M_xfgaCGOglwxlg,1,5
Bars,Señor Frog's,1/19/2014,neyKNbUCJH0uKbPV_utIXg,y7sq26EXGz7XG7DSo8TOuQ,1,2
Restaurants,Pasta Cucina,1/19/2014,Ih_1V55Txv76rPHVnYDKnQ,n0srDTKmTlqtrg7hgTMcLw,1,3
Bars,MIX,1/20/2014,S1x1uJOkyKwoc_rYEt5QSw,qSp9dSQ_-cghoIrtMo7dCA,1,4
Cafes,The Bagel Cafe,1/20/2014,gAEP91ExkmJkFnEaGTiOyg,8YUvwiwTMua-CM5_HqxMGA,1,3
Restaurants,Bonanno's New York Pizzeria Restaurant & Bar,1/20/2014,OwKX1WdrGi2-0ytkBtW87Q,gaaBRU3KCsL4OIM6Vjxyng,1,5
Restaurants,Il Fornaio,1/20/2014,Mwp8lImBDZVPQa8-0j9t6g,zXJqtyLwoY13td8HNxj2MQ,1,3
Restaurants,Trattoria Reggiano,1/20/2014,4kJ_RIkrrWzYlQvsf-OUyw,znFfmjNmXUMG8f5VI7FaEw,1,2
Bars,Buffalo Wild Wings,1/21/2014,yTrCPft8Hx9zfH5N26bUYg,ChgmBht69bnqSdDxpWMAqQ,1,3
Cafes,Tiffany's Cafe,1/21/2014,R2vFTXBgwycrbsr8wTDi2A,8N73-TZXsLfk65Bk8JtyBA,1,4
Bars,Blue Ox East Restaurant & Lounge,1/23/2014,jXlFU1kBurhErjnPuhnv2A,eZF6wsYdw-d6oiTo6MfhjA,1,5
Bars,Dom DeMarco's Pizzeria & Bar,1/23/2014,3fd-LPJzo7HDOlCvX9l9-w,nHn0x7XcnIMpSpgakJhBvQ,1,5
Bars,Level 107 Lounge,1/23/2014,6ecgSSL4w8-rR73jXIk1hA,O2Sepw53kNHuf1VqJ85cLg,1,4
Bars,Sammy's Beach Bar & Grill,1/23/2014,bAYWejnvZS1r4R_M7Sc3_A,wfNkGy08gaFF5qu-T6pbZg,1,1
Bars,Wolfgang Puck Bar and Grill,1/24/2014,zpX7OnDznn2KpXS4VglDWw,aBWKdfMe2-6kt5aPBThoww,1,5
Restaurants,Olive Garden Italian Restaurant,1/24/2014,_9IlrHhfr_2RtzEPibKGxA,4cre9bcPLjF3JCLdztkfHA,1,4
Bars,Roadrunner Saloon,1/25/2014,_FaL5MMySK6FoLQUMC8DOw,ilV4uebbkirD2AiNIouHhw,1,2
Restaurants,Battista's Hole In the Wall,1/25/2014,rFjhpdpoPvT1m1J--h5P2w,_DMRv1QIIy-G-fbOo9DElQ,1,5
Bars,PT's,1/26/2014,j6ERkHSmjWNSHTnVGb5R5Q,1mQkfMvMbQ4dn-Da43xjag,1,4
Restaurants,Brio Tuscan Grille,1/27/2014,9Ic0w23oAXRHUBruqRbSmQ,N7wNlo3_EaHUWHiFDyGh5g,1,4
Restaurants,Otto Enoteca Pizzeria,1/27/2014,8yGaHL7qfjUH7-DfqvBshA,oAxgnjMziIuzrpq9mte4LA,1,1
Restaurants,Scarpetta,1/27/2014,bvaYu_VGECnlyFDsAOS84A,xGIsctwaBeLQyp7U-pNC2w,1,5
Bars,Commonwealth,1/28/2014,_xlAiU0RYS9C6Umovb-8uw,crHk39O5I5ZEpzNQz6XgAw,1,3
Bars,The Laundry Room,1/28/2014,oFqglztI4YX54xOSssv-WA,crHk39O5I5ZEpzNQz6XgAw,1,5
Bars,Charcoal Room,1/29/2014,VITAFPhy5rkYkNexQiSjTw,GUldadcLX_6a1sfYZY2xjQ,1,5
Bars,Fusion Mixology Bar,1/29/2014,pSAc9NO73sSHFUrEyd3sNA,DumgEI1hiLXyb7T_joYl3w,1,4
Bars,SpaceQuest Bar,1/29/2014,rtRIcNrZTPDzdmEl6e3xKw,KwUOJ2v_2SNZonrdLw1gLg,1,1
Restaurants,Allegro,1/29/2014,Pss8d6_sAZoSoOrRUJaqzw,5-UNryX23JDEpshKYHFP8Q,1,4
Bars,Firkin On Paradise,1/30/2014,hsrlletsX1llfKcu7X0--w,ZKHAt_d7INgVsNjsH14HhA,1,4
Bars,Frankie's Tiki Room,1/30/2014,ngcIMqKc0rw8zr4Lb9YBsg,Qd0h8ZdMCXDyxmgcU8MKPA,1,5
Bars,Chili's Grill & Bar,1/31/2014,gI1ZE9BhiVFq0fb1mVSpAA,fLq21cnlDXV_gfB-rzvgZQ,1,4
Bars,Firkin On Paradise,1/31/2014,bev-ocFD73AAAEUggEL4yw,s1p2KzN19-LrGKVbo6AM3g,1,4
Bars,SUSHISAMBA Las Vegas,1/31/2014,hhDowqUOyW4jJvvU_bOR9Q,6xOtEftKDKNm7k1COIE6ZA,1,2
Bars,Timbers - Azure,1/31/2014,PCkPzWrv1R_lCKJVgK3wvA,ffwAac-m8ucwjadPaJNBqA,1,4
Bars,Vesper Bar,1/31/2014,qy6vjuPgrtjzbIX1kwJygQ,Pkx8ktukLs8MYLvP8HO4JQ,1,3
Restaurants,Sergio's Italian Gardens,1/31/2014,8lvvax7VC2LaWYENwTw1lQ,hJCLSp8OrAO-_Gvv_Mj_Yw,1,5
Bars,Dom DeMarco's Pizzeria & Bar,2/1/2014,eDaIh9qdzf3V6b5vifCnSQ,XjaJ40tccsznT5NN-ut8Vw,1,4
Bars,First Food & Bar,2/1/2014,4xRBnQ1IzpSojclH7KV8yQ,8JAHUfhMcEamJkDDuOPxcA,1,3
Bars,Embers,2/2/2014,I6bJahZYhdaWu4xaZD1CMA,4N_x11sCAdfiKO4WDY_bQA,1,4
Bars,SUSHISAMBA Las Vegas,2/2/2014,XJAFAOUypSK0zRIB6RQ25Q,xCgp_QIq_gzeNQ-g77uDqw,1,4
Bars,Wolfgang Puck Bar and Grill,2/2/2014,Fm1RfGJ7PT6kduk9fTYjSg,c5vzmP0sCfKcMGmls8jzfQ,1,5
Bars,The Chandelier,2/3/2014,Qm7WKOnm-8EwYKwpqeecCQ,AGluylua7Y99CXKYNPNgxw,1,4
Bars,Boomer's Bar,2/4/2014,blTVWHgssc8hAR8cWIKU2w,UKtMJlm2nwE1bwBLbaoR5Q,1,1
Bars,Hyde Bellagio,2/5/2014,Qm82Wi9shPAkU4Mb9UZOkQ,8iBaZWrCZbX2AjjhJWQuNw,1,4
Restaurants,Capo's Italian Cuisine,2/6/2014,x22RQWLcvoRoenNG7WPVSg,dY_XrwQqNaX8cPNu762GCw,1,4
Restaurants,Sugar Factory,2/6/2014,ChbgCERt7AXihc2Q-E8QHA,MByGtNpHM88Ym4vGajY3iA,1,4
Bars,Encore Lobby Bar,2/8/2014,9pY3u9xX3YyowSTxySnyPg,sbvSyNtI7Sgp7k4qzf2reg,1,5
Bars,Grotto Ristorante,2/8/2014,aXGnBOLRBPTDrEzV9lNtvQ,JyhzaOk3Rpu5T2VULLh8CQ,1,2
Cafes,Cafe Cortez,2/8/2014,HJhxfuvuhzUmYkTeTWxRdw,L6j7KNncXIOrinkUB-rrXA,1,3
Restaurants,Sicily's Pizza,2/8/2014,jHfXSjgRAbGmqG07o8lLSw,Vl5_zAMax_3pzwUlrVnrJA,1,5
Bars,Insert Coins,2/10/2014,mBjPu_jFkRoAqwFfiE8ePg,hUj23C2rk6Ev8O5Q8PTjbQ,1,1
Bars,Social House,2/10/2014,jsKnYJkoP5gKNrga5PG9Dw,imSwcg3S2wA-XeIEKS_l_g,1,5
Bars,Commonwealth,2/11/2014,9DkEJwShVXv_tLrKBbhoqg,huKYBfeFtYCOWs4I-GESSw,1,4
Bars,Dream Cafe & Hookah Bar,2/11/2014,7u4dNTefX3EOavMy345fvw,dq_HU2-iKcrFrvaDDcEirg,1,5
Restaurants,Rocco's NY Pizza,2/11/2014,VnCI8sJmWgBKDMVArAam_A,a9UY8Pjf8yl-JcFNoV3Oig,1,4
Bars,Frankie's Tiki Room,2/12/2014,ns7XHHuZ4IojUgCZ93oDhw,l1enw2JzbO7FEL8MjS4TIw,1,5
Bars,Nobhill Tavern by Michael Mina,2/12/2014,4rZ3KQWC840ktZpVb_T2Cw,uPzp20tREgz61hQI-WHJbQ,1,4
Restaurants,Amore Taste of Chicago,2/12/2014,orN2xGOpVcCgce_qqns8QQ,oY0IA4VozKAu7DD_E_VTvQ,1,2
Bars,CUT,2/13/2014,XLovnxmxQBwC37abhNrDPA,vJ3ujcO_tqTlraDY2w6Ucw,1,4
Bars,Firkin On Paradise,2/13/2014,gLNeHVpSIlEvAFkv-7H_qg,iR09w6NeuJceGZndf8r-eg,1,4
Bars,She by Morton's,2/13/2014,M-T8T2YP4Z6HzjOUNdT6Mw,98z7FSQe8shOf67EEnD8rA,1,2
Restaurants,The Bootlegger Bistro,2/13/2014,t-oNq50HULjK0iTsAI_5UQ,i4YgszS58c_KcC-Bpxp8HQ,1,2
Bars,Commonwealth,2/14/2014,AO4lp_CJQq6EyZZiEJRYgg,G3NuvANiCbBi3qm9OnYc-A,1,4
Bars,SUSHISAMBA Las Vegas,2/14/2014,uQhiEx8dgMWEVl0HcdxPZg,sbvSyNtI7Sgp7k4qzf2reg,1,5
Restaurants,Zoozacrackers Deli,2/14/2014,eDI9RJqnJQMAVPI1xUIGPQ,uLuNUrEyMYhc5olPaRfeHw,1,5
Bars,Coconuts Beach Bar & Mexican Grill,2/15/2014,J3rnjfA6UDEafedRNSK1IA,cH-RV8qS7M5Kg0cENqiU-Q,1,1
Restaurants,Mezzo Bistro and Wine,2/15/2014,gnzn66_LNKWb2yYqVBkoZQ,mJ21Ha9BRIKjbZnyXEwo7A,1,4
Restaurants,Trattoria Nakamura-Ya,2/15/2014,Q4jyNVJz9BBCmP6AhUZQeg,zTWH9b_ItSdLOK9ypeFOIw,1,5
Restaurants,LAVO Italian Restaurant & Lounge,2/16/2014,Oo2U_xR_oLMjCq5_TyYW1w,kdujIYsDp68Hd3tfP9DCag,1,3
Restaurants,Don Vito's,2/18/2014,xGBUJgODlYbhoARWGSmoNg,DT6fnjBuZF9RmFC2eGyswg,1,3
Bars,Aces Bar & Grill,2/19/2014,rezzOs_3NK4NNSO5N0_s8A,v0n1Q9OI5ZBeVrcdIz1USQ,1,5
Bars,PBR Rock Bar & Grill,2/19/2014,vLYgM1OnCAmUNFywbxnW_Q,d8UoFqVaH7wTtVQLZkMqgQ,1,2
Bars,SUSHISAMBA Las Vegas,2/19/2014,UrM9q28i-1Ti3toQGulwFw,0IsBfC_WPq_z5ngGca_ylQ,1,4
Restaurants,Brio Tuscan Grille,2/19/2014,UzTsr3eUfKWe4qee4F906w,F_PovpJQMeEFViqxhQJ4Pg,1,4
Restaurants,Buca di Beppo,2/20/2014,H-luZzo9nH2yLkaS8RgtaA,sSeyrnBkM6qkP6v_Xf2l4g,1,4
Bars,Calico Jack's Saloon,2/21/2014,K9V2srqpZMAKUNMDfdUZsQ,Yt2lIvoFmmCrGApzaDXAXg,1,3
Bars,Coconuts Beach Bar & Mexican Grill,2/21/2014,Ytxqo6mQuKL7_IAdw0_TnA,9rvh7-4DrzZw20lgBqHavw,1,4
Bars,MIX,2/21/2014,idF4HmKnnyZNyOroVNOqNA,VHxulgyzd1Ftr6Aq3UgfwA,1,4
Restaurants,Sinatra,2/21/2014,z1oshHfygFxBPC0a734WQg,c_9csYy3Aw1AIdWbmveodQ,1,5
Bars,Bond,2/22/2014,JyKzWjua0tkD7YjIEAC58A,gMCleZp2ZT5FULkWxFikGg,1,5
Restaurants,LAVO Italian Restaurant & Lounge,2/22/2014,yMzThCg0MG9RsRsXriIteQ,DZ_q2GWOSWSHZ1iHr8GcIw,1,1
Restaurants,Wolfgang Puck Pizzeria & Cucina,2/22/2014,55ZvKuniOpXGS9WFjPN1_w,mD1kxDrFBsCTg3eUTVeJ7w,1,5
Bars,Buffalo Wild Wings,2/23/2014,bUwqBxl5VHArLTCUTMqSOQ,N7wNlo3_EaHUWHiFDyGh5g,1,4
Bars,Gold Lounge,2/23/2014,ZjM_A5mT0umGh5yPumc8Bg,6tn9l1S4gtsdU6GzyC_xWw,1,5
Restaurants,Encore Beach Club,2/23/2014,pfo-PNgrrjdKYPax4N49WQ,SiBzKx09yg0oOSAMUdeTxw,1,5
Bars,21 Restaurant & Lounge,2/24/2014,xIAdj4exmbV80UC2-99XMg,wyOQA_sC47M79U2uA3PkEg,1,4
Bars,Diablo's Cantina,2/24/2014,PvIRwhV1nGF0siiHiMcJNg,9prUxxdiILg5OQjyRKLHxA,1,1
Bars,Panevino Restaurant,2/24/2014,7VC5mKDurconjgjunPEEJA,T5__kiCMSii540KCbAikHg,1,4
Restaurants,Brio Tuscan Grille,2/24/2014,jpe9LcUMJ0lBfZV_-Vwilg,UDxLd2ulMirdteiggnd0NA,1,4
Restaurants,Scarpetta,2/24/2014,UHJBxkhd1gy_JYL6ZAA59A,mw5rgm_b1leBSd0Baloi3g,1,5
Bars,Buffalo Wild Wings,2/25/2014,QTpTNQCxaa43h-KZ42xtyg,_DPwJXjw1orgtUVqvy46Zg,1,3
Bars,TGI Friday's,2/25/2014,lQjTH8RFkldFMi-0m_N4pw,1kB497g7HPDt3FCq9E3y_w,1,2
Bars,Commonwealth,2/26/2014,8GELeD7G50EBmkzwm7ZdUA,57oSAPCW3eQNszqO2eNlzw,1,5
Cafes,Sao Paulo,2/26/2014,NlrAMhG2_3ed6l6SiWNjOQ,ATMjah8XLLbKqUAobjsINQ,1,1
Bars,CUT,2/27/2014,XOTWfuiQz-9U9R8BcHzhhQ,eAdxdxz4DcWx2eHHKWm1uQ,1,4
Bars,Islands Restaurant,2/27/2014,HpiGmTUjMeCWLl1uNmCgBg,JDVHUs3UBWcZiMPLBTzc3A,1,3
Bars,The Peppermill Restaurant & Fireside Lounge,2/27/2014,vWre0WUV0BZpvH1EAX-cDw,nB3UNLX-mvmK8l0U1NGcMw,1,5
Restaurants,Casa Di Amore,2/27/2014,LVuo7hNdj2kx2kYR4FQaWQ,CZtsLUwyDEb91RAXKuy9pA,1,4
Restaurants,Il Fornaio,2/27/2014,hXYtbrL8Ey1IlC5rALetcg,q66iDngqPnPe6zZqfjKmaQ,1,4
Bars,PT's,2/28/2014,6nzxLHNvCUdlrgUdlrW6eQ,yBmNUC2e7c3WMl0d5jro7A,1,5
Restaurants,Otto Enoteca Pizzeria,2/28/2014,PiRmr7_638rByrGZn6S-Iw,J8DounPlB0Z99fmv17fPow,1,1
Bars,Andrea's,3/1/2014,HuI7qiQKUI1brydX9ZSnTw,JE0hGUJvGRAZJJeQJ8ymLw,1,2
Cafes,Studio Café,3/1/2014,aja9QkUo7Vg670B3uWh2MQ,uETHNkRRIRfbkQeDXUIekw,1,3
Cafes,The Bagel Cafe,3/1/2014,qlRYYGgu-2XDoEyNOJUk0g,kPn2nq3iudiSvOFmQj-dIg,1,3
Bars,She by Morton's,3/2/2014,5w1fk67F8hEea9YvtXX2Xg,vKFS6Ej9oAUpuKlj3gNAqQ,1,3
Restaurants,Gina's Bistro,3/2/2014,N3vdboO-q4BmS4Ka8btghQ,XRQ72wmm-Rn_E2WQ_qaX6A,1,4
Bars,Señor Frog's,3/3/2014,cZjgbyX47d9uvwWYX4Yqxw,nP6D79WLggC-1_QrJxr32w,1,1
Bars,Sports Book,3/3/2014,X_SNseXb-ZOEwz0BtA4kzA,ywdC_LYbaFMEmw0rO4SeTQ,1,5
Restaurants,Casa Di Amore,3/3/2014,Lwa0Xy7vKmBLJMc-kWlBMw,Vweh_S0Dw4IUIWikFQRzZw,1,5
Restaurants,Mac Shack Spring Valley,3/3/2014,ftC8dHa28J_BV5ZpbDnVpA,N7wNlo3_EaHUWHiFDyGh5g,1,3
Bars,SUSHISAMBA Las Vegas,3/4/2014,_-S-HKeXC_6L5NdmXlnFzQ,YwiIrc4Nz8hu7fe7qB6rMA,1,3
Bars,The Peppermill Restaurant & Fireside Lounge,3/4/2014,jDim8NNDEiR2J7-Nrw1NRQ,AO7fRv6Wq-322AZXAWbgXw,1,3
Restaurants,Mac Shack Spring Valley,3/4/2014,Jn3pljj-G9j9eCIbldc0cw,GI_0tXuL7dWll1m1i48eQw,1,2
Bars,Carnaval Court Bar & Grill,3/5/2014,q2Fqti7XsX_kGw9mZ1gw7A,bLS1y1zLRU_G-cIWoknWmg,1,5
Bars,Layla Grill & Hookah,3/5/2014,0kbgaYX3sNAza5wYnKymYA,xpVGWBVOkGJHBbgUgMmVOg,1,5
Bars,Beauty Bar,3/6/2014,J315XJNK5SGrk4ZrTgC6LA,MmY0U6mUuUjuKRvSPgXicQ,1,2
Bars,Don't Tell Mama,3/6/2014,b9kbMMjUcu_FfK90j5JWmw,MmY0U6mUuUjuKRvSPgXicQ,1,4
Bars,Morels French Steakhouse & Bistro,3/6/2014,Bd1J7eWE4dGpVL5oyOnDHw,r7YjAfr4fD46IJJ_3udP-A,1,2
Restaurants,Casa Di Amore,3/6/2014,jI5FalHM1kkjBIpodd_ykA,CnXxF3FWR3mEC0gtTLCocQ,1,4
Restaurants,Scarpetta,3/6/2014,The0dJvCs7kf8-Kn22lqjw,uVYZc2JVHQf2Bazj11sl8w,1,5
Restaurants,Il Mulino,3/7/2014,j0DuH2MmeUYkDqFq9mT9qw,a6uIZeer5hGyCsECfw5kIA,1,5
Restaurants,Olive Garden Italian Restaurant,3/7/2014,6Fwp6bfuIY4jzXIeM00zBw,7gjyW-V7ZPRRxp40IXWSrg,1,4
Bars,Hyde Bellagio,3/8/2014,YIyu50fVAYP091fs0wA7YA,fohZfHJET56S-cXAgPWnAA,1,4
Restaurants,The Bootlegger Bistro,3/8/2014,VQe5t2TVNXiYtcnG1DMRjw,1X4vP8jG-EhpkF73yuJPmQ,1,4
Bars,Gordon Biersch Brewery Restaurant,3/9/2014,jjIodS5k3UrBLxhwj98aqA,qrsfC4rub7cp5zXWk94NYQ,1,1
Bars,Moon Nightclub,3/9/2014,C-ugnzeyO1cjCe09LaAtKQ,0mcDeuaPoeSVaRQIng9Zew,1,1
Restaurants,Carluccio's Italian Restaurant,3/9/2014,obKjL6uNvWN-tu45Q_ouCw,WmRYviaRHREeSy6f5__1vg,1,5
Bars,Artisan Hotel Boutique,3/10/2014,b_hljXw7Ucuy2XOk0wsKaw,GFTS31m9Ea7q-8ziRI4pYg,1,5
Bars,Azuza Hookah Lounge & Cafe,3/10/2014,A54UEsqENpvmNfj6ZyrZnw,LKiTclw1Dh89WTkCwQ7a-w,1,4
Bars,Fat Tuesday,3/10/2014,1o2TM4ctCuQjDDUyQYAedw,qdw7JlxuNOX8RR8Ga9Im8g,1,5
Restaurants,Scarpetta,3/10/2014,LjYxoF1soXvEPfPumU_lFQ,efH0C2xdYdjcuB4v8Diatw,1,4
Bars,Eyecandy,3/11/2014,8yWyqUg65QzwKMpDypdEug,33hNtA6ckzEt8imUlBAzYg,1,5
Bars,Mandarin Bar,3/11/2014,RALiO0nMgLbbVS-0T-_rNg,ar_vC3ImUJVPutbmCFFJ4Q,1,5
Bars,MIX,3/11/2014,ulEUdKijUOsPIovYk_jz8w,TAJZbud28UJNQE-3VNI8hA,1,5
Restaurants,Rao's,3/12/2014,GkBHCBKYFNrVKn0Ts6mz4w,UjVmEkZckRENF7qR0EmIhQ,1,5
Restaurants,Denny's,3/13/2014,irWSZSHgjEFE2EfhFQ6OmA,9LwyHtKt5iRqlcFH-897aQ,1,4
Cafes,The Bagel Cafe,3/14/2014,ZefxT1OQ04rAKmbk8Rv9cA,C3gwYFhIqhdubl9OZVjBew,1,5
Bars,Andrea's,3/15/2014,VvvO7DZN14k-md5NrkvN8g,UmRq9KblJUe132lM-tspuA,1,4
Bars,Insert Coins,3/15/2014,rbUgk57ibpY3arlgBsCkoQ,1lvp7CcJI3DxO-N54G1_Og,1,5
Restaurants,Ferraro's  Restaurant & Wine Bar,3/15/2014,_8Y1OoR4WB6Sh5yzrdn7Og,_JSC5hAcGFVRAKirY9hZyw,1,5
Restaurants,Nora's Cuisine,3/15/2014,QgvBSFF6n3rR0OHcmZXd7w,JhN6Di8Bt0f__SDBcqP_dQ,1,4
Bars,Public House,3/16/2014,6Kgz2KzhiI3k4nSuLT6FLw,TEin5ruJfIkwTmcOMo19AQ,1,2
Bars,Dispensary Lounge,3/17/2014,9fTkGeq_awTFRWC0lniDvg,4N_x11sCAdfiKO4WDY_bQA,1,2
Bars,Hyde Bellagio,3/17/2014,xLnFXIQGcN6wdj8YFiC2_A,FzwQDx7Ia3GxKJjUpRbAbw,1,5
Restaurants,Circo,3/17/2014,FAXD9p6zusAozefW1QgNFQ,2i1Z-8dZJF-DFGMnidhWBA,1,5
Restaurants,Don Vito's,3/17/2014,nQTpOFfebEIlYk9-nEy1-A,4I20VXHPK2V3pY8yTYm6sA,1,2
Bars,Wolfgang Puck Bar and Grill,3/18/2014,hVuS_Ou7p_P_6x27gWQQ5Q,FsUqcI3bqxDgkz7i0_jhSQ,1,1
Restaurants,Bartolotta Ristorante di Mare,3/18/2014,G8SDMLnkpUpUE4cWvEjN9g,81K4b0pdImkS3vb_8vLQGA,1,5
Restaurants,Brio Tuscan Grille,3/18/2014,dHVVFpVb2uElIUsGj2jbvw,KHoRjtpoRx-AdbpoKp3LUA,1,5
Restaurants,LAVO Italian Restaurant & Lounge,3/18/2014,gkyzAGiVPgUDLg7mRerXzw,8vomuZ00U9trJU8SvBUZTw,1,4
Restaurants,Trattoria Reggiano,3/18/2014,gDYSf2SoNUXiWl2_AxGFvQ,EpVY2OYeKZmpkh3vPyV_sg,1,5
Bars,Buffalo Wild Wings,3/20/2014,m_6Q5ifkMid_dw0gDzGxgg,dCzr2bpptYDbOQ-gSU6iXA,1,5
Bars,Lily,3/21/2014,534qDA7oe_hhBtgW4_r05g,FYx-AhIhheP4Bcrf5rQESg,1,5
Restaurants,LAVO Italian Restaurant & Lounge,3/21/2014,1PaAqgzfuUUOTx8Kh6OVEQ,sBqEuMZAa6XXGNzfM4ogyA,1,4
Bars,The Sporting House Bar & Grill,3/22/2014,U5l-CxYYV2kPheE0jkCsbQ,ePCbmCzVUiD5aNuRign4xQ,1,1
Restaurants,Mizumi,3/22/2014,dD5D5ryZ9cwDw8XofhHulA,QqC9YTlHfS2EyFkqNqCEpQ,1,5
Bars,Blue Martini,3/23/2014,EwfiVpVvIuqT7R3W2uN0mQ,bkghPuQNyDkQq_sG67h4iA,1,3
Bars,Drink & Drag Lounge,3/23/2014,_bLcS1D-cdf7N2p5CHV3qQ,QFPqfB4KdSpI7iBc_AmZRQ,1,3
Bars,Frankie's Tiki Room,3/23/2014,E53jygaE1IiuCZjGt_wmJg,ci67CmnSsnvjiC3xlG_N0A,1,5
Restaurants,Sinatra,3/23/2014,icGA5mOhNaycI0mc6t73vA,vr4n8XgSXOoEvSoatu8-jQ,1,5
Restaurants,Valentino,3/23/2014,sPPMZtfEwutJh3z4oAMmKQ,_U1u78_EheP48iQND9jlsQ,1,3
Bars,CUT,3/24/2014,1spDtzsTgel7Md41Fj1e6A,1kO6hrdRe3_dgNsGLi4X8Q,1,3
Bars,Legends Sports Bar & Grill,3/24/2014,O7-ewabCePAY_gxyo_MMig,A6GU5N8KaDAQzXPqDHhK4g,1,5
Bars,Mizuya,3/24/2014,xdDsoNLf1ck2YK2VN2_hug,1kO6hrdRe3_dgNsGLi4X8Q,1,3
Restaurants,Zoozacrackers Deli,3/24/2014,P-Mf5F4qWHH-UN19I57lbA,2MoRCdm7Br8AkOX23FoqHw,1,5
Cafes,The Bagel Cafe,3/25/2014,p_mSgwD78updcre9nHA4Bw,GmKRNgo_0DtccDHznvWVHQ,1,3
Restaurants,Rocco's NY Pizza,3/25/2014,lS91dUAtIQYO1ApO9PsqQA,nUnxilIk3KWcbzC6hL32Hw,1,5
Bars,Wolfgang Puck Bar and Grill,3/26/2014,CPd3OTmRuoFK1CgJ6vNZdQ,lsKyX2q7g1h3avdivgkaKA,1,5
Restaurants,Fazoli's Italian Restaurant,3/26/2014,CElfE7RYj20SVEkoSKXa0A,fDeXbzjfQGmUZdLxxqODlQ,1,2
Restaurants,Nora's Cuisine,3/26/2014,ThWOwnZ96SG-rXbX22HAHQ,I0JnBeJ8C5r15oB4gHdWlQ,1,5
Bars,The Sporting House Bar & Grill,3/27/2014,d26Rct4c-X-gx9Syz0DzmA,SU1egdLzDIU_mDjWXOuFNg,1,3
Bars,Benny's Bullpen Sports Bar & Cigar Lounge,3/28/2014,Nw3psBzyZz4r9YljcYXqUA,GGTE5qGf-eKKtbXqhn5eQg,1,4
Bars,Park on Fremont,3/28/2014,bQj8j8_9_Sh8LQt3ru8pMA,7x3-B0yaO_hqXm42VKStzw,1,4
Restaurants,Trattoria Nakamura-Ya,3/28/2014,3K0jvuKc5higflcnxj2Lqg,ajiXxzXo1LjdbNgfVllX7A,1,5
Bars,Timbers - Horizon Ridge,3/29/2014,kx9tYBs2Y2j8aysU5CVG_w,Yw-Q_4QrwWffjnHWLvo4kw,1,2
Bars,VooDoo Rooftop Nightclub,3/29/2014,08xFR1ojijDZ86QPDRLUxw,tM5JfMjEXE40t9LhZAtSEA,1,1
Restaurants,Battista's Hole In the Wall,3/29/2014,HnTieTJMhr08tzIskFZEdQ,p1FB2z28hWKYU5dCJJQpIQ,1,5
Restaurants,Chicago Joes,3/29/2014,l9xlHQp5n7J1jsQ9NrOVog,ieaT3v0coUNrSqVgY342cw,1,3
Cafes,Sidewalk Cafe,3/30/2014,3DivLu-17QAy5q3spQLGbg,fBD9fgLKQXZp-YwpnYQDpA,1,2
Restaurants,Brio Tuscan Grille,3/30/2014,LM1X1-FkExvzyyrhINW1MQ,-8OPZkxaJ8Lq-1Rj8vsgDA,1,1
Restaurants,Carmine's Pizza Kitchen,3/30/2014,QlYK_pgOW62ABhOesss1fQ,jbsIg4bpl3oaNmbz4mrvRQ,1,2
Restaurants,Encore Beach Club,3/30/2014,8z9rL5moJ2_2VrAd4PxZYQ,PGHx7z_fqwjVmaFabEagHQ,1,4
Bars,Dom DeMarco's Pizzeria & Bar,3/31/2014,qGa01xHybO9fxZICZCpAvA,XpxK7cAT4R3wQjHOZccasw,1,5
Bars,Drink & Drag Lounge,3/31/2014,4ycTTpfVS01nUOTcsAv2MQ,7x3-B0yaO_hqXm42VKStzw,1,4
Restaurants,Margaritaville,3/31/2014,ekPfKWZw7JIW7xXwm4zCXQ,IEpH8cbBN2LUdrzVFpb4hQ,1,2
Bars,Commonwealth,4/1/2014,HYDSAIA7qodyJhJgSPMP1g,0zVI2BY9q4ry5u5JhIlZyA,1,4
Bars,Morels French Steakhouse & Bistro,4/1/2014,1mcS8CL7WLFbkmVNcIOpsA,NWgDuS4_-Ton5V10FhxTCA,1,2
Bars,PBR Rock Bar & Grill,4/1/2014,IHjp1ZivLbqJ-ovycjZ5eQ,VfjXZvNp0EDnZsw-IvkG3g,1,3
Bars,Sierra Gold,4/1/2014,3yQ_YxRYimg6Qnd6XRFzZA,UDOe7JEQDTNMMaMO4X8zYQ,1,4
Restaurants,Gina's Bistro,4/1/2014,OGJdEpzQJJttiG58QqaRJw,uMTxcOZEC27dYGt2krpfig,1,4
Bars,Kapuso Kapamilya Karaoke Bar,4/2/2014,9PntIARwisNda-DCdPIUjA,ieaT3v0coUNrSqVgY342cw,1,3
Bars,Moon Nightclub,4/2/2014,Y_gsAIA-ykjbcT3FhYU78w,5J5OrLqqOxilT_qqibuqsw,1,4
Restaurants,Gina's Bistro,4/2/2014,LdpZlDxsq73y-n7GwkYhhQ,2_srDDQM-Neby9fvz8oV1Q,1,5
Bars,Firkin On Paradise,4/3/2014,C4wVVAsM7UlRnSHPPLeN0g,VkTPrPAIbNt-vaeMAQbAPA,1,3
Bars,Park on Fremont,4/3/2014,pIdpq8ZEsk1dbml5Nfcx0g,DpXE4_FxemtCqAifwcWGlQ,1,4
Bars,She by Morton's,4/3/2014,ds-st0CqY0Vl9N6pI6lY1g,CtPkuJHl6aGXIDo2CBRrQg,1,4
Bars,The Griffin,4/3/2014,9_6Sf04sMFOv0YYHw3FB-w,PmpFSjmOkTNIsAxkQbKHXw,1,4
Bars,The Lady Silvia,4/3/2014,NBGLxVtsMFEhbs8T84EgHg,MqY52APIuLHuNCCiDs_yww,1,2
Bars,Drink & Drag Lounge,4/4/2014,OUp31HLml140CWmf4bjIXA,Sr9slV-u3iTC1z5ocPS-ZA,1,4
Restaurants,Canaletto,4/4/2014,KquJRr0A19j3g1p4p30ucw,Zl_dmtTralTjItBwd-i7UA,1,4
Bars,Evening Call,4/5/2014,SOgufryOD1UQFUx3oHoebQ,B3hsF-thq9MNpUnWX3yE_A,1,4
Bars,Fireside Restaurant & Tavern,4/5/2014,ygTP1w_K_Ao1iTdzkrrK2Q,JOf1I6wwLWHyv0XH2_YmlQ,1,2
Restaurants,Maggiano's Little Italy,4/5/2014,W8LRqvBKh37UaBNUTbUvaQ,Hw41XohE7-9g2ICWm77eXw,1,4
Restaurants,Trattoria Reggiano,4/6/2014,oINi6SSZ7V4qDGd5veu2xg,cbIHtc5Ke2x9zFLU1fgJOw,1,4
Bars,Four Kegs Sports Bar,4/7/2014,EFR6BA7RN8J6_bmw_sJhaw,9dmp37MMQktZjH2Z6r63eQ,1,5
Bars,McMullan's Irish Pub,4/7/2014,Oae4Bg6PsOgQLSXevLW9nA,xBKPZZfpKe1FmMjW5e3hBw,1,5
Bars,Park on Fremont,4/7/2014,XL9tEJBdc6disa1yujH0rg,3JBvkvkr4Jq3d00GHUUTtw,1,5
Bars,The Griffin,4/7/2014,4u803x4hI-W8HJn02BzABg,b0QWjjQNSGVvmK8a7pNGAg,1,4
Restaurants,Allegro,4/8/2014,g2MsBiTXgrL_UtZeN6r5Hg,w2gpIsi_P_oiIfR9dcKx8A,1,3
Restaurants,Terra Rossa,4/9/2014,SvRNlKj03yIafaXjkPpsOA,cmI_QuaI2eWfigoliANTnw,1,2
Bars,Lily,4/10/2014,O66IFx-vaw_UOSrgCJM-bg,pgPeOt4SD3olalhF4VUzVQ,1,4
Restaurants,Scarpetta,4/10/2014,Nq6jcYkgS7bqNPPkvJXwKQ,wd43Ckbs9yV7F_TcevwX8g,1,4
Restaurants,Scarpetta,4/10/2014,yh4O3gS7c8KyeuZRq3VQzA,wYtCAzpt8fh9Cn2TOEq20A,1,5
Bars,Artisan Hotel Boutique,4/11/2014,zHUG_GRExrOnTog_vMZ-Gg,A2hG5wSdrceM0rSrKLIZVA,1,4
Bars,Don't Tell Mama,4/11/2014,KUJt15kNZsWYh-VBVSFYdQ,huKYBfeFtYCOWs4I-GESSw,1,5
Bars,Foundation Room,4/11/2014,PCR3ofVMSr8Y8_BXxaJQOQ,flLEv9DOqgWtcb5bN4N1gg,1,5
Bars,Layla Grill & Hookah,4/11/2014,_h63kR5fUkc5qD4ioMHfwA,SjvxqxHcIfD4QStJbHnJTg,1,5
Bars,Seahorse Lounge,4/11/2014,5xPNG-TofCN2Ip9vViIjTg,poqWYRoVOHvBiRcKmzR56w,1,3
Restaurants,Pasta Mia West,4/11/2014,pU9hDrbDIrCP4mPhiRnzPg,vn9wNX1cmL3CLEMDgQPlrA,1,1
Restaurants,Olive Garden Italian Restaurant,4/12/2014,VTrpBnj1KlwXPWsdTT8_Ng,wEhBXU0pazHzcYvR-Ou7vg,1,4
Bars,Charlie's Down Under,4/13/2014,x5PV1FilECa3hCzuH5k6Yg,kdYW4qNI-O2bCS3A3SHuUA,1,4
Bars,Commonwealth,4/13/2014,FhDdxyRwhm_s4iNUaz8gOQ,5G0GcGQU7NaPghLBwWeL5w,1,2
Bars,Timbers - Azure,4/13/2014,erWEblfJB8tGBsk7Yk9h4A,sJfyYLaZ_OYe27tzk3voXg,1,4
Restaurants,Buca di Beppo,4/13/2014,LH7OszmZw6mB3XPeMMjzTw,TUoAl96mw8inD9GDEL1GOQ,1,2
Bars,Rhumbar,4/14/2014,3ei7sm3Sc3ZZ4TBwNT3cdQ,N_tmfPByRnRhZ1mh_-gmLA,1,4
Restaurants,Wolfgang Puck Pizzeria & Cucina,4/14/2014,XIF1Ax474ILPmPPtAEoDCg,LABvMSby2CutOe088Kb60A,1,1
Bars,Badlands Saloon,4/15/2014,Eplwb0MOF3ia08duNUXgHw,j3DmFPyisJPtJoFdzAkm9g,1,4
Bars,Diablo's Cantina,4/15/2014,_YTdc1WZZzOJpx5Wm-cZ3w,OqddWheK-QP4p9njI9beRA,1,1
Bars,La Casa Cigars & Lounge,4/15/2014,,fRbqoHAkgC5MeW3x15mezA,1,4
Bars,Little Macau,4/15/2014,tBKCKsNad80JylOKQj3QTw,0xa-EvzgwMsRQt9SYKNM6Q,1,3
Restaurants,Nora's Cuisine,4/15/2014,8t_p_nrCZ8I5Vr3yYl8Kmw,rXVuNXDFO0lWyxs0Sp0tCg,1,5
Restaurants,Romano's Macaroni Grill,4/15/2014,Nu-2fhxccRkqnvpGgHBAYA,5UoMRZs47NCS-QuvWFUXxw,1,5
Restaurants,Otto Enoteca Pizzeria,4/16/2014,VWC07IlFQRXkyIJJ4c_oFQ,OhKyhrGyzmzqgRYA21Ausg,1,4
Bars,Portofino by Chef Michael LaPlaca,4/17/2014,Y0sGJSvYhhFpEfOglNkJ0w,Lel-zrkBmvLcxHA_yrUbaQ,1,2
Bars,Rhumbar,4/17/2014,pEjmowjZVVwk5AF9dKlIUg,QWeRJPOokCPbeZakNkQwlw,1,3
Restaurants,Cafe Volare,4/17/2014,,kkndR22F2Hf3bEnWOur_OQ,1,4
Bars,Kahunaville Island Restaurant,4/18/2014,1PbXkYaS6qOxvtwsH0ZfWw,Y79Ww-M_cUAQQqHwRKYtBg,1,3
Bars,Mob Bar,4/18/2014,Q9-K_MJ_mIiAvS2Ngf4XKg,A1I8p76ZE82tU9irhpdpUg,1,5
Bars,RePete's,4/18/2014,8SnSp-R18Bp3abfJ0SZidg,j9cEqFE0ih8xxnueaXQS9A,1,4
Bars,The View,4/18/2014,fvLJVvOcROS-Us2oqQkc0w,quN7NezB66559TczWJxFEw,1,4
Bars,Park on Fremont,4/19/2014,x1YtDtowK_yBOoeOQNy7Hg,HGWIasjq8h6GGNPRXhn3cw,1,3
Restaurants,Italian American Club Restaurant,4/19/2014,cudhxTA7UNaMPZFaQnN-3w,9T9qJwSCVqT3efNAxU0jjw,1,5
Restaurants,Margaritaville,4/19/2014,Wjm4sBVOk7WY3capaUkxTw,rR5PP7Ndr8NxTxHz13AAXw,1,2
Restaurants,Olive Garden Italian Restaurant,4/19/2014,dtVZmcVozks1JhX_FbAM9A,LlPV3XuLdGWzOb739datqA,1,4
Restaurants,Rao's,4/19/2014,Izr9iCieRzzpmbXQHVi66Q,_mSdqKSr6fqxMUnKgiGCTA,1,2
Bars,Lagasse's Stadium,4/20/2014,gBTAKeJIP9g0A5iMmkk-Qw,NfAFPcptc0u3TnRTLcF0qg,1,4
Restaurants,Dal Toro Ristorante,4/21/2014,,VqSCQCva71Q-ZVcMsYfQuw,1,4
Bars,Sierra Gold,4/22/2014,,MMRMAxHg4cF14gmECWpLSg,1,5
Restaurants,B&B Ristorante,4/22/2014,PvT-RiWT6kdrh8IEF7y4Pg,mGYVeF3_ADjReC7VDU2zUA,1,1
Bars,Commonwealth,4/23/2014,PElwiw_S7Ie2k-znQasLXg,1kB497g7HPDt3FCq9E3y_w,1,4
Bars,Firkin On Paradise,4/23/2014,QJQVN2505ZMJssKNQv1jAQ,xQpO4Jfi-Np3HLmJrQAe0Q,1,3
Bars,Hot Shots Bar,4/23/2014,QIZ2h2PWtdxZGsIya8EC2w,emI1S8C5LedGzX4suckvFw,1,4
Restaurants,Margaritaville,4/23/2014,Xi-IGDR7KiR6KMYkoAt7lQ,r6Y2B_N0p9vVFhUfo9R66A,1,4
Restaurants,Sinatra,4/23/2014,j-JLRPUCB0baRPRX9CAUyA,mZVElYtasKCvlSehFkFpDg,1,5
Bars,Nacho Daddy,4/24/2014,xFGzEK9Qfb7pVxKkfZHN1Q,7e6ZHpEnruPK3ybKjsZwig,1,2
Bars,Park on Fremont,4/24/2014,3HioAQZyi4TqxYf57DMTlw,RTGG2d7jz1auNq73F2CYEw,1,2
Bars,Señor Frog's,4/24/2014,F5D2qqfZg-zVJ0lZYwxMiA,gBNobIbgnA6JMOC6Pk9aSA,1,2
Bars,Park on Fremont,4/25/2014,qKm-VwRKp_-bIqglyaKkag,b0QWjjQNSGVvmK8a7pNGAg,1,4
Restaurants,Mac Shack Spring Valley,4/25/2014,CLEV7_ajjjUX_zpVsESJDQ,9aAlVODywpF-6UQvpzGt_g,1,5
Bars,Mingo Kitchen & Lounge,4/26/2014,TJOrndPhlg5O5mN_VItI8w,EP2rKr6NsXal0Yy7lzm9sw,1,5
Restaurants,La Bocce,4/26/2014,wHCavmsSt-twO-ikTAj11Q,qQZlA4tnwkAqpQ8wYPBtzw,1,5
Restaurants,LAVO Italian Restaurant & Lounge,4/26/2014,_3ZA6DOaKqDfherxt3MmFA,YhehU4DO_i7-C0ZAAs4wTg,1,5
Restaurants,Nora's Cuisine,4/26/2014,PkvzjkkEcb0uZcIyEnnQjQ,OaFcpi3W4AwxrD8W2pgC_A,1,4
Bars,Morels French Steakhouse & Bistro,4/27/2014,4mc3wF7IhbTmaW4Vcgr8yA,F4bAdiQRslPda1jb4krpxQ,1,2
Restaurants,Scarpetta,4/27/2014,Jz34V7dBZDjb61nG6yMsew,th-mWp_sazNqxVnNaRhjaA,1,4
Restaurants,Wolfgang Puck Pizzeria & Cucina,4/28/2014,r3ceJvfULtAuR-eEjf5Riw,Yo2AtEtCJ-wI3uuIDowCDQ,1,4
Bars,Park on Fremont,4/29/2014,cz6CJbC-Iw0y6zQUcHW3cQ,5CQ8FzDEfwbs5WWNJy999A,1,4
Bars,Wolfgang Puck Bar and Grill,4/29/2014,NzqcKA4s_l_pvvMO3Npaxw,UdFooF6emQmaNWxAtF7Wqw,1,5
Restaurants,Zoozacrackers Deli,4/30/2014,RrfxUj9MPSad3Om43iC2Kw,3HqxyIvCNQTx3wR4NNomFg,1,5
Bars,Buffalo Wild Wings,5/1/2014,D4uANJ3Oq5_EbDfAybDeow,DumgEI1hiLXyb7T_joYl3w,1,5
Restaurants,Scarpetta,5/1/2014,xnCGD2GCyEC97noY9KpuQA,poqWYRoVOHvBiRcKmzR56w,1,5
Bars,Don't Tell Mama,5/2/2014,z7N4gXLh0cdPL5m0ca9MvQ,T0noTkI_Ols34snye-9oWg,1,4
Bars,Gold Lounge,5/2/2014,AOtqvMHQOR5iWwi6oaKobQ,E7h3u-UqXm_zP8hgx-Rsow,1,1
Bars,PBR Rock Bar & Grill,5/2/2014,bDxcTwFMEE1fpUUhOklUkg,jH8OcgF6QSd6pzWBfqR6Yg,1,4
Bars,Hyde Bellagio,5/3/2014,y5ac7eRPxckKdBixqOuxwg,AsAo02iI1C2ypWwv6nwDLg,1,4
Bars,The Peppermill Restaurant & Fireside Lounge,5/3/2014,xq_FQUCLEM70NOaXVQjJ9w,Z8xmhPrDnEqJ74DzmiG5ow,1,4
Restaurants,Amore Taste of Chicago,5/3/2014,Ug02X9t_ZJhdM4YcEDjAyw,Wmv8B4qL1oYTorms75wC4Q,1,5
Bars,Drink & Drag Lounge,5/4/2014,1Pm9F6caz1GYoCYSfG_aGQ,UetAwQTFpwGcwsJqFp1mLQ,1,5
Bars,Fat Tuesday,5/5/2014,P4KAwTHflxvF7GxZCEn11Q,jsSuwFr4-ejCknAImqg1lg,1,4
Restaurants,Pasquales Ristorante,5/5/2014,pJc_XC09Ro6n1LKOQVXlOA,nk1_6lSwz4s0Oi6SAuDJvQ,1,5
Bars,Sports Book,5/6/2014,p8IfxY3bh_f3jnMlcyM08w,mmcU4Y2gXvrb-TRSpd2lfw,1,3
Cafes,Tiffany's Cafe,5/6/2014,6CWeCgRAmv-X2DQEH5hnvA,00EmTEZO2ggYxiy5Ni_u7A,1,4
Restaurants,Bartolotta Ristorante di Mare,5/7/2014,ZNNw3b6KIRpefQoiAbj-Ew,WxPvKSfHVF9DVlE_xPwveg,1,3
Bars,Hitchin Post Saloon & Steakhouse,5/8/2014,5QjdGf3mciiG_NaTVmu8rA,pXwEvW-wY8Lku8RuYZJCeA,1,4
Bars,The Peppermill Restaurant & Fireside Lounge,5/8/2014,_niNzdfB10y3E46iqXIHtA,kkndR22F2Hf3bEnWOur_OQ,1,3
Restaurants,Scarpetta,5/8/2014,ukZKwJo4hkXjrUZ63U9t9Q,XEwbJn4PYJ481vu1M6HVyQ,1,3
Bars,El Segundo Sol,5/9/2014,Epah2qWFsqOOxF9kvBW-OA,xsKKU2Nz_XWP5Q13Zb1s5w,1,5
Restaurants,Scarpetta,5/9/2014,ibh0nH9Im1asKRZN4jAqlQ,GLo7g2hzOQp8VaFF_d9N9w,1,4
Bars,Fat Tuesday,5/10/2014,PQpsKPgkrw72sp0gRx3RDg,YY5x0xe6fS252hnC3DG6bA,1,4
Bars,Portofino by Chef Michael LaPlaca,5/10/2014,0S4mDU8WSUINw7KMhAahVQ,xfFOTcw6h_tfOxYhrXYODA,1,2
Restaurants,Capo's Italian Cuisine,5/10/2014,HLFYSy1m4VLbQPxx5CjLgA,QrG8Xizrl-Gnb7wF7FSfVQ,1,4
Restaurants,Lupo,5/11/2014,hKwLY1t7XEZXNkLCTO4BZg,sDmgmT9RloG4sWpOu2QxnQ,1,4
Bars,SUSHISAMBA Las Vegas,5/13/2014,,CCaOeg0v3oe1XKSAFFpj3Q,1,3
Restaurants,Margaritaville,5/13/2014,CiZ2MDDVVihD1B4CaCegXQ,I-sLstK4qcM2YvJLNk7NZg,1,3
Bars,MIX,5/15/2014,rOqyCAdhJBWBHT0X5wZZqQ,Vmj1CsRo7XeGykeQsCz1QA,1,3
Restaurants,Country Club,5/15/2014,84NY7I3TUt072j66rly9VQ,TZ9M7Q329mt2B3rN836Qxw,1,5
Restaurants,The Bootlegger Bistro,5/15/2014,GHN1B_9tHdBbUsbIhP2I6Q,LczDjua5HU4RvRMqv6pmQQ,1,1
Bars,Mingo Kitchen & Lounge,5/16/2014,2biZEPP_c2r-BN92INxBXw,RIUmWjMMKhnDXVRV6YvMnQ,1,1
Bars,The Griffin,5/16/2014,oVyqCZJvZItx7nPi3skmhg,DHjj2PQO7hVMRbkbdl7JMA,1,5
Restaurants,Capo's Italian Cuisine,5/16/2014,TpIzMZQHlp8zB0nq4KlzrA,6uvpu2ZMF592ImHaXx9JiA,1,4
Bars,Dom DeMarco's Pizzeria & Bar,5/17/2014,nnK-6Lpt8EIIYRD5b6mk-w,zV-m715h7mTBwSORtn2tQQ,1,4
Restaurants,Wolfgang Puck Pizzeria & Cucina,5/17/2014,52cffws0gfSqznUpdLyNVg,mZXcts82z60y7X0eZSVqsw,1,1
Bars,Diablo's Cantina,5/18/2014,P_UOLrtPQgNKTA-89fO_kQ,sjSo7Bd7DHRgwWbVBOrOHw,1,2
Restaurants,Scarpetta,5/18/2014,G9tFdRVWRPNVwAGBsrttpg,KZOC0NtIFcp6v27UQHk6tg,1,5
Bars,21 Restaurant & Lounge,5/19/2014,zaCuWCKRPI0wjy3Vz2HRkA,XpxK7cAT4R3wQjHOZccasw,1,3
Bars,Bar Moderno,5/19/2014,D4ms-S7Eh-dJuk3Y6fehOQ,z1V7UFdPFKwnjgYRH9rrCg,1,3
Cafes,The Bagel Cafe,5/19/2014,uwPuN1G6zMFQpsRk1W0qFA,TXGnH3eFumUG0S3aT0uArA,1,5
Restaurants,Nove Italiano,5/19/2014,hcmi2skSF41xHAnj5Yt2DQ,Ft3BBqjm_ZRcQQ9UAtoJ_g,1,5
Bars,Blue Hawk Tavern,5/22/2014,DHeXUmFKRd0CjtYXMBLZ2w,VA8rUOrGKvsq_DQnUg7c1w,1,5
Bars,Park on Fremont,5/22/2014,Pw-KWYp8V1k0Te66HzV9Dw,RTK-QUW098Mvya8tawJ6lw,1,1
Restaurants,Olive Garden Italian Restaurant,5/22/2014,gfjG69IRf8eA-KdeWGKfQw,pp5dFKaoEGM2dHNasgMqaQ,1,3
Bars,MIX,5/23/2014,Hn2oNyE9ss7241b4SzpDvA,6L-2G4AhibG6GIvK2G9KtA,1,1
Bars,Morels French Steakhouse & Bistro,5/23/2014,wgRN-w5fJiAnKIG2PTgG6Q,0xa-EvzgwMsRQt9SYKNM6Q,1,3
Restaurants,Trattoria Reggiano,5/23/2014,S6GIyD4kgPeR8YUOOB9lGQ,LgadVwAhJOzg6C7KGuzeQw,1,5
Bars,Señor Frog's,5/24/2014,oYwfo5u-4GFIcNOBHONfLA,lPm0Ol4TfZreo5aKAc9e9w,1,1
Bars,She by Morton's,5/24/2014,W3-RVLKQEOwpifL5CAdXEw,9Ajvg-cjKCFJGiT-X5zOdQ,1,3
Restaurants,Battista's Hole In the Wall,5/24/2014,l07Pp1OnchN6z80Lm4YK2g,lu1VnSXWJnUlpC5QkxG-bg,1,5
Bars,Hookah Lounge,5/25/2014,hDf2RHz8M7uPvZDdhwUuBQ,3FRzcb41y7LYr5yRMQSoqw,1,5
Bars,Mingo Kitchen & Lounge,5/25/2014,ai1ogPgl73W6YCa9GnjdxA,at-EC76RnWH8gBmQI9kdEg,1,5
Bars,TGI Friday's,5/25/2014,FxSZoEo_YGv0_CTFkK9HlQ,XuIPVICwbNh8HNfoAZ9-7w,1,1
Restaurants,Brio Tuscan Grille,5/25/2014,vph59--79KK3gw-khTeIQg,72OfJeNtVqIqceSGw5v9bw,1,2
Restaurants,Il Fornaio,5/25/2014,0EQvkip3sm1q4dDy9E4jVQ,zoFZkt5PZAAG5dgofFdh4w,1,5
Bars,Kahunaville Island Restaurant,5/26/2014,2dY-TTXh2lSKL0-EVLIo5Q,lH3g0tNoTgmQr8uySaMzhg,1,2
Bars,Carnaval Court Bar & Grill,5/27/2014,1HDiQEg3iRPaq5JjrXzzzQ,4YecsHPmGCVe4n1FC-g87g,1,5
Bars,MVP's Sports Lounge,5/27/2014,8GnknDvgab7EfEK6IqJWLA,el_CdZxrR3hTbMz7QQjD_Q,1,1
Bars,Park on Fremont,5/27/2014,Q_01AgIlL08CbFWlkd7GUQ,4dxlce_Fv9rFCpKR2B1Zig,1,3
Bars,Wolfgang Puck Bar and Grill,5/28/2014,bfIkUT58eW1OSpyQ5CRdUA,g5ONR9JEjK1d2q32rBZTtg,1,2
Restaurants,Encore Beach Club,5/28/2014,gU4tMW-r9OMEnaNywFteOw,nh2S_mVAV2lKDYnFHrXTvQ,1,3
Restaurants,Olive Garden Italian Restaurant,5/28/2014,a1sHWilTC-qTOY9psShBDA,ia1nTRAQEaFWv0cwADeK7g,1,3
Bars,Islands Restaurant,5/29/2014,TWDKXdCTAeLoFXK-2q1zUQ,cH-RV8qS7M5Kg0cENqiU-Q,1,2
Bars,Social House,5/29/2014,6MPvrL6mh8c0B_ZoyhqHQw,DqekGNe2lrLV4UI0V5-gcA,1,3
Bars,Vesper Bar,5/29/2014,DUYZkqWXNaTxHzUHNLyC6Q,6LELDjf-qAFUJ744yH5SjA,1,4
Bars,Morels French Steakhouse & Bistro,5/30/2014,jBYerBRnGP7je5S4aKd9fA,wozl_hwd5nZbiU290C2-Og,1,4
Bars,SUSHISAMBA Las Vegas,5/30/2014,MfN60ICHe1m_MV1JI9Y3Ow,i-9CPXI1_xuPzf2L-2CE4g,1,5
Restaurants,Lupo,5/30/2014,rtNM0orEanBgN5OTOTKg7w,2PWhXG8JQF1T33kuZozyEg,1,5
Restaurants,Nora's Cuisine,5/30/2014,lPOoH2ZAV3p-xo9kTht9iQ,AYlwrgf2Y_WRGP7s-ycjjA,1,5
Restaurants,Nora's Cuisine,5/30/2014,,Z1HUewAmQtestLcgD5ZM6w,1,4
Bars,Artisan Hotel Boutique,5/31/2014,_hY7MQR1FASjItfyLoBpTg,1m4NMW497n61W4OyWvwpiQ,1,1
Bars,El Segundo Sol,5/31/2014,P5oaSpr-DvilWuozBGwEDg,M2VcuI7OYKyDScaGm8wcHg,1,1
Bars,Nacho Daddy,5/31/2014,v_xhN-tB3Qz_dDztkPow1A,1LOitCcUeLjlpb5Q2ZqruA,1,3
Bars,PT's,5/31/2014,O28vsdGSHiSmyiB7vFeo-Q,2l2lRFuHLdyGjAuusqPDag,1,4
Restaurants,Rao's,5/31/2014,TafAEKRc3rb6CCqMW9RJIw,oQyi7nVvHE2_70MKqInY3Q,1,3
Bars,Ghostbar,6/1/2014,1qOfI9aSFzyF6wjoFn8zjg,UTgETd2YktE3BtdXqcIr5A,1,4
Bars,Insert Coins,6/1/2014,YYwdlLU0kDT-YAY4ZEfimA,qt_0_DO-eMhwVouA0DCAhQ,1,4
Bars,Irene's Cocktail Lounge,6/1/2014,O4iIHfz9I0lO5PQlJM1hBw,rBJG8gn7BpBr4YgcND71FQ,1,5
Bars,Minus 5 Ice Lounge,6/1/2014,DQA60yHMY5N8XFZhSMC2Vg,x9V1epO-15hn8Wxx74KBQQ,1,2
Bars,Señor Frog's,6/1/2014,FhlYxldu_2r_9MfY7Yg8Ww,cX_A7SxrwftN2Hyu2DN4lw,1,1
Bars,The Peppermill Restaurant & Fireside Lounge,6/1/2014,y63UX_4PGotcVISVvoGihg,BFEpGx_aato-0K3ffFjxTw,1,4
Restaurants,LAVO Italian Restaurant & Lounge,6/1/2014,D2L0sR7-rggYEUVZED58Lw,mFyhFiLNVqmeXMMNM35bHg,1,4
Restaurants,Margaritaville,6/1/2014,g-Nka2_MWtVdcwvO0ILTxg,m61SjiXAIlOY1qAXOHEk4Q,1,4
Bars,Commonwealth,6/2/2014,Wkgm-hnQgXbDoqWrKl2jdA,GMV92yIb3D6pTcxeAXCHCw,1,3
Restaurants,Rocco's NY Pizza,6/2/2014,5omJickUC18jUe-EKD356Q,RQ0D3XBCFJJ1xm9IoEwHVA,1,3
Restaurants,Trattoria Reggiano,6/2/2014,t3hEk79gB2Zh1Up9YiNBCg,sfensoyNhPYay2O-KEFQWw,1,1
Bars,Velveteen Rabbit,6/3/2014,LxmcHkLTrxENs24I1TohRg,6xrk6A61OWwOtmQAErZTvA,1,5
Restaurants,Margaritaville,6/3/2014,f7-MRm3cyuuXeL0YHvw_3A,esAPLHMKfz6_vsCY97z8Hw,1,5
Restaurants,Rao's,6/3/2014,pzZG95Z0UJHV6jP4Q1tFEQ,ZJdn0U20_4H9Kx0NOE9Yew,1,5
Bars,Public House,6/4/2014,aUobr9Bt_TIdoylMJQRvSQ,_oVM7dZOCV10bDz4x6xN1Q,1,5
Bars,The Peppermill Restaurant & Fireside Lounge,6/4/2014,DO_uIa570o0lRiMtL-zTnA,qqtmFGhyyHc37coT4qJxaw,1,4
Cafes,Sidewalk Cafe,6/4/2014,wtLiwHsnTzrOFutNcR3FUg,iyphs0dukIbp6nGl4-ThyQ,1,1
Bars,Kahunaville Island Restaurant,6/5/2014,W5jyv30ggv6cvYS6vR5cRg,7j4la1Dvs-6C6KK2I1MkZA,1,2
Restaurants,LAVO Italian Restaurant & Lounge,6/6/2014,1JVlVMKvKGS3OCHadX_nzA,_lmMNw0STDLEI1_qEro6Mg,1,4
Restaurants,Rocco's NY Pizza,6/6/2014,p4z3Z_4Rq7vTKyvFQstrLQ,XZgZXmhnWitMW4GEvM79ZQ,1,2
Bars,Artisan Hotel Boutique,6/7/2014,,z0x3HCB290ddz_qIjcPljg,1,1
Bars,Gordon Biersch Brewery Restaurant,6/7/2014,6SuxYIcrYLq47i9y1aBEZw,h6I_195U2R-GNeDRPWPPKA,1,3
Bars,Insert Coins,6/7/2014,CnbByt07Tgyu3hRlYIcIAA,z0x3HCB290ddz_qIjcPljg,1,2
Bars,The Griffin,6/7/2014,SSflq-soH9JlxSFkW6eWXA,z0x3HCB290ddz_qIjcPljg,1,2
Bars,Mr D's Sportsbar & Grill,6/8/2014,A5UW7seBh3rrvbxcwqUU3w,kOjn-ZOkpUknfHw67njRvA,1,5
Bars,Señor Frog's,6/8/2014,_f8INdDrNwoofiw9Bx09Eg,O4XAjranoY3N9G0pYfMmWQ,1,1
Restaurants,Trattoria Reggiano,6/8/2014,6sWePPfJBp0XyDd93_2okg,N-qjZpb2I2203Jheq1-ZMA,1,2
Bars,McMullan's Irish Pub,6/9/2014,-6Dm5u0jmMhUB5DHsd3yTA,HRAWsP-MJiCtcDGD93XtzQ,1,5
Cafes,The Little Kitchen Cafe,6/9/2014,CfG0rQzs1qrNfCH3dBdWFQ,finEh-TBPFmChgRZfYADaw,1,3
Restaurants,Olive Garden Italian Restaurant,6/9/2014,BU0SkW-OVmGnoPWM4WvObA,2b_SutwqWOfGI10YlyJusg,1,5
Bars,Charcoal Room,6/10/2014,x62FFUO6nb21s1A6x6oMdA,XwJ0iQhFADzmanUABWd6Zg,1,4
Restaurants,Encore Beach Club,6/10/2014,oXgdqQvppjBjL2fg5gVkDA,_h0jIu76wyUnLPLIpVJIsQ,1,5
Restaurants,Mizumi,6/10/2014,P1pQ8LjItab96yCCRZKvWQ,aH1e6fOxUxCPL2EBInvAHw,1,2
Restaurants,Nove Italiano,6/10/2014,w5871s0PY5h5qnx8Y3s5yg,-8a-CyfgEySzQMozNAbYpg,1,1
Bars,MIX,6/11/2014,7RzaMzN_GhO19aImC8UmPg,VyqA39s9heIl3LN16ONTWQ,1,5
Bars,The Peppermill Restaurant & Fireside Lounge,6/11/2014,Dm_XEfbS_JvR4yT6Xnp7Dg,c5OCr16XtLVKqGGk7D8D5Q,1,4
Bars,The Peppermill Restaurant & Fireside Lounge,6/11/2014,dkMwC_tYND4AIOx6IEGFKg,pVdtP3LiP2y79e9cKlWJZA,1,5
Bars,The Sporting House Bar & Grill,6/11/2014,xPg2U0CDPh3DR2M43AgPew,UqUw4nvQWegODv2KorV0yw,1,4
Restaurants,B&B Ristorante,6/12/2014,Ql7xIscm2BmTe6wNn6RY7g,msx2i7UkU1ZkK4GVzo7BAA,1,2
Restaurants,Canaletto,6/12/2014,DicHFS77B7a0OQ8ipPc6nQ,H4X-UsSBUV1ubWkL8LUN7A,1,4
Bars,Moon Nightclub,6/13/2014,4ujAe0CwZrf7HGq744TWxQ,M9e2TfBqJN_uW-Dc4HmIIA,1,4
Restaurants,Maggiano's Little Italy,6/13/2014,,jdJkPQRb1ma0_yJzbpqQrA,1,5
Bars,Kahunaville Island Restaurant,6/14/2014,9nRgXYyRvB3Vdgq-MNSnXw,cCwVaq3EKnWHpZbviL82cw,1,1
Bars,She by Morton's,6/14/2014,wPSj4ACyjpUyXVVuF4chcg,nKYmNeb-vfReXaXlB7747Q,1,5
Bars,SUSHISAMBA Las Vegas,6/14/2014,bUZ-odWBbWSbFV1e07usdg,cRydTMEkoTuxmuQUONZD0g,1,5
Bars,Vesper Bar,6/14/2014,,0EOUIQs63D0rF_5xfU9LAw,1,2
Restaurants,Allegro,6/14/2014,,dd-CDcwSqeMeheTQZ3mY5Q,1,4
Restaurants,Cafe Derbi,6/14/2014,BFZPub6CcxUf6FoI332U5Q,ommQ_F7kQ-FVyS4QMDDf0w,1,3
Bars,Velveteen Rabbit,6/15/2014,Tn3hnJatL2qp8ZQB1wlYRg,EjhVxYFeMUYimoImjMduzQ,1,5
Bars,Señor Frog's,6/16/2014,UpNo6PmmeZP3QHnHaOIE2A,xrEc4eX2keS9hAmRj2U3aw,1,2
Bars,Charlies  Lakeside Restaurant & Lounge,6/17/2014,O8lX12rqJceFD3Ctd65kiw,RiIyHpeC5kThnIU1gt8y5w,1,3
Bars,CUT,6/17/2014,v0wJetg8kkyzstYCeX6-dw,3m0zryZ_q5hswNjQEHDxcw,1,2
Bars,Insert Coins,6/17/2014,f1zOvaRV5HcB2i82N_CRhQ,nEYPahVwXGD2Pjvgkm7QqQ,1,4
Restaurants,Scarpetta,6/17/2014,T7bNrr9W1f_fCPyGf8XSuQ,o-O6LMZE3zf0ZOQ9RE9pIA,1,3
Bars,Don't Tell Mama,6/18/2014,W03m-T2e73wA78iPsIriSA,nEYPahVwXGD2Pjvgkm7QqQ,1,4
Restaurants,La Piazza,6/19/2014,2JR8Xd5O3oHpqakP5HJCvg,1wSDrzQAOg9RNsZFJ2UNuQ,1,4
Restaurants,Nove Italiano,6/19/2014,AbreAR5HSfbEWkdoRWk0OA,ywZppa6-4ryXFAotv8Y_ow,1,4
Bars,MIX,6/20/2014,p4A1N7vSrObqqoeLgI3FPw,DvTngU-yo8IE2BgecCGhaA,1,4
Bars,Morels French Steakhouse & Bistro,6/20/2014,fJhgUySGFCe9HDs5HlobfQ,KWXpzWvS7UuOpIEDajclkw,1,5
Bars,Park on Fremont,6/20/2014,MPXTYckWOmwbR0VRcf6hxg,xR7T-HpPJRFBh-wO0c3XMQ,1,3
Restaurants,Battista's Hole In the Wall,6/20/2014,QH--f92GzH2xFJ-R3ijVjw,zFJLMQK6y8tvSjJQhxhBaA,1,3
Restaurants,Blueberry Hill Family Restaurant,6/21/2014,5AFTJvZ7fEM07gzMPTPtkw,xR7T-HpPJRFBh-wO0c3XMQ,1,5
Cafes,The Bagel Cafe,6/22/2014,rlS7_SI3j64HsO9pJ3M46Q,NI1sr8aykcWo6sEkLJUpmA,1,4
Bars,Rehab,6/23/2014,CUtM8Y4tENeifkCNare0Qw,_IS-Dtm5K2ctH3wJxd1ogQ,1,4
Bars,Azuza Hookah Lounge & Cafe,6/24/2014,Yg-53a0_R2YY_H5iszA9ag,w4plrMqEYJCpkwoERynRxg,1,5
Restaurants,Lupo,6/24/2014,cTpYd7mh3EudTW5kvG0yCg,8kf9Tdmsj-aLAk2BbgVO0A,1,4
Bars,Ghostbar,6/25/2014,fqj8jBjfxCKYV16Tz5I4yw,fNkFpbbnYgczP3KZ1PIQOQ,1,3
Bars,Velveteen Rabbit,6/25/2014,k_i1ZEcQy7Hf-HnXQivLEQ,RYzyTUtiuNkW8S0KWicEKg,1,5
Bars,View Bar,6/25/2014,KoRQx55vniA-Xf74kD-F_g,Rpvwrz1TY621bDsNKEXK3A,1,4
Bars,Moon Nightclub,6/27/2014,Lesrj5u6Oy9dB6skQxB8nA,cYabIDZF42VTcNlU3Qk_xA,1,4
Bars,Sierra Gold,6/27/2014,YIpxSsTqJRKG2BkGoDlgQQ,xrEc4eX2keS9hAmRj2U3aw,1,4
Bars,SUSHISAMBA Las Vegas,6/27/2014,nTHECfLFbkaDKdns_WjMOA,2tYxHMN4H90JN59HAm8AFA,1,5
Bars,VooDoo Rooftop Nightclub,6/27/2014,OlFRSQ21DG3MpHRD6zjqUw,cYabIDZF42VTcNlU3Qk_xA,1,3
Restaurants,Olive Garden Italian Restaurant,6/27/2014,X-yRi7Ki83EC0_q87flv9Q,9uaXGnqYUvll_Z7ZyWN-gw,1,2
Bars,Park on Fremont,6/28/2014,dIUaNRZcs0mDveKR4H23IQ,8pX0LX37TTnyhLtB_oPIcw,1,2
Bars,Wolfgang Puck Bar and Grill,6/28/2014,Hdr2cSqQX-XA5JvX_6EEXw,Zpia8mprcLxlFbAwm1p9wA,1,5
Restaurants,Valentino,6/28/2014,fPiOwlC4SVioqaOWcabdNA,_G6p8H6fhEaldwkKArcF8g,1,4
Bars,Commonwealth,6/29/2014,WP8aWE1fb0wPPY7TIZBGbA,vfzgWIKUdrtYi5GqZribjA,1,1
Bars,Commonwealth,6/30/2014,0aru_pjE15y5drQvXQTNtQ,ASX9lr2HAcFkx53-7CoUIA,1,1
Bars,Park on Fremont,6/30/2014,JCp96sbozSg70vWlajf65Q,MWlXsotx1HW-3iXMLu0zaw,1,4
Bars,The Chandelier,6/30/2014,zB6hdbfUuBXb7_pfMNvboA,7h7IlYzn2j2b7AH-801EtQ,1,5
Restaurants,Capo's Italian Cuisine,6/30/2014,Ug_MmXATVRrWOAbWF-YbeA,9hAxvoUVMD4IZWNEb-BuAg,1,2
Restaurants,Rao's,6/30/2014,Atu307fcdThg6H97dXE_Rg,0lNe8Wf5LEOJiHPkRQfvmg,1,3
Restaurants,Trattoria Nakamura-Ya,6/30/2014,BOqeLTCe0EXgnzG4W9IY3w,L8r9LxrjGrVC91jzIQajLg,1,5
Bars,Torrey Pines Pub,7/1/2014,DY2qzFkH7GxheOS7Hwbe1A,l_bqE4XlNEIEN_qBypAimA,1,4
Restaurants,LAVO Italian Restaurant & Lounge,7/1/2014,ApWXeRe5tdi9xpf3WN7jyw,Kjr5KLIxW2yfF8f2M0kGmg,1,5
Bars,Artisan Hotel Boutique,7/2/2014,k8bITNsJIL2lYZ2WBWrT-g,j5-od5rChq-xi0LcpwcnxQ,1,4
Bars,The Chandelier,7/2/2014,eXALjUpJvELOqMSoiMmNeg,xHzDgS7wjda4a67mwVayyQ,1,5
Bars,The Chandelier,7/2/2014,qsveTE4TiRd6XzhKH0Fxsw,Y-YfCdX4hjXnk9en2rZ66w,1,4
Bars,V Bar,7/2/2014,xsn36p6_ULOJk3K73f6ckw,9T3tTaF2JzngYr1ePJ_3Hw,1,4
Restaurants,Brio Tuscan Grille,7/2/2014,OtNGP16ezrwxhMLdSY6BBA,4KUR1y4gzW0qBnkELI-FnQ,1,1
Restaurants,Casa Di Amore,7/2/2014,NaTIlXuWQWAPqjfl6I-oAQ,XIFZOt3lRIstWeF-nDgusA,1,4
Restaurants,Gina's Bistro,7/2/2014,5laIvJKIs8p3IeCqqbX-jw,38JK-SfO9NkAGs1RwlH2Gw,1,3
Bars,Lagasse's Stadium,7/3/2014,DWSuh2f_dRlNHU_oylbQtw,qD3NuhE0HAbz4vHNaC7Pbg,1,4
Bars,Level 107 Lounge,7/3/2014,inFyryp2ZAPyddhgbxg_AA,X7CKffBsc3Q_RXwHXXv7VA,1,4
Bars,The Chandelier,7/3/2014,yslbw2d1zgswinKSy-ZX6w,vyfsQo-estP8EfiIFMsL6g,1,5
Restaurants,Bonanno's New York Pizzeria Restaurant & Bar,7/3/2014,1GpEr9yzAZHXGwvPH9cG-g,pC3ikWsrBxb_cffsVQmfVA,1,5
Restaurants,Encore Beach Club,7/4/2014,pFUsox9VYlAQQmS2hSehGA,TwPUwungfYh6vjjA7XTYww,1,5
Bars,Buffalo Wild Wings,7/5/2014,IpP8WAnaH89K1VX2VYhUyw,n0GH-IAovki1Zm6bA2fCrg,1,4
Bars,Gold Spike,7/5/2014,SkY48T40Z_jJNPFpwr0jew,rCCcGBmZgT0Qc3m7wghMkA,1,5
Bars,Kahunaville Island Restaurant,7/5/2014,7ztHCLBiWOtcC2SnYr86XQ,H4bnAk59kAOX7n_jgEZjBw,1,4
Bars,Nacho Daddy,7/5/2014,1k2J9J4cqjIhBWqyhvVqwg,DjBEzyzB6hIi9WSrd13Cxw,1,2
Restaurants,Olive Garden Italian Restaurant,7/5/2014,fijFX37ECUwayyounEPzdA,Wah-GzGtbA6OeCGiJHjDVQ,1,2
Restaurants,Buca di Beppo,7/6/2014,WXo8XiAV3h_q6hrjWcYM5w,4-qhirSe_gSrwQXh5ITR0A,1,4
Bars,BJ's Cocktail Lounge,7/7/2014,7-4myfiDeh-ZlhtPeJ_TMA,a0eU2dOWqCC4WdfhHOeZFg,1,5
Bars,Islands Restaurant,7/7/2014,YAnkVSugwDsG1CfZ7jJCKg,konqZqzre8_5YGOVjdpksw,1,3
Bars,Social House,7/7/2014,K0eJqI8NyaF82B-8dzOHxA,ajUjO8bpASnKaHW__AntxA,1,2
Bars,SUSHISAMBA Las Vegas,7/7/2014,Sn7bdqZBnzoUNH5T3pSYfw,221Qkso7wkQmSdWX4TX-7g,1,5
Restaurants,Don Vito's,7/7/2014,Ua7OFT_-D0hGKKjit_WAoQ,7gf2A9g3kkK9TC_SJJeIUQ,1,4
Restaurants,Lakeside,7/7/2014,5FR4h8m3Od9SsKj3MD-GgQ,8W1fiLmFaH2mDpOV00oKfQ,1,4
Bars,Gordon Biersch Brewery Restaurant,7/8/2014,nxl8Bq4j_gmp3oAZcQwHNw,hZFVyXn6hp4HLm_waQZJpQ,1,1
Bars,The Chandelier,7/8/2014,Vyt26B0y17HLnRNou589rg,5sUijKpJoXtxoFNmf7u7Sw,1,5
Restaurants,Rao's,7/8/2014,O0v6wvpCBzNXTX_6-IYwLA,cBpOeCfqBNBeXQ727bX0fQ,1,2
Bars,Bailey's Sports Bar & Eatery,7/9/2014,pHX3C27LVK_EJbUN3eMfkw,mPItIGitjluegX8frTy0xg,1,4
Bars,Parasol Up / Parasol Down,7/9/2014,5C1YWfOhMKTzMvlMzSrCyg,LDhmnaDngp70nVSCHKaNnQ,1,4
Bars,Parasol Up / Parasol Down,7/9/2014,hIR9e34FQOzZOLIKal3Drg,uDVrgAX94cg2qndTSxsRqA,1,5
Bars,Señor Frog's,7/9/2014,V1NXZiMx-EbuYuVXvtlDdQ,CvQeDW7lIMBNognTnJ7Rcg,1,4
Restaurants,Trattoria Nakamura-Ya,7/9/2014,hbYQmA_T732u7h91pCNn8Q,YQi2UYiAfR1F3oywWY9XMg,1,5
Bars,Dom DeMarco's Pizzeria & Bar,7/10/2014,snoVC_4bc6TCR4ZHJrC8tA,F9m-DVdrqk6lbKL-MXV0Ew,1,5
Bars,Escape Lounge,7/10/2014,H1Kil0FU9MU-QwKaskjbrA,Qd0h8ZdMCXDyxmgcU8MKPA,1,3
Bars,The Peppermill Restaurant & Fireside Lounge,7/10/2014,Lmj4kYDmaunXt4Qb2QZhAQ,EZinQK9ziesO6TktLizdxg,1,5
Cafes,The Little Kitchen Cafe,7/10/2014,IIjHnNvFTQb-VwzfVI-odQ,L3HzhS-yhfu8Ly-WDi5HrA,1,2
Restaurants,B&B Ristorante,7/10/2014,Ccij_T39WtbJiipJlcbOzw,W-ny3ASzaILKQWP9MI2UEQ,1,4
Restaurants,D.O.C.G. Enoteca,7/10/2014,UqwNXlVAO3zrmzb4SCCWiw,JwqqJ7MXFGt9lTBOk1WPXA,1,2
Bars,Dom DeMarco's Pizzeria & Bar,7/11/2014,dN7PGFVcH4K8DMjpe_UL8A,7HF4LQG3UXlky-rj-CVzGw,1,2
Bars,Las Vegas Country Saloon,7/11/2014,YMAk55S51J0b1La7d61uSw,kJeXDRBmigzDceeJ-qGuAg,1,4
Bars,Piranha Nightclub,7/11/2014,npfogoD_GulamqAatEnC8A,a3D11bMsWs9bXZcejYnZaw,1,3
Restaurants,Giovanni's,7/11/2014,dU095IQ2J8ovp2AdTyQDvA,UU3IwnCeQgDL6ytnsXGqSg,1,5
Restaurants,Maggiano's Little Italy,7/11/2014,PNu93dyVJViO8cZ511l_ag,E3T6PcVq4VP6U1pn5rdjrQ,1,1
Restaurants,Olive Garden Italian Restaurant,7/11/2014,QE5mippH-kcGqXLYRjfUuA,lkYA8Lj-WPQnwcX27aPU0A,1,5
Restaurants,Rosati's,7/11/2014,_zr1hZJJOHBnvKOy2vWwEg,wOWztTvjFaLiw-1cfa7cnw,1,4
Bars,Evening Call,7/14/2014,JCqQEOjgHfe3CeqHlOrrig,aHqzTPvHnspH9poKE1pqEQ,1,4
Bars,Mingo Kitchen & Lounge,7/14/2014,bj06GVWtlcUsDeOQWX5Rog,1pgaSUIEFHv6xLAE8yd_Tw,1,5
Bars,Parasol Up / Parasol Down,7/14/2014,mISidcO-U6lKAv995yJJcg,sbvSyNtI7Sgp7k4qzf2reg,1,4
Bars,Sapphire Pool & Dayclub,7/14/2014,NWz5fvUs0ASfUbwmT2tVWw,huKYBfeFtYCOWs4I-GESSw,1,5
Bars,SUSHISAMBA Las Vegas,7/14/2014,NeTfRXC7mz5iLdtJiQWnrQ,RphAj83X0BP1d6C3GMAjCQ,1,5
Cafes,Sao Paulo,7/14/2014,Pt62ztMePM62WxNmUXjcNw,R3PMV_fkX2zmwwEnFbUK5w,1,1
Restaurants,B&B Ristorante,7/14/2014,f-5_Tuv1_5TGONNVS9xHsQ,nvFlYipcFcTptrYLEuImiA,1,5
Restaurants,Martorano's,7/14/2014,X6kTk8B4tOp2KXl292g0_Q,R3PMV_fkX2zmwwEnFbUK5w,1,4
Bars,The Peppermill Restaurant & Fireside Lounge,7/15/2014,J7tyQGjwj6dLCGwGosWTwg,j6sa_tDEYqesLC0W8clR-Q,1,5
Cafes,The Bagel Cafe,7/15/2014,AsHqC4IhJHKcu7wJEBLSCg,N3VIBHJjd37XZI2DksKklw,1,2
Bars,SUSHISAMBA Las Vegas,7/16/2014,fg36-fGoE3ozNt_1AL2xng,tBAd_C7BjV2WMAhx2az4tQ,1,5
Restaurants,Encore Beach Club,7/16/2014,LyainxDMExE2NPTqwblwjg,pkCUdnb8gEtyAtV-tHy9tQ,1,5
Restaurants,Margaritaville,7/16/2014,oUon8Slz_LWxcELnBoqM8A,KWrKHaLM2Q8OVeJAs88eow,1,4
Bars,Morels French Steakhouse & Bistro,7/17/2014,gBSEaizWc43qnizAWZIckQ,6R-Rsw6-gdSHPuM_3mYt9A,1,2
Bars,Morels French Steakhouse & Bistro,7/17/2014,iEdlqs5Si3yhgRAZH4wptg,9TwU86jtqWVxLhXCXU4uRw,1,2
Restaurants,Giovanni's,7/17/2014,ZfbatiXI4CRJPU5ybdBBLQ,LeEKU-Rh-BBcpeRpqmjo1g,1,4
Bars,Chili's Grill & Bar,7/18/2014,dZCSLnCa5Ge_Oqpa9Hdifw,gUMrzRQiMGfODJuX9gyRqQ,1,5
Restaurants,Buca di Beppo,7/18/2014,EHvefbtmZbZSeR2LqK0tTA,LtbgQGnMtA4sHYlaDjYRIQ,1,2
Restaurants,Carmine's,7/18/2014,ISqiAaJSGgeMTIlAOJSTSg,v0n0iA1ceooEFg6-mc04RA,1,5
Restaurants,Sicily's Pizza,7/18/2014,wwPAzDp8dtOxUq1BMWgDNg,J_zjm7GP97uINrlyoHrLvA,1,2
Bars,Nacho Daddy,7/19/2014,0hQcYYUNRp7SHS5Iqjcd2Q,K681W6O9-9QW01k8MYM8aA,1,5
Bars,Seahorse Lounge,7/19/2014,Vqx1twFtyCoHH67_A-fz4g,NeSzldb0nKPlBPLM2l14fw,1,5
Bars,Velveteen Rabbit,7/20/2014,zuo4vjbY6D6LLuv47xCEHw,PJyflerxv0CSuEgNWDqK5w,1,5
Bars,V Bar,7/21/2014,_hSdt1Q_lOD12GPQMHgsZA,3Ato14rc8Go4-X81E8UQXA,1,4
Restaurants,Battista's Hole In the Wall,7/21/2014,2KVChSm_OIVrZbfbLUxkvg,dsoBoQU3oxbdiZX6Z3kzqw,1,4
Bars,CUT,7/22/2014,JPQ53wW9kOA3AGcAzeW4TA,CDUCkJXu4e7Xb7lJRvu3oQ,1,4
Bars,Las Vegas Hookah,7/22/2014,xp2Fe65j4Vt6kahGSHQklA,TuaXB0lc2-bMoqOV4_xoHA,1,5
Bars,Señor Frog's,7/22/2014,IjyXEaDQdBM4RcD8qaQzVQ,Vi77s0AS-cIzPoBq5AbEaQ,1,2
Bars,Park on Fremont,7/23/2014,5a0dQ16iiJaeSuYuPzQG0g,vWDRqABcXiKageWH2XNYbA,1,4
Restaurants,Mizumi,7/23/2014,K3enS-RQWsBrDaUUc4WaFw,VDfuG2T8Q5s7ECxk29_Y0w,1,5
Bars,The Peppermill Restaurant & Fireside Lounge,7/24/2014,vKFNcRHx4lOabDWFlCx47Q,9EJsjewYe9DzsfqxoZCnzw,1,4
Restaurants,Buca di Beppo,7/24/2014,j45bISANDgi-iJpy8DRUCw,IW6_XIYjPuXoptwKkE429w,1,4
Bars,CUT,7/25/2014,HRRg_riCR7111iNrBTAoFw,YWKDZSxL0IUFI8lcqWUZhA,1,5
Bars,Dom DeMarco's Pizzeria & Bar,7/25/2014,S1zNv77PwQcaAxbAbl9FeQ,LtbgQGnMtA4sHYlaDjYRIQ,1,4
Bars,The Lounge,7/25/2014,3_me3PckM873IIJYNKuJeQ,sqgvPaVrZUqily4fLyBxhQ,1,4
Cafes,Fresh Mama,7/25/2014,uNopHyJ64krnDOlqDCYPlA,ype-_2W-iyqbZi_13wuBCQ,1,5
Restaurants,Margaritaville,7/25/2014,Yuu1ocE6yCm1WWTBvuE77g,gWGyXWZ8cCLknf74VNDi-g,1,3
Restaurants,Wing Lei,7/25/2014,iKf3EaJemCLII-dYapTckA,4dgKvuqXazqbOuKTy7IFRw,1,5
Restaurants,Wolfgang Puck Pizzeria & Cucina,7/25/2014,IYKkLs5icGovTBlNWV7gXQ,Yhlx0ob3UDz2PcJRat2QgQ,1,4
Bars,Commonwealth,7/27/2014,0tNO6KdJoKrYNFDsqKvHXw,Y0s7PQ9O2odzxj-UXc5vZg,1,5
Bars,MIX,7/27/2014,W_n86gWa2TmKB3vxqZovoQ,11te2cl_t7SLtcHkk4tNpA,1,5
Bars,Señor Frog's,7/27/2014,uANG6gX20LyK1pQPNgQ0pg,dErqneLCs33U2gE4DGzsLA,1,1
Bars,The Chandelier,7/27/2014,VDY5sOQejfVezQmzWRdSNA,W-G2T3_Ro9LeLLCWrMOcVQ,1,5
Bars,Diablo's Cantina,7/28/2014,RK5hHquj7iB6S7P2gaL7Uw,TmLS05dlNMccfjaei3Y4IA,1,5
Restaurants,Otto Enoteca Pizzeria,7/28/2014,SG6B3yOfE-Op_GdAr-GSvw,6PbjXuKOBGDe58rE85bl_g,1,5
Bars,CUT,7/29/2014,q0jUgTJ1s-RmZkeu6v5l5w,nkXCQ3Q_5Wyh9MWjZg0t1A,1,3
Bars,Gold Spike,7/29/2014,ldOiT2rcZa3UcfEi-Kxp6w,A8iA0Qzbf8UdTJc1p1KC9A,1,2
Bars,VooDoo Rooftop Nightclub,7/29/2014,phQhZFnmX0T_CNrXhFcvWw,bQFc-XPADLUDLEEtSmnDwQ,1,4
Restaurants,Encore Beach Club,7/30/2014,yUBT-o-ZxtiqhzKiVHcMag,b3fQvobpR78W5RtqBPh-Fw,1,5
Restaurants,Country Club,7/31/2014,HsxEV2ZBvI_FbCXarSjP-Q,ADZrlkwGyw9-zViDFVlykQ,1,5
Restaurants,Nove Italiano,7/31/2014,5S3Pjq-4xYCaSU39DFOaew,EP2rKr6NsXal0Yy7lzm9sw,1,5
Bars,Noreen's Cocktail Lounge,8/1/2014,twLcSBWkLGugO9h7ukOXDg,LXO_6Hvfo1OamhovkeM1Gg,1,5
Bars,Social House,8/1/2014,ih5ffUzIYAXJ2mhVHuKl1w,XHkzCzmIAB3DnjQO7v6jww,1,2
Restaurants,LAVO Italian Restaurant & Lounge,8/1/2014,TVyrYA-KLa8C_VWKgNkhQg,9fl3mByI6ubdlZnJ0q5Xfw,1,4
Restaurants,Rocco's NY Pizza,8/1/2014,MIlm5a-f_qPYcq-kEfIiDg,5mHPtvzOpfT_FUp6F-AJKw,1,1
Bars,Sammy's Beach Bar & Grill,8/2/2014,aI7zXVK-5RHklM9zstM0Rg,cmI_QuaI2eWfigoliANTnw,1,1
Bars,Señor Frog's,8/2/2014,2_N9HfZSN_Ub0OmRGIQs7A,Gll5xT6Gc-TpxI31k4H0rA,1,2
Restaurants,Parma By Chef Marc,8/3/2014,KxcIisn8WCXfvNq5MU-88g,_qTgkYeCsx4SnqK5iMm4vA,1,3
Bars,Aces & Ales,8/4/2014,YIYbIgtX6ljUjqq0Cj854w,eAhan1UoNmby59d4HOPjLw,1,2
Bars,Blondies Sports Bar & Grill,8/4/2014,NUbVL2hU5B9SRyJ5WpFkSw,T-MHnXGtvd8znjgde-M4KQ,1,3
Restaurants,Margaritaville,8/4/2014,VtCH0F1AVj6fq8F2TO4eOg,80R5v8Bq6Sjev20U1wr2fw,1,3
Bars,Commonwealth,8/5/2014,mZsDFLaLi-R7plsU8CLhig,ChgmBht69bnqSdDxpWMAqQ,1,4
Restaurants,D.O.C.G. Enoteca,8/6/2014,h1WywgSPnl1HQ3grvj5gnA,fkAVN6osmYSs8jRnoXvgPA,1,4
Bars,Hyde Bellagio,8/7/2014,AfriHD67Y2ezZ_YAxVUi0g,DqekGNe2lrLV4UI0V5-gcA,1,5
Bars,Moon Nightclub,8/7/2014,f63eDUZF2AJIYV7Nh3DD9A,mcgWNSRKHYIJO9Z3m78Cow,1,1
Restaurants,Battista's Hole In the Wall,8/7/2014,p5RbusZNTrUcEX_hrVacrQ,4JRp2qXXIchzx7bLcxye5w,1,5
Restaurants,Carmine's,8/7/2014,ucEQRW7UGS1TgFgbpc8daw,FwefqI7Ogsg5HYrEiKnf1g,1,1
Restaurants,Encore Beach Club,8/7/2014,Vbopxlk-Y5N-d2txMg_Scg,lFDQK7GV59YScKEYixl4Vw,1,5
Bars,Lily,8/8/2014,ppSUvxxteAMP0Y6DaIi_og,jemU670S18OixKSf4XMoIA,1,4
Bars,Tequila Bar and Grill,8/8/2014,sfg01LIUhgxRWTP_SueSvg,jd3bfkvfnFyQjQaDA7loUw,1,3
Restaurants,Circo,8/8/2014,Q-ZirQYWWbsPEaBi4_c9zA,roQ07x_sjBewfq2enRN1Wg,1,4
Bars,Andrea's,8/9/2014,,nMsoQU1QeBv91AtuA05ATA,1,5
Bars,Ghostbar,8/9/2014,OYRuo4-wZMoxWPmUXGZv7g,rMGnHMGBTTtrzHKrbd7NSg,1,4
Bars,MIX,8/9/2014,c_knK-u0doqT5tTXKwQluQ,7xassrQMAxrJh3SJNOpR9w,1,4
Bars,Wolfgang Puck Bar and Grill,8/10/2014,hmBqVI4fYyqlGjz2ZzmsOg,mhrDDrS6LJpXJykFEuQ-RA,1,4
Bars,Public House,8/11/2014,9bjXLDCEVuDaMRMtPkZAsA,mjAOtfKO_XkPMfe7uFSU6w,1,4
Bars,Koi Lounge,8/12/2014,,wb3sYzgsoBCgTh3P8p3fBw,1,1
Bars,Level 107 Lounge,8/12/2014,KPyqYurO_fNG8eIDoCPKqQ,BB9CMm49UHLdM4mAVpK-3w,1,5
Restaurants,Amore Taste of Chicago,8/12/2014,hP90eoaVQDE2rHc_f_HwUA,pkWbdoz9lB3s0tgH5TxCjg,1,5
Restaurants,Drugstore Café,8/12/2014,4XT6eceRFoTLofCuZL5-1A,eelWS7zIYMM7ci7dEd7MCg,1,5
Bars,Embers,8/13/2014,neY6j4zWyj2gFYNdvjN9Dw,FNWMJm61AHt1853p5XHLlQ,1,4
Bars,Park on Fremont,8/13/2014,uwLxcTCuxczaVsvxVaAcQQ,YGwyUMfobpUkURgPZ1-kow,1,4
Bars,Rehab,8/13/2014,kYKmC4fVzRhFVBIUkAe90A,7heZdoh26Md38aqhLTUqwg,1,1
Bars,Rhumbar,8/13/2014,K11ffd_uQCEgbRXLFzh3KA,KYAz6bBfYmfpakkKRbLWjA,1,5
Bars,Twin Peaks,8/13/2014,kT6qlkkVdHH8pJ6Ql0UlAQ,LD3FyVR5YsJ20fm9JndoNA,1,1
Restaurants,Capo's Italian Cuisine,8/13/2014,hsqgfzec7u6wumF-KVkCwA,UsaXfnwJuepKYxLvgtSK2w,1,5
Bars,Chili's Grill & Bar,8/14/2014,brYT1tTAITAY_mQktGtE2A,0q-mOTd9VM2-rWL0GVY5lg,1,4
Restaurants,The Bootlegger Bistro,8/14/2014,lpA56DGSy8Wivd_p-nlH3w,vI7wZxTprpMl2fj_IHU3iQ,1,4
Bars,Andrea's,8/15/2014,lRfFd6noC3-9k3Ue7sqkdw,IuX_Y6DsYhulobzG7mCHCA,1,4
Bars,Blue Ox Central,8/15/2014,sO1zuF8NuEomDvq3Lug0Hw,NxnZYkszWlH1GNEGv0ZSjg,1,1
Bars,Bjs Cocktail Lounge Decatur,8/16/2014,e-zgZ0CuZD0Txb3iNB6pCA,a5tcpKx2-ULajLpGXWRCNw,1,5
Bars,I-Bar,8/16/2014,6cO4s6DNVhhd9Je4AiOjKQ,4VL4atzX4gUiOF45uuPydA,1,3
Bars,Señor Frog's,8/16/2014,f7cNG-Su-xkjAjh4kdgt6g,na16qipXbndG41Sru0r7nA,1,3
Restaurants,Scarpetta,8/16/2014,ERLPHV3so0AeLePdSy0gKw,EmvmrK6UG3LBpW-j1OGb-Q,1,5
Cafes,The Little Kitchen Cafe,8/17/2014,XiLi2SdQC08bd0WiBO5OFg,_AimcOI9FYvH6nykcJcrpQ,1,5
Restaurants,Maggiano's Little Italy,8/17/2014,lAXn1M45yVv8VE7hkwgjTA,09k87yNhodGSZlG2NoPW5A,1,1
Bars,Azuza Hookah Lounge & Cafe,8/18/2014,QNaAm0KPsSUdZ77tW_zDxg,1kTRzmuGwqRO0UCOkIe07w,1,5
Restaurants,Margaritaville,8/18/2014,_mAHWmIXL3mrcywFffzGGw,g3QN_SFtvDbP3hoeW2H2Xw,1,5
Bars,Don't Tell Mama,8/19/2014,UUb3w5nJMOV4HZxH13vQ4Q,yMEO4fsNxLpuFsZI3vGjPQ,1,5
Bars,Ichabod's Lounge,8/19/2014,uq59Sy09Vrc2XovacCHRQg,GQUiNdpoNZBGE1XohDLLlw,1,3
Bars,Islands Restaurant,8/19/2014,qFS3mBg6rXcqbEfpyMLvGQ,EaVmK7PPnV5TAEvB_tg-sw,1,5
Bars,The Peppermill Restaurant & Fireside Lounge,8/19/2014,jke48xSVIJnMRvMVgxRzog,t0VePmeeHu_sbz-zEH3btw,1,5
Restaurants,Bartolotta Ristorante di Mare,8/19/2014,RvOAoHw_K_jfIOmG76ZsWA,xoB-K8RQqSCOTjip-P-Mtw,1,4
Restaurants,Buca di Beppo,8/19/2014,K0Zfx2Oj_DvKCRrOK9j0Nw,w4mmlm3EnCWi27ws0ePEow,1,5
Restaurants,Lakeside,8/19/2014,jeXrsasl21EeaUzu5XEFfQ,GFjMNdWIsUviP4VYmchVrQ,1,4
Restaurants,Mac Shack Spring Valley,8/19/2014,360J1ZY6t1J4gRVcWItSog,oXSxJffJsLwVUTz20BIzOw,1,5
Restaurants,Terra Rossa,8/19/2014,ITzaO0x1rlUCrLthakYaFA,EaVmK7PPnV5TAEvB_tg-sw,1,4
Bars,Diablo's Cantina,8/20/2014,ToNwQIDIw4B4EqTFVyNdRg,WNQRqVq5JOLYU2RXEY5LHA,1,4
Bars,Ghostbar,8/20/2014,GQV8nqcWdffBw99IZmxlfA,0eyIOlqWroCu94oRhjQ3uA,1,2
Bars,Slice of Vegas,8/20/2014,RE-cEzpEJx9s6eU6r-KsFw,VCYa7h_iQ4Sum-cu1f0u5Q,1,5
Bars,SUSHISAMBA Las Vegas,8/20/2014,6NErICyMWWKtzaogs7h1Fw,yvOVu-eH_NdpZpH1TTEoUQ,1,3
Restaurants,Don Antonio's Pizzeria,8/20/2014,_TRC3SegiZ6YwxA4camDqA,5EXB_bCYUk2zmeL3sLZc1Q,1,4
Restaurants,La Piazza,8/20/2014,AYYzZL1NV46jbgpZIOFk2A,uEuMQe0hfS_U2KEbX95GWg,1,5
Restaurants,Olive Garden Italian Restaurant,8/20/2014,HnGpi6vd8MSQNlDvwxoIGQ,sqbx0hemn5BqkaUbXD-szg,1,2
Restaurants,Scarpetta,8/20/2014,CKpv1nCmJJLde2AVDekQrQ,DU-mf_mdeHRW_ciP1iy1Mw,1,5
Bars,Frankie's Tiki Room,8/21/2014,DYz4HJLwoCxR1svWKNUS_Q,ptmGOK6UlrFuZmb3vNt7KA,1,5
Restaurants,Circo,8/21/2014,H8MJqI9Od3yQDDv0b2xnQQ,tqCNyWZ_8z6XSg7wwUZN7g,1,3
Restaurants,Olive Garden Italian Restaurant,8/21/2014,unNviRE5keBYS90Muwd8nA,AlkZ6hhB9rcm504vjI1mNw,1,4
Restaurants,Olive Garden Italian Restaurant,8/21/2014,K_wur3kyG7JsxZSIYr7ONQ,lvF7DPjmtQ0yp4TZYGUJdA,1,5
Bars,MIX,8/22/2014,SHtPqRKi8JIvzOj5t5kC7Q,QcfOKfA4WwWHUtgV-TaFRA,1,5
Bars,Social House,8/22/2014,EVzQLmySMkxQA1_ow0PF0Q,DLoYvnkHvrg-FCklVmF9gA,1,5
Restaurants,Olive Garden Italian Restaurant,8/22/2014,Nqwe3MNL4nNQyXqDQwEkwg,1pL-KrRvHcypkMVLd0MNtQ,1,4
Restaurants,Sinatra,8/22/2014,vVQunG-nKlGYfMkajhG68Q,i7UKArcbSFLBqjRYWcFKhQ,1,4
Bars,Hyde Bellagio,8/23/2014,pnBFO6my9cgOUdbsgy8B4g,bZE_Gc8Oe1GqJjWVxicOLw,1,4
Bars,Scarlet Bar,8/23/2014,9-UfHx2j1YVVDWi6nEjhtw,uaoukpaSPrhaLE9-eLJ-Cw,1,4
Bars,Slice of Vegas,8/23/2014,296dFsjfmoddTQaqZ9L7Kg,nexfUgszz8fycfNt4aF1Pg,1,5
Bars,Downtown Cocktail Room,8/24/2014,lRU321TVeEcXUfeZzC43Lg,1GctU54Fu5vePOpg-RAI8Q,1,5
Restaurants,LAVO Italian Restaurant & Lounge,8/24/2014,e1x4oGfXgOAXhKXA5aCSBw,p_1lhNC80l8egkPEJ1vRGg,1,5
Restaurants,Trattoria Reggiano,8/24/2014,Bw5vJU-ZGip_rcyPIrD8yA,tur4zNsvDPqqy2hdg7O5KA,1,5
Bars,Park on Fremont,8/25/2014,cOow1zBZCZXXxb1-HJ3pcQ,81-yI_PLz7h3J1dMiRxvWw,1,1
Restaurants,Lakeside,8/25/2014,t-DOosYVgZvwt_LXUCC10w,R6SgI-4xag_GLv-AlkkQdg,1,2
Restaurants,Olive Garden Italian Restaurant,8/25/2014,EjFHgBtYa8YtKVMeHaPzjA,7KJh0Ozd13cqU56HRahIOQ,1,4
Bars,Andrea's,8/26/2014,uUgSva5n-W9E37oAk368NA,3P-ahJOFvXzK5YIUjiq5hA,1,4
Restaurants,Mac Shack Spring Valley,8/26/2014,jxbi-3ebweeOdvQQQA4Buw,id8sH_THrOHAhjMIcdtK_g,1,2
Bars,Gold Spike,8/27/2014,u9VbxXD7bNzWjsmnSMR25g,uDVrgAX94cg2qndTSxsRqA,1,5
Restaurants,Carluccio's Tivoli Gardens,8/27/2014,AOlKrsaGqMcxP08iGt_q1g,rNGT6lePmm803H8w0rw4Fg,1,4
Restaurants,Encore Beach Club,8/27/2014,hiShEY6V-XbcbeZHc9tMAg,CUhgv0QfvKoeE_oucrwxSQ,1,5
Bars,Hyde Bellagio,8/28/2014,jXJPanYT_9Vgw0jGCEEXeg,BH7tNckJm_9s5tCTKI-c6g,1,4
Bars,Señor Frog's,8/28/2014,BSQMs8ZScKZM7PSNl4DtBQ,H9UfQFz8WW07fVeXtRaDuA,1,1
Restaurants,Capo's Italian Cuisine,8/28/2014,Lkq2e92slM7ZKA3VvR1bqA,gktgkx-Er43SpQfxMhpRxw,1,4
Bars,Kahunaville Island Restaurant,8/29/2014,cbIA7gSpKHM3JHC1rwH6WA,1VM2UoTZ7nEb9nmVCno6dg,1,4
Bars,MIX,8/29/2014,llvlSQFCDo0acqi6qUSWKg,zY3ioun-qzKK0xFT_VQu9w,1,5
Bars,RePete's,8/29/2014,,D7cHP0yn-g0QJkj5xsRgAg,1,4
Cafes,Grand Cafe,8/29/2014,bv_NPrIkAt5pZBT79KqGJA,NXfKYJVogx5jJhUtZWtGRA,1,2
Restaurants,Romano's Macaroni Grill,8/30/2014,jCedJAXmcBpFQwOgnPCpIg,g8VcOXdeFtVobVTP6JCOvw,1,5
Restaurants,Trattoria Reggiano,8/30/2014,m0POARtMe-Q_iZQwPXMaQw,4qy4ddLWYhb-RzGIW7MTNA,1,4
Restaurants,Cafe Volare,8/31/2014,KPQCtywK9NzMp63B9BXYjQ,wzUUtgPNELvEcFzA0HGDEw,1,4
Restaurants,Rocco's NY Pizza,8/31/2014,hL88gsJp4BtU1JAsukRTFA,JNVe-Gn2XPWGqwyCHd81Pg,1,4
Bars,The Peppermill Restaurant & Fireside Lounge,9/1/2014,h-vLE0ID24rcAKKIxmHvbg,l6Y6aCxhPSXg02W79nDHXw,1,3
Cafes,Wake Up Coffee Cafe,9/1/2014,9wrCULuvWVr2a8NiNHqtyQ,u0dtSa3nsWMINuxgoXyyMw,1,5
Restaurants,Zoozacrackers Deli,9/1/2014,QIb-bARyf5p6OEvJq3MUmA,bbzho1u7tTxkxTOAJcaNJg,1,1
Bars,SUSHISAMBA Las Vegas,9/2/2014,Vg-O2xFRm9FvsHYfHzHogQ,mhcn7iqYoBu65enFrVA9xg,1,5
Restaurants,Carmine's,9/2/2014,OUr-5yseDDrcitJdj65x7g,jr3kTMP9Oi2Os_hIID8Vnw,1,4
Restaurants,Sicily's Pizza,9/2/2014,lmarLKe1sK9BuQjQLFbfhQ,t8XV-Kh0yVXxRRjNPM2BuA,1,1
Restaurants,Wolfgang Puck Pizzeria & Cucina,9/2/2014,j_ld0WGfuWGUZSkhZfoAmQ,GG4VbVQCMrAlTCZ6IUzvFA,1,5
Bars,Avenue Cafe,9/3/2014,SQUIM-jUAaKwj0-YT-5RFw,CGZT3tRBwz6ddfjRMc1anA,1,2
Bars,Avenue Cafe,9/3/2014,66M-jga9Kh3l7ZvyShXJRA,dBinaI1o7GyW0vE0MGsfpw,1,3
Bars,Frankie's Tiki Room,9/3/2014,O5OugHxi8JjRk-OPcpChRg,gmT20uUUjCCxjvedDnThzQ,1,5
Bars,Mandarin Bar,9/4/2014,g_-tU9dc7ChrNJmL1PHsoA,POMS6nYdDcNQqgcHQQbdsg,1,4
Restaurants,Buca di Beppo,9/4/2014,jaTJn9WeZJRnitB_AWcoGA,iSppmXbo0UyAQg8AX-fqJA,1,1
Cafes,Grand Café,9/5/2014,2Qn_L0obwbKVD9959CaKEg,9jzdtIC5x3G5FF2RSBl4kA,1,4
Restaurants,Circo,9/5/2014,Z32R2JkUuy6fh13aVz8U4Q,rrGtg74U68MlyGMOpiITxw,1,4
Bars,Mob Bar,9/6/2014,WumXFfHxpsqG62DC4HptZQ,g9M0plRAccU5KJpK8LXAeg,1,5
Bars,She by Morton's,9/6/2014,SM-bT66KyVjKtdFiju1-VA,HPXECozpevmgdUr_r5-DbA,1,5
Bars,The Peppermill Restaurant & Fireside Lounge,9/6/2014,VpgdPXujmAsM2a_OLY-RVg,YLOwB5A1B0tD8hGFkIkB8A,1,5
Restaurants,Circo,9/6/2014,EPgVuFUdJVsVAZCLhZbsKQ,NYYOlhgRHhpnK_ZHOEBl0A,1,3
Restaurants,Circo,9/6/2014,PQ58CXQkKkw1tsY-zsKm2g,OI-VGo5ij4TMHVw8xWrKNA,1,5
Restaurants,Otto Enoteca Pizzeria,9/6/2014,GR25G1jJlC0WlcVVSZdQOg,KsUusXnKGt6r_P58JXiNyw,1,5
Bars,PT's,9/7/2014,m6N1n10UuD8vsnRKL0O68A,wEhBXU0pazHzcYvR-Ou7vg,1,4
Cafes,Sterling Spoon Cafe,9/7/2014,JZSIYkq7ITKqXgCdUgYzVA,QVvENSC5h1ObBVtHwjLjDQ,1,3
Bars,Db's Pong & Pool,9/8/2014,63k4mpPUkoCay1ZHLlM7kw,R1STB6LAyJR-gI2WC3kEtA,1,4
Bars,SUSHISAMBA Las Vegas,9/8/2014,ZtXLTqnOCTvM71UpmhLa5w,wtuZV2d4Moi8BSZbxf00GQ,1,5
Bars,Diablo's Cantina,9/9/2014,6eq9r4g2zFj6qMuUbecWOQ,gop6A0vvQLp89KEubOK5Xg,1,1
Bars,Hyde Bellagio,9/9/2014,PDjCbNdbFSkOFW33kb5uVw,ChgmBht69bnqSdDxpWMAqQ,1,4
Bars,PT's,9/9/2014,4L41iseq791fF5KmHe-uvQ,E9uI8lEu4F-p9cRSt5u9tA,1,5
Bars,PT's,9/9/2014,tuVKCRZAP4vCGJILkPsX3g,VHZGs0a0dpXiECF6N0RYVA,1,4
Bars,Twin Peaks,9/9/2014,jGKD9v5d0p1yBosRbpPk9Q,x2o2dnpdIPEnqtHw4A2C2Q,1,3
Restaurants,Mac Shack Spring Valley,9/9/2014,kpilcXWpiqpT9y-eQ-aspg,UZ74b0DsT8QJpDqIJ8bJZg,1,4
Restaurants,Sinatra,9/9/2014,mfMPBeVRLH1b557p0xRmDQ,79_VhRYn6o5gddvjI0smew,1,2
Bars,The Mayan Club,9/10/2014,emGZl1c5TRikY9ANF9fh_Q,RGNVk6mc8qOjp904ORsJXw,1,3
Bars,The Peppermill Restaurant & Fireside Lounge,9/10/2014,go3UsKhlRRXso34yg_wGOA,qggPbkxe7gQ1i58OT8zwcA,1,5
Restaurants,Bonanno's New York Pizzeria Restaurant & Bar,9/10/2014,,3FDuR1DfTM7z4RFNpsk9WA,1,4
Restaurants,Lakeside,9/10/2014,SlfRtEH-6XZ7xTUuruKQKQ,voaLcLrSmlqJlZetH2j4HQ,1,3
Restaurants,Olive Garden Italian Restaurant,9/10/2014,Vrr_iRzFW4IEY5oiDcUQJA,pydiX1dnoFmBG-XNRLg9MQ,1,3
Restaurants,Trattoria Nakamura-Ya,9/10/2014,kWUZfFbwGpItRvq6_35fVQ,ih_sNgRacDZnzekExZfR4A,1,1
Bars,Kahunaville Island Restaurant,9/12/2014,rT5X0owX3cLhlc8yMeGGIQ,LRmoz2WP4RY_bss2FoTwQQ,1,4
Bars,Nobhill Tavern by Michael Mina,9/12/2014,IDMKSeGPYG9mzykNEt8fhQ,2ZvR6rEjPT6_utBC-oxmvw,1,5
Restaurants,Dal Toro Ristorante,9/12/2014,jJC88wPOmLFul4D8sy-KHQ,5SVeAfBL3wmadMsox1agMA,1,2
Restaurants,Scarpetta,9/12/2014,C8cqU1Do3ey2KWhBBwF0Jw,nId2LpOpbZazPA9wocSKsw,1,4
Bars,Mandarin Bar,9/13/2014,DglVL66uS6WS4laoydItVQ,PTqmGV1oRQ4XdVkLpePyWg,1,5
Bars,Señor Frog's,9/13/2014,U-epRXpWamFq8ydtamSrQw,p9ELv8N6D6ARMTV22xAb2Q,1,3
Restaurants,Margaritaville,9/13/2014,n3E8k0gZRHQOFi4nfb_ARA,p9ELv8N6D6ARMTV22xAb2Q,1,5
Bars,Hyde Bellagio,9/14/2014,jamAjedwH-p3_RyWweFSoA,pEVf8GRshP9HUkSpizc9LA,1,5
Bars,Kopper Keg,9/14/2014,c6LBGloXKOVlLgIBT8VmGw,keBGMhSMHKDA7ZGTSAlMog,1,1
Restaurants,Angelo's Pizza  Kitchen,9/14/2014,hx5ORbIt-oYSPvslE7ALBA,2mopeqW2bKi1mMehm3rooA,1,5
Restaurants,Valentino,9/14/2014,hEmYmwcB_YrzXnhvjUfGew,DUHw-lG42ixC9ZeokDbtNA,1,5
Bars,Bond,9/16/2014,pRh52afzJuTsJL5RkWQQyA,kVynd89wf8A-t2EZaboLyA,1,5
Bars,Parasol Up / Parasol Down,9/16/2014,4rEv4Xy8y6TxvQVIAXOt2w,JOOgVqBxCUm6wgA0oLDA6w,1,5
Bars,SUSHISAMBA Las Vegas,9/16/2014,Px7R5PfSr87kh9tspjcxnw,78W5sDW0AC4SGn2moLLVNQ,1,5
Bars,Fat Tuesday,9/17/2014,A42PplDIkLVLcIOd1xHh8w,SldoLaoS9zCj1BmvWqitfg,1,5
Bars,Vesper Bar,9/17/2014,J-83pJY6QyQz9Te3lqx3xQ,YDJdsE50Fd7O7KXAv_bQ-g,1,5
Restaurants,Encore Beach Club,9/17/2014,xGSliRz38qI6veI3etVh9g,_IS-Dtm5K2ctH3wJxd1ogQ,1,5
Bars,Center Bar,9/18/2014,4idnrIxwY_rDrGFvAryWJg,YJmnTfMcNMlIxSwiVrHeTw,1,4
Bars,Insert Coins,9/18/2014,qxEbaVcCLlyEKiu2GX1qWQ,dNGUBjG2s7BjUmMr1mxXWg,1,2
Bars,Nacho Daddy,9/18/2014,Y1ot00BBPU9RjT910m-qcw,85KL10WuNZvTymufnPyfDA,1,4
Restaurants,Mama Depalma's Pizza & Bistro,9/19/2014,z9lseCY_0VIFsm0ylSBikw,eONXan77L83rgJsXXrrhew,1,4
Restaurants,Otto Enoteca Pizzeria,9/19/2014,ys_1LaT-tUEfFwTTNRxc-g,C20J_GKPVsDOlO49NrDi4w,1,2
Bars,Buzz'N Brushes,9/20/2014,,RTPBZcbrsMDRs0r3DnK9eA,1,4
Bars,Rhumbar,9/20/2014,iXIOzyZ1IZN6E82CM5sFGQ,ajtuWlvW6BQ8okRXLyBaGA,1,5
Bars,SUSHISAMBA Las Vegas,9/20/2014,zhMUHtLITPhRHxxEGDTZ2A,ljy7i1tshw01RWBeF3HT-g,1,5
Bars,The Sporting House Bar & Grill,9/20/2014,9mDtzNmW2Y8VL0GcCkD4ZQ,URH0jWhggj5SCARNa91_vQ,1,4
Bars,Park on Fremont,9/21/2014,HpXzidof50PsrsFw-XFrOg,IzJUao_Sq2V6xUfgjh0aMQ,1,4
Restaurants,Cafe Verdi,9/22/2014,9AvHomTB45M_odA3dT8vwQ,Mvege9ArKmdXYm-63RLxUQ,1,2
Restaurants,Pasta Fresh,9/22/2014,dOvM6-8TXXxfhhOSFpT5eQ,hCIBopcmL46nDEjoth-eEQ,1,5
Restaurants,The Bootlegger Bistro,9/22/2014,vgR9nCnSpyEb6QSj-Nc6og,mD1uXKXoCgxfpf9wz_1utA,1,2
Bars,The Underworld Grill & Bar,9/23/2014,VeBFiMYp1ruWbuWDK2vaJQ,gBoMkFuGtVBUpJqtRL3qAw,1,1
Restaurants,Martorano's,9/23/2014,6GLNRxT55l-ObIOCSP5-GQ,Nd0SxI8Nb-uHJLSJeKhyHA,1,2
Bars,Portofino by Chef Michael LaPlaca,9/24/2014,rzvTPr93JM6hytRhqOSqpw,HXsbzj1ae3z9CPnVgSvf8Q,1,5
Bars,Gold Spike,9/25/2014,lx1WppmAJSjg4-ugtgYnRw,Z0e50zAZ7VhLyop4G8MLCQ,1,4
Bars,Hyde Bellagio,9/25/2014,iTUXAJZ6OZD5bJIINNNxjw,3Ak0T_UToT5ViQGCppiQHw,1,5
Bars,SUSHISAMBA Las Vegas,9/25/2014,0OTRzxsmjpIh541G-JZL5A,nz_1gwWZiP-j3WteAl7NFg,1,5
Restaurants,Cafe Volare,9/25/2014,RJslEpPUJ3e7RIabjttruQ,lScAaXwR6TeiH59Hv2vjPQ,1,4
Restaurants,Dal Toro Ristorante,9/25/2014,D6vsmaja1Hlh57dEHnJ8Hw,Zhj50L9iJ1YthhH9SNDlqw,1,4
Bars,Grotto Ristorante,9/26/2014,hKO6QrGmrY3XCJWzvR4F4A,wY05e7eTtMLvkg0bcZ6zwA,1,3
Bars,Slice of Vegas,9/26/2014,3d1A6g4eJWttc-5ao-tOTg,sm_gQdh-gDn2E6mzbPY1Ew,1,1
Restaurants,Mezzo Bistro and Wine,9/26/2014,9D2ve1_Q-6mvXZREKADjvA,jvnNHGxbaRNn99Hpc5vOnw,1,4
Restaurants,Otto Enoteca Pizzeria,9/27/2014,sFM2Lf-NR_d_zGH0X6rFPw,3bXPCa9qdxQtQAlFlUV0Vw,1,5
Bars,Insert Coins,9/29/2014,7KwyWVGKiz5mT7uCxbsHsQ,OH74KuBCGhzvWlpumHfaiA,1,5
Bars,Scooter's Pub,9/29/2014,AJyNswOgiocM6OUqHT7DWg,DndepYISbgBh3gGRzr9kbw,1,3
Bars,Buzz'N Brushes,9/30/2014,l81pqGDDnM7pcjXMtX-pmA,WZwfmfP5X1gDDeL-M9vzZA,1,5
Bars,Chili's Grill & Bar,9/30/2014,1lL_8849TFlkUaBNcOUUig,YyavHs3U4XaX9shLcUV6bA,1,3
Bars,Gold Spike,9/30/2014,G3hyT8ldXxMy6V2H_SrI2A,BS-6I_qa5if4d2QbWVaE3Q,1,1
Bars,SUSHISAMBA Las Vegas,9/30/2014,wrroxmCMHeF1U3cMBsX1fQ,1-yUv-gxR1CmiC_VWIqxAQ,1,1
Bars,The Chandelier,9/30/2014,_u5rupcUt0nsWemLwhLfFw,7C6lXK31ofeS5-T8v2qt1A,1,5
Bars,The Peppermill Restaurant & Fireside Lounge,9/30/2014,bVJLO5B6e81rpdRQ9v7Qig,E6uVLpIrzydB98U_EDvfnA,1,5
Cafes,Grand Cafe At Red Rock,9/30/2014,cJFPPaberpvn97D6kthQdg,zDFvUmwjxH1Im9a3KICbXQ,1,2
Bars,Bar 702,10/1/2014,ZUVDsCfqCJJ9TK_qXleZKw,C8AHc3XHXAp6-_o9bpe4XA,1,5
Restaurants,Sinatra,10/1/2014,wHQ0Ay3Vjx10n4ofTeZRhw,Y60yEYu25zQVNrfclYg5Xg,1,5
Restaurants,Encore Beach Club,10/3/2014,RLppjc_DhzAOiGWxLyv_Fg,wtKAA_LEUUpvfgGxmQQYAA,1,5
Restaurants,Nora's Cuisine,10/3/2014,IdxvuxNBMeRnPskr2uHqsg,koEWWd5YYkrWkbr2CMN0MA,1,5
Bars,Evening Call,10/4/2014,iyAqHyheKG0N9ygw6jcvkQ,1PfSv7NhMLUndUWXZXrwwg,1,5
Bars,PBR Rock Bar & Grill,10/4/2014,7DpO4a_m08fmpOakw1VrEQ,yvlDqU_cHa7Jf4j-eFFVcA,1,2
Cafes,Fresh Mama,10/4/2014,aHkZXsMLbMxFdxnnB2uweA,zPpxHbBNE_W96ogaJyT1Uw,1,5
Restaurants,Brio Tuscan Grille,10/4/2014,vNuDs28Q0ztyS1u7BTOIKA,4jJNg-9rISu5SI6O4zVV4w,1,5
Restaurants,Olive Garden Italian Restaurant,10/4/2014,HTLsv4cM9vv2kBSuultUkQ,HSpJPNEvGDy3AeMfhExfgQ,1,4
Bars,Mob Bar,10/5/2014,P46RMx12oQbabvFLvVcDeA,it6hGFx6JP80O_bkWDLXyQ,1,5
Bars,Hogs and Heifers,10/6/2014,_oN86r8Qe6T1keqsHA8J9Q,S-4-o-2g4olzrRkiymbYeQ,1,1
Bars,Mizuya,10/6/2014,MjQK9wZRqKQl9SiOUsKM8w,swCCJKDxZUFkwMm0Yg99dw,1,2
Bars,Piranha Nightclub,10/6/2014,vrmpEEfwLykNbqT_ixuvjA,gjbJRai2KrCyom0ImN1WtQ,1,2
Bars,Timbers - Durango,10/6/2014,t6SOP2kkME956ZdoSu4NpA,z9SWhhARSCYjB4EeyRhAKg,1,2
Restaurants,Buca di Beppo,10/6/2014,lQd_EjlaDqe8V72fcZ05dA,65lTa0BHrQlu6Z9v2if8ww,1,1
Restaurants,Parma By Chef Marc,10/6/2014,I-uzMD7IT13DWcg1qB6wNg,OF9rS_iwTN3pCunNcm-Svg,1,5
Restaurants,Trattoria Reggiano,10/6/2014,,-196EsY9OnhpuL5MX1F5TQ,1,1
Bars,Michael's Pub,10/7/2014,wR9WN0eKs5Z2cekul897lQ,7fGncdxZo-SVfgpxm_52Cg,1,4
Bars,Numb,10/7/2014,EM3hKCpuxz8va1aYZifNPg,NFkt2TPQpEbbZc-LbUqrMA,1,4
Bars,She by Morton's,10/7/2014,-39b8F7BRcPFUQ9wktPuhg,bC5quBfRhKVof6rgW9fIdQ,1,2
Cafes,DiVine Events,10/7/2014,3ZBf9gCNR1YTLUZzLlXyFA,gIIBI2Zw6_Yr8GYRNWvJsw,1,1
Bars,Mingo Kitchen & Lounge,10/8/2014,XZJ5HC6TeotJaBYpPvCYyw,5XGd9XnxOQrEWKEpfp7POw,1,4
Bars,Sierra Gold,10/8/2014,4vh4MR2fvjmhKia0vDdQ6w,5fID4FMdZ56vb0aGgrC80g,1,2
Bars,Kahunaville Island Restaurant,10/9/2014,PKvoKIO87bc5pZfO_jqL6g,0WRo9NFL10av3eQVMR4Egg,1,4
Bars,Social House,10/9/2014,IQ7ZRb4UzrhWDaBEo-20qA,iRB39grLqlVWsR6dd1jKXg,1,4
Restaurants,Angelo's Pizza  Kitchen,10/9/2014,Ghq8mMCyPE-m3xhMvAoijQ,zbUpiea2aiJSKXjj2zQ5yw,1,3
Restaurants,Lakeside,10/9/2014,Vn0DSqhQCn03xAn5RKujww,VP5Afy9lpehn0biDHOMaSA,1,4
Bars,Drink & Drag Lounge,10/10/2014,2owMj6Nvhrx0dLnQqoalEg,wDE9oLCHsdiTluOoYRPjfg,1,4
Bars,Lagasse's Stadium,10/10/2014,dQAOCe36O9_I2-6uEvy7yQ,rAcZEe1gBFscr31Yv36C3Q,1,1
Restaurants,Martorano's,10/10/2014,5lDlpUCQFFL8-LL0Vh2Upw,AMfM2JjFLJZLarx44fOe6A,1,5
Restaurants,Nora's Cuisine,10/10/2014,aEq-n2UPZ47-JP2j6b32Ig,eCkrFC6Hkv-y6TXzHxM24Q,1,4
Restaurants,Trattoria Nakamura-Ya,10/10/2014,ZQx9-xh5g2PsFURZpEfS4w,EgxV8qTrxd4AH_kphKtagA,1,3
Bars,Four Kegs Sports Bar,10/11/2014,p2CdCq1oSivsUJtGNaQ6Cw,RAod8GAvMXpNBhnmyNDbhA,1,4
Bars,Hyde Bellagio,10/11/2014,WBjpCaKsQj7LlqXHJynj2Q,hcp2HUSS9il1eetuNVSz9A,1,3
Bars,The Martini,10/11/2014,vb0kHxl94HedbZn1DTuISQ,NjcyUo7zShTYnrUI1N4HLQ,1,4
Bars,Wolfgang Puck Bar and Grill,10/11/2014,1pnZNlemT4TRyhi3PkP1fQ,abDWCaXJhI2WtRnvojpYMA,1,5
Bars,Kopper Keg Lounge,10/12/2014,IBx89Kc2_8mMgP0eUthupw,Ft07eCXn_4JDx91-KPEGEA,1,1
Restaurants,Dennys,10/13/2014,5RwstWo--Wzn219RcHSVzw,1UtjA_oyU3e-QL85rWFw1Q,1,1
Bars,Buffalo Wild Wings,10/14/2014,NtcpZ9dQHZMrheMor-WymA,qWi1OinF2g85a2nvsvyTIQ,1,2
Bars,Fat Tuesday,10/14/2014,g-80_q5pIoI2vT8x6NEcgw,t_Cx_RMBigJkj0T2jxXVdQ,1,5
Restaurants,Brio Tuscan Grille,10/14/2014,Txa1vlS9pcX48BRtCpxPMQ,n6cNiKNMZeMtN3uGKSg-cA,1,1
Bars,Level 107 Lounge,10/15/2014,9X0iXFvBBKIst0dG4dZcGg,R_jp0G3iTaUTCfA_zG3E5w,1,3
Cafes,Fresh Mama,10/15/2014,J66s462bBUhlz8utQh3vpg,C53eEzv9H3_1L4l7cB5_Zg,1,2
Restaurants,Buddy V's Ristorante,10/15/2014,Xkotv73Aga04WNebVzynpg,DxJ87tigSia0ga5YMj6AeQ,1,4
Bars,CUT,10/16/2014,GpQUgpu-2cPt2sKnti-6kA,Ly2qLxkUjvFSQx8MnA8L-g,1,5
Bars,Rush Lounge,10/16/2014,GukqaNet3auzmL0BDAXPjg,iPuIBb0baLdHkrZ8z31zNw,1,5
Restaurants,Brio Tuscan Grille,10/16/2014,6vDXAs7YcfSjKIP5uzzIFQ,xknCYSq5uCyw_Co0fiYcJw,1,4
Bars,Blue Martini,10/17/2014,hMMz2RhbgqL2YW3e0ASQ_g,Ed9B7LnzAPJ3X-sI35208A,1,5
Bars,Home Plate Grill & Bar,10/17/2014,6voSWQ-KI_ZzFcXW7GUw1Q,pDVoh8xa9zRQ-lB7ME5Ysw,1,4
Restaurants,Bartolotta Ristorante di Mare,10/17/2014,7Tsb92EXwPnU6trXnaAuPQ,b4igkb85D4ntwc4f_XlYAw,1,4
Restaurants,Mezzo Bistro and Wine,10/17/2014,yLpQ4c1itpKHo7B86R27Kg,JtA2O7shwklbljksXpQtow,1,4
Bars,Diablo's Cantina,10/18/2014,FU7yTRinmFqKNNSyVpJI5A,Q46ztmdo2OAVhM6fOnc3VA,1,1
Bars,Grotto Ristorante,10/18/2014,gijWJRbjZq2Po1mlnHrd9g,vkHRDod6IwAOpUpf5Rsqmg,1,4
Bars,The Chandelier,10/18/2014,0wfnHxHxafqsbytH39NDBg,MnH4_DsP_-cIj_YgeqKumQ,1,5
Restaurants,Capo's Italian Cuisine,10/18/2014,eQGsg_7X1wvo87PdASA2fQ,RO1wEoBsQxFchqjiZ93L5g,1,4
Restaurants,Parma By Chef Marc,10/18/2014,2OWHYQlNbdyqKctgdcOhzQ,Jm3a-VSeBAz0Qc9eji-Otw,1,5
Bars,Blue Diamond Saloon,10/19/2014,_BQM7ea1RkioCrSAiZmsjA,EP2rKr6NsXal0Yy7lzm9sw,1,5
Bars,Ghostbar,10/20/2014,,ftmDWyXwni26M1D-KLvfbg,1,3
Bars,The Mayan Club,10/20/2014,GUwBAnV0yJpVJ485_AxMow,HDq6P5ZPBrX0eaifLtodAg,1,2
Bars,The Peppermill Restaurant & Fireside Lounge,10/20/2014,oyMgvjX6jKmg6kjxEfnU7A,uMoZRV1ejCe07SBhg8N_1Q,1,2
Restaurants,Amore Taste of Chicago,10/20/2014,anzJpHpr3ADJo6hxaHMASw,4QTm_UDmYNXgMKh-__3cBQ,1,1
Bars,Andrea's,10/21/2014,86YM1cfRHwaW6A4JVHOylg,jfUvxGJfE96eEie56MveJw,1,5
Bars,CUT,10/22/2014,O6g4mVuhnnbBjw-e6K2eIw,obI4iC_Y7uocACnZucfnAw,1,1
Bars,El Segundo Sol,10/22/2014,oqa_Oav5atUwprAYqMMtgw,S9jLLaDPxj85ttGo6Fv5eQ,1,4
Bars,The Sporting House Bar & Grill,10/23/2014,DZbfSi4TsewhagBtyedoDw,0qyHjIhe9wQJqjq3nzLrtg,1,4
Restaurants,Buddy V's Ristorante,10/23/2014,biQZ0CLPcBYBG7WUzQ0_dA,qW8p5R8bQaXKpDCK1GzvYA,1,5
Restaurants,Mac Shack,10/23/2014,OKZPgWV5pGvOBBapw_8H6g,qRQ2G28thwCaekyAYSGhww,1,5
Bars,Timbers - Horizon Ridge,10/24/2014,At6Gh4D7aIzS00JrjOBjtw,1zzaVTProYvMAMs-STQ0eg,1,5
Cafes,Café de Cebu,10/24/2014,yO4iaVIPC-LvDkzH4pMfZg,1wSDrzQAOg9RNsZFJ2UNuQ,1,4
Bars,Gold Spike,10/25/2014,iJrWBlPUTWEhzOEgs0E8AA,9aAlVODywpF-6UQvpzGt_g,1,5
Bars,Vesper Bar,10/25/2014,t4BPc_WMN1CDtOTGElQ9tA,6l_ATA06SBvvPDMvMiKQgw,1,4
Bars,Mandarin Bar,10/26/2014,L6s0Ce__hUq-VTxIDqW6Dw,sDmgmT9RloG4sWpOu2QxnQ,1,4
Bars,Panevino Restaurant,10/26/2014,8UYn3NxmGKr5OHzM7gifPg,SFitZt1IZCTGm8lmk7gyYg,1,4
Bars,PT's,10/26/2014,1eJ8-Yc9nrUSPHUWqn-A-w,_NoQPpKQ-qdhMMIc1s43lA,1,5
Bars,Azuza Hookah Lounge & Cafe,10/27/2014,zqCljJvFDXnk5vvKjdhexg,Cg8vKfS6w1f0Tgdktn56Ng,1,1
Bars,City Bar,10/27/2014,xFOfCReA2luTeImd55-SYw,qP6oDpYTurNEtv_kXwoNOA,1,3
Bars,Dom DeMarco's Pizzeria & Bar,10/27/2014,Fa34Fl7ffRdTJa8Sr2lsgg,0auxKhvcY_-4Uul5eiUWwA,1,4
Bars,MIX,10/27/2014,fX7OwMmAQ_-jD9ol2xq3fg,mK1sNalWdn3jL14lkbM7QA,1,4
Bars,The Chandelier,10/27/2014,AcHmcXt00YPZJ4w_S1vPsg,6l_ATA06SBvvPDMvMiKQgw,1,4
Bars,Buffalo Wild Wings,10/28/2014,xwgdu2NeRTbMOXHWUhvU-w,EmQTcMaCr0ZXwcrz4oK7AA,1,3
Cafes,Tiffany's Cafe,10/28/2014,umBPxuUOvQEvJlIsPmEaqw,d085dRtu-XMf7a2Lz-gJ1g,1,1
Bars,Bjs Cocktail Lounge Decatur,10/29/2014,hDrVd4pk1Wvn5CdePo4b_A,__I3LlUs9mZ4vYEA91X-GA,1,5
Restaurants,Ferraro's  Restaurant & Wine Bar,10/29/2014,VQvVlPnELLZKFRQGUatQaQ,_HGv_83kkhfyvrqbhpOFBA,1,3
Restaurants,Pasta Fresh,10/29/2014,4snLufXSg-3oBtQ45oVcDg,Z1HUewAmQtestLcgD5ZM6w,1,2
Bars,CUT,10/30/2014,xB_-Q0MEqWDn2NSOqEem7Q,D-pAZS-7z3Fbu-C-950vgg,1,5
Bars,Park on Fremont,10/30/2014,qeAzYLH-kQ_1_JGr6eochA,cnfc5FT7tJRJj36XxRZ6EA,1,2
Bars,The Brentwood Cafe And Tavern,10/30/2014,AkVCsYmjFbgvHhdTDMlX7g,dazvWu0EB70eemhfjsW8uQ,1,5
Bars,The Garage,10/30/2014,ByJdlkY94Yl6DpAOKynp4w,POSW31otNaZYpIcQn9g5Dw,1,5
Restaurants,B&B Ristorante,10/30/2014,be-A1S75YPcW-8UP_DM3uQ,gw1j4V1W7xSc8DbdBANIlw,1,5
Restaurants,Buddy V's Ristorante,10/30/2014,YC7MqppkrDxgGzTIHLoy8Q,aA_V6WFz9WA9MXq3s9Zp3A,1,5
Restaurants,Gina's Bistro,10/30/2014,ma0loJgXKaGGMHjHEIDq5Q,I3QDSkHyHUd3wlmRUb0eyg,1,4
Restaurants,Nora's Cuisine,10/31/2014,JEl2oHtWhUYqiwXisqRV9g,buYgcJVT0m0i_IQjgCmT5w,1,4
Restaurants,Olive Garden Italian Restaurant,10/31/2014,_5ShuswtOcwPbiF_QZWeKQ,tW-ybAZfQ6qJVnwLajwQLA,1,5
Bars,Social House,11/1/2014,ubxtVeMiuyVlOK34YtC1Qg,h36FL8-vjrzf2jY0Ga1A-Q,1,1
Bars,Mob Bar,11/2/2014,KOP3sttNa_HDhdqWQ0lkkg,EjhVxYFeMUYimoImjMduzQ,1,3
Restaurants,Pasta Mia West,11/2/2014,7n3VYjiyJ0ek7iQ6WeC77g,twtWSkxomLIpDplupkVoVw,1,4
Bars,Andrea's,11/3/2014,7JbMWaybj-wosgD_bNgqqw,XL9ie589R7-qwqX0So220A,1,1
Bars,Nacho Daddy,11/3/2014,EiT5EY21uQHDpI0QM0bIfw,Xm4H62d1fjA21Q5iwvfQxw,1,5
Restaurants,Buddy V's Ristorante,11/3/2014,_TOrnGCPW4rC9yib4W8JUA,HWGLrPWTCuPr-wTbZ8gB3g,1,5
Restaurants,Maciano's Pizza & Pastaria,11/3/2014,1u90nEalk8umnPY_BkfPFQ,vI7wZxTprpMl2fj_IHU3iQ,1,3
Restaurants,Nora's Cuisine,11/3/2014,c98KxcRXsLswok5eylhcCw,-64tWC2mQZqS1nTT1uxxJw,1,1
Bars,Lucky's Lounge,11/4/2014,6I35t6WV5ER-bjqbUOmz_Q,MMuwNjoi4t57MIZwHga9Zg,1,4
Bars,Oracle Nightclub,11/4/2014,FPDBzAJuPsdHj83qYGRJ4Q,NywNAQZIyAqmD86vpl6VnA,1,1
Bars,The Peppermill Restaurant & Fireside Lounge,11/4/2014,CDY5ebRjcfxjkNXcfeBGwQ,Shwm2v92ac1Etasjdcc5KQ,1,5
Cafes,Wake Up Coffee Cafe,11/4/2014,utyG9Io7vfd4lmVdm6o07A,3WSsAgdeYiqEqORPwB0pTw,1,5
Restaurants,Romano's Macaroni Grill,11/4/2014,9nMcZWfArl2pODD5bqaiZg,kjO094YH2gVycUDk5_6VUg,1,1
Bars,El Sombrero Cafe,11/5/2014,Z_H9mjjEp6xZW-2k7DDB-w,tSUSdP-C-2GXh1ta7vwhRQ,1,1
Bars,Koi Lounge,11/6/2014,XMc1kRfXHRsv0-o90qmESA,rH7XN8ve30avGUxzYY4n1w,1,1
Restaurants,D.O.C.G. Enoteca,11/6/2014,3mXYH6PzdyDW_eIroeCKbg,9tGdoP4K-GuUqpvK7Vm8qQ,1,2
Restaurants,Margaritaville,11/6/2014,bAp-ZdeiAZX7YgGGrtV4FQ,W-wXboXH5UW_tYDLAbPhow,1,3
Restaurants,Pasta Fresh,11/6/2014,hrusOz8Xe3E1xj-C3ki2gg,k5p3YP1ZjCa8ZS3xqXgBug,1,3
Restaurants,Pasta Fresh,11/6/2014,dJPcKcoBVtXylytch5kwTA,o0I2iml3BN5klBV4UBE9jg,1,2
Restaurants,Maggiano's Little Italy,11/7/2014,Gs01sp50GcXs2RVJgS3Zow,jMhh2HOWeFGBe57mDXCaQA,1,4
Bars,Buffalo Wild Wings,11/8/2014,zY5M2CiHq55P0XmfEVHKCQ,cP1AVkFRHubZ05WqwiBHCw,1,2
Bars,Cellar Lounge,11/9/2014,6UBzVSJOgclEE2xdoOqpKg,0zVI2BY9q4ry5u5JhIlZyA,1,5
Bars,Frankie's Tiki Room,11/10/2014,7cPnz6CcuSkMSi-oY78tjg,EmoEMQVC0Z-04JYjOC6liw,1,4
Restaurants,The Bootlegger Bistro,11/11/2014,Zij20Lzw_g3Xw_knnkef3A,qpbi-2GI9P_dO8L4bNBM6w,1,3
Bars,Public House,11/12/2014,m2wmcpMgv-dcae0WSfRG_A,9FDMUyJStI86B07bKQleow,1,3
Bars,RePete's,11/12/2014,21z_s0_dBuTEU7W-vP43sw,x5UybyIN-sNBoaIWfkQ7xw,1,4
Restaurants,Maggiano's Little Italy,11/12/2014,C7dA5vjBZQHii6fxJksO5A,EjhVxYFeMUYimoImjMduzQ,1,2
Restaurants,Scarpetta,11/12/2014,ch7VXd7NOWxDGsxsVAiTdQ,sM9AQqw-cFTMDO3ZtmDjwA,1,3
Bars,Frankie's Tiki Room,11/13/2014,OAwmejgOfwcidoOC-XxuJg,XZxParT6roHCOvl5B6IL1Q,1,5
Bars,Lagasse's Stadium,11/13/2014,cShfcnGbS0VJX8RI7kOc6g,_MezTvtcCPjjMDshYH2Q1A,1,2
Bars,Morels French Steakhouse & Bistro,11/13/2014,IFiHdQeuWLNQurw4mM81Ow,e2CHuvbeKXa-lXSJG3JLKQ,1,3
Bars,PT's,11/13/2014,8-AQq_PXTvWu7eAJZmTNlw,GBS2PzaeZWDHQhCyM9NN-Q,1,1
Restaurants,Cafe Derbi,11/13/2014,VC8QUNQqM_Gbnclm1mM32g,0GcbgPrKfMOmxal1qrIBhw,1,1
Bars,Mingo Kitchen & Lounge,11/14/2014,BJW4EZ5AvwcuHkEO5iGr0g,mgViQiuQG_3d2CmLTNW9rA,1,4
Bars,VooDoo Rooftop Nightclub,11/15/2014,uLCW50Rxu0naif2P7fDTTw,DHWEyrID1AHyjF7bVluk3A,1,5
Restaurants,Amore Taste of Chicago,11/15/2014,M8PkmISeIpoDMm9VZCDh7w,2HmHgW3hRYvXYFmQyQtLuw,1,4
Restaurants,Capo's Italian Cuisine,11/15/2014,Q3lfbTkE8HyTiSog0pqMtQ,2PkeS1CdbI2EPYNZylm3kQ,1,5
Cafes,Sidewalk Cafe,11/16/2014,5l9LMEtPCzTOafNomLq3yw,m8_JtGU9BvtuE5EzRw9UlQ,1,3
Restaurants,D.O.C.G. Enoteca,11/16/2014,p9PhDLWPYwMWVEY16X4GbQ,Pkuj3s2T5KUGs6-yOquh9A,1,4
Bars,Buffalo Wild Wings,11/17/2014,PDXW0mGxVPTGEa9BokDN3A,Dg5dFnBIFzUtGNu3RNmnqg,1,5
Bars,Calico Jack's Saloon,11/17/2014,Mtm8Z9LgE5BqavBqohVejQ,eP36hYe4G9Gb-x9fg_NNCw,1,1
Bars,Diablo's Cantina,11/17/2014,ANa5gyZXgHcV23DVSI74nw,kzBwHWrKuKbY1TBpnGma9A,1,4
Restaurants,Parma By Chef Marc,11/17/2014,R0l7XyKs0gYluyLH0TlrDA,auAlMpATTXFHpYbFnCObbQ,1,5
Restaurants,Parma By Chef Marc,11/17/2014,5NPZRfeMNpe7hSNbm5zwDQ,Wo3ka0fofB1oAGM59c0rhw,1,4
Bars,Moon Nightclub,11/18/2014,oAFLsJdUhhGyH5PYjI5GaQ,bf2Y2uOcgwCA3XZDMNW7SA,1,3
Bars,Tequila Bar and Grill,11/18/2014,cJGCfTinCV2me2rE2FYlXw,jVLMfm2v2U49y6Sjlm_EeA,1,4
Restaurants,LAVO Italian Restaurant & Lounge,11/18/2014,hj8ZHsNzt7Vodkqwu0Bshw,fuzvB9XRfjWJ0uRu6TIYRA,1,4
Bars,Kahunaville Island Restaurant,11/19/2014,jhPhcca7ovwlwt04Qy2Frg,0q-mOTd9VM2-rWL0GVY5lg,1,3
Bars,Minus 5 Ice Lounge,11/19/2014,keO7rFnpZrWLlUZR_eJWZg,qKTQz1tgEqTpFQgXPrHcfw,1,4
Bars,Park on Fremont,11/19/2014,jdI7_Xau6jAGDJCK4_nMoA,PRljijAinRvaLtgQJGQxCA,1,1
Bars,Sammy's Beach Bar & Grill,11/19/2014,YCLUbtHlQnF6Kd63ddpSQw,0xBVXB3C8T2xsQ01sFRfKQ,1,1
Bars,Fat Tuesday,11/20/2014,nWGfD9yWWRgrzw-gn5rGiA,qq2t1EwAa3AUPJvFVGsrog,1,5
Bars,Lagasse's Stadium,11/20/2014,OGRGSZ5q-m7PEiNZ2-sbKg,Wkmbo7hF1cwUzR4aU0HyZA,1,1
Restaurants,Amore Taste of Chicago,11/20/2014,PmL1NggTBORFcyKlQUznqQ,nK7VpR8UHoaqI3f3rt4Rpw,1,5
Restaurants,Nora's Cuisine,11/20/2014,k8SOBCAk_x_Ew8wvy_xDoA,Gu54yJvdMC4Qo9iPzUJgaQ,1,5
Bars,Gordon Biersch Brewery Restaurant,11/22/2014,IGQFKUKpMtfI895yJqF0YA,WnX43ZyKh2CGC2ZccwN3TA,1,5
Restaurants,Casa Di Amore,11/22/2014,NVh_SdMzJ-TMO0w4r5xlHA,kdYzx8Mr1qmpd3VBM3YXMw,1,5
Bars,Blue Ox Tavern,11/23/2014,xft20Fm3zd5ycXMS54LrIA,MmTYjCottHgQhTuhgNqZXA,1,5
Restaurants,Country Club,11/23/2014,KbrTNSQZw6Om3tWovakqpg,9ufQTB5GyLI7A4qJ3VrBTQ,1,4
Bars,Diablo's Cantina,11/24/2014,a0VoCe9HSxWqHiL19FejZw,1i8XR4YQ4lia1E4d8_RUCw,1,4
Cafes,The Bagel Cafe,11/24/2014,WAKPgur9SE3leAniTzT3Fg,0AkYvVM3L12CPs-PTKcBFg,1,5
Restaurants,LAVO Italian Restaurant & Lounge,11/25/2014,MdYkBygLvhjHLGucUkLs0w,1xBM_EFkCwEweLeKaxFe8g,1,5
Restaurants,Scarpetta,11/25/2014,24PDxN5xAJnVg31QVp30KA,6yD10w-mGn7sDmvncbPjFQ,1,5
Restaurants,Trattoria Nakamura-Ya,11/25/2014,LEVGoalD49UERad-oKbV5g,UwLnqSa_0G1fDgiFkm5QLQ,1,4
Bars,Bar Moderno,11/26/2014,EOjnmkb-j4LtYUZhGTjxgA,IF3bXj7tZSq-Q_ml-5XX2g,1,3
Bars,Four Kegs Sports Bar,11/26/2014,LDunsx2vNCp2aHJsKGAZAA,B1ZbZI7a4LRhkD7ftD_alg,1,5
Bars,Hyde Bellagio,11/26/2014,6KXu1VSQnUr5smhct2Jb4g,7bLQxqh4TQD6P9THBxUu2g,1,4
Restaurants,Capo's Italian Cuisine,11/26/2014,PI7pCWCtMGJWDjn5zhizLQ,GJzKvJG4ZCLx_dswLFa58g,1,5
Restaurants,Cici's Pizza,11/26/2014,UnzQttBfRk7Rp6YuJPOrrw,wzIoWw1AM8whhn9BIdIYyw,1,1
Restaurants,Ferraro's  Restaurant & Wine Bar,11/26/2014,0HvpfUw6oSUiPKktHQ3OvA,gb7-BO9FZMKNtLUHmLWuRA,1,5
Restaurants,Nora's Cuisine,11/26/2014,Sxhz9iHt8b63JxlPu9TzMg,jJ0fhRIQE0iJ6Arm6H5o4w,1,5
Bars,Buffalo Wild Wings,11/27/2014,oHEoxUpnqX1ny5XbIiBXkw,AIZ31scugEfrMAlaHa_ToA,1,3
Bars,Morels French Steakhouse & Bistro,11/27/2014,wew6u7VIMWPE7EEOx2SOhg,i1bYFESMVkA0agwCPVaj_A,1,4
Restaurants,Bartolotta Ristorante di Mare,11/27/2014,9ZeflrhQMYoXEOhNHwEOhw,1Ke07XE83cPEV-Ou7TQDSg,1,4
Restaurants,Blueberry Hill Family Restaurant,11/27/2014,JNanjGmO-XvnqsiEVwqayg,I150vCQY_0LohmnIa0P-_A,1,5
Bars,Foundation Room,11/28/2014,zxB5Ud8evnmQ1FZr9iMQ8Q,iKc0gDpMDX37k4pQeNuo9w,1,4
Bars,Ichabod's Lounge,11/28/2014,uFtxabLbilRDh5ZWuSp7jw,nlAGWK1mj5-8Tx9hU4UK2g,1,4
Bars,Db's Pong & Pool,11/29/2014,ZEePQNd8Y9N7FfqHr0uoYQ,qxwKj70O-BEeH8JfAGnYCA,1,1
Bars,BJ's Cocktail Lounge West,11/30/2014,7jgjT5Z_HaYbiPqQT8J7qg,EeyMZAvheb9JZozD6LYp8Q,1,5
Bars,Book & Stage,11/30/2014,z0IAhsNXCpJPmttf_LWm7A,dWfhIC7n86MGLJ0ELnBIOQ,1,2
Restaurants,Chicago Joes,11/30/2014,csbOqkJkm9sXikvR-4XMpw,O1AS1S-YtWISim9B1cHjQA,1,2
Bars,CUT,12/1/2014,fOBboxtBADu9k6zbk2EPag,Hyhmpb3UnbjtSEXvgviCow,1,5
Restaurants,Buca di Beppo,12/1/2014,SwoAODJvXdXTIAAPcAWrYQ,_SfvB4qztHEGS56Jn5OhRg,1,5
Bars,Mob Bar,12/2/2014,rrNo95yjZjQMvrCYGqhkag,HMj0srk2Y23PTWRXnSRJAQ,1,4
Cafes,Cafe Cortez,12/3/2014,l-73y_xN5H6mEVgOfLY_ng,5hK2liyGV2tVeqE4BjgsAQ,1,5
Restaurants,Amore Taste of Chicago,12/3/2014,nog1a6tQ4SxL2HeDmRv_Kw,0y9NQ2Zx1mcaGTeLSJP-Kw,1,5
Restaurants,Nora's Cuisine,12/3/2014,jsh2Q0b0hRd6dUQHvoXs8Q,OeoIQq6eVZ6wLYNCjaeNFg,1,5
Bars,The Peppermill Restaurant & Fireside Lounge,12/4/2014,9khD0mq2VdpNRsh3g3De4Q,C-8L53G3NKoOT--Rkke3jA,1,5
Bars,The Peppermill Restaurant & Fireside Lounge,12/4/2014,PG-0Gg95SVAjgAxcwe-Zbw,NRkeg750iwLwSqrHWR9uDw,1,5
Cafes,Sterling Spoon Cafe,12/4/2014,SBoe3fE0FTJWO2Pn_v_x-w,dUAFgAWQkKqZxX7q16IFoA,1,2
Restaurants,Il Mulino,12/4/2014,GPdTiUK-rbRFU83bASgPDA,0w07aRdobwOP04wV9nlY-A,1,5
Restaurants,Scarpetta,12/4/2014,UPloV8PvJvvP2WY9g0iiHQ,sHjGBEjR1ZLy9kEofkfyzw,1,1
Restaurants,Sicily's Pizza,12/4/2014,yFhK4rP13oXGngHd0WvBdg,bFe-sUMDaDm2Q9u5Cve1tQ,1,4
Restaurants,Wolfgang Puck Pizzeria & Cucina,12/4/2014,GDs_45qmtgta9Rcp2pndJw,EyPureZj2K44_kBYgg8KsA,1,4
Bars,Encore Lobby Bar,12/6/2014,wID8FD7wpy-xZ9mgzCLAaQ,FGeugZ8g4VuQKfO-J0kMRA,1,4
Bars,Grotto Ristorante,12/6/2014,GJBJdSKSn-fJLljz1DpXPQ,C6fplX71G3jypY1xljB8OA,1,5
Restaurants,Brio Tuscan Grille,12/6/2014,Cvx9tXRJL_52BIL_yMpo1g,XnzdPxC6Qx9z3jPpOvj33Q,1,5
Restaurants,Very Venice,12/6/2014,3tHH2H7EnwrG0kYYt1QI0g,YaZqUmnOLYbxIUYliIfgDA,1,2
Bars,Fat Tuesday,12/7/2014,,lI3D6PjsILGfPhCAkGuIEw,1,4
Restaurants,Brio Tuscan Grille,12/7/2014,WLDlESJ5nWAxxFoKsPuKCw,H3c3bAnVo_ZetKoT1yXOVg,1,1
Restaurants,Mac Shack,12/7/2014,CenNC2re9If_tH9PotZzGw,Lo4auWwU5mV87pDkuozu4A,1,5
Restaurants,Mizumi,12/7/2014,oA6pt6TBHEg4tjjlNeuOsw,al-3tFrT89_HsDe4q0qR_g,1,3
Bars,RePete's,12/8/2014,fOiOqppctNJ6D3tkHPl5Yg,M_zk3zALQzyN5NR-xgwdBg,1,5
Bars,SUSHISAMBA Las Vegas,12/8/2014,n-FKqey4_WEQE0g--oeDCg,zRf-zu861O1dEkaY0ZShmA,1,3
Restaurants,Il Fornaio,12/8/2014,_s53U1ID3CBj040AAWmPVw,1Dt2po3H4LsNUEApT5xhJQ,1,4
Restaurants,Amore Taste of Chicago,12/9/2014,Bzw38HdiMOqSRvdGbFUC7g,rNGT6lePmm803H8w0rw4Fg,1,5
Restaurants,Margaritaville,12/9/2014,WM-h_ls0wxfA2C98GTLjhg,mlbMyj4Dwa9u1Y2mieNDpg,1,5
Bars,Panevino Restaurant,12/10/2014,eb8ewgaEGCKXCLWlthrZcQ,iQ9CFlJHAuiP1snswAExpQ,1,5
Bars,SUSHISAMBA Las Vegas,12/10/2014,k_pvFuLcOcR1apf2PP1SjQ,dZkDKoqFj89vMx_gLXhbtA,1,5
Bars,Blondies Sports Bar & Grill,12/11/2014,eGZESUASxZwt-4ukF9nBfg,n2TbKFZEqir3F3U-WL79NQ,1,4
Bars,La Casa Cigars & Lounge,12/11/2014,2ud4I1_7ej2AP2Xd18hLew,_qRTkEt16U83iiuh-wAfWw,1,2
Restaurants,Buddy V's Ristorante,12/11/2014,nCEQ4CVzERXz4Y0dNaM4uw,3vjsKCnZm2w35N5hP1o8Gw,1,5
Bars,Mizuya Lounge,12/12/2014,S8H69NWCqqQFkJYpfH9fWQ,PwW_O33vOQnNeqzPxqdUhg,1,5
Restaurants,Maggiano's Little Italy,12/12/2014,jHVto03zwNU1zYng3knYOg,T4g3nRJXrAfInfzKnV8Vhw,1,3
Bars,Buffalo Wild Wings,12/13/2014,JMsfq7pvPixsbuAuVKDR2w,ylSCq3ABtpVhCbPMvBoLsg,1,4
Bars,Social House,12/13/2014,kKz-TNmKcJs79OvgmjnlDA,XpxK7cAT4R3wQjHOZccasw,1,4
Bars,Velveteen Rabbit,12/13/2014,wN0ULz87RaaeDDCQ2-cj1w,FqJyrR9xwu5hTt6gXVGblQ,1,5
Restaurants,Margaritaville,12/13/2014,7fqg3w1BGnjfveTqWDXFng,uM8BSp0aF1TUfb4aR-P9ng,1,3
Restaurants,Pasta Mia West,12/13/2014,4QPUXZb0iE5HCJW71tz07Q,bTx0HsmhGZYezHAMNCchfA,1,4
Restaurants,Mezzo Bistro and Wine,12/14/2014,4yq_4PjyEjqO6jbOUPZsYQ,Vi77s0AS-cIzPoBq5AbEaQ,1,3
Restaurants,Salvatore's,12/14/2014,2GFm6VPU75BUpSR56oCRXw,fRbqoHAkgC5MeW3x15mezA,1,2
Bars,Señor Frog's,12/15/2014,BruyXTGkg3DXZTGOaYfwzg,6aX8iSWsT9rKkzbcnM1F-g,1,2
Restaurants,Mac Shack,12/15/2014,PtnyTtXPjSFMLSdVUa5xEQ,nQlVAsx3OT38pn6feoQGIg,1,5
Bars,Boomer's Bar,12/16/2014,Wqflfl8npP7H1oOeFxE48Q,x44IwIAHy6lEZjwz-nnQDA,1,3
Restaurants,Mama Depalma's Pizza & Bistro,12/16/2014,iOZrD1kQpH8tWo4e_a5YgQ,vaVVm8Gpmqe7zGCeSVdBFg,1,5
Restaurants,Margaritaville,12/16/2014,am_Ud_v-jS1ZY163TtlmvQ,A4KTI7E0l-yiL2ztQkvqnw,1,4
Bars,Aces Bar & Grill,12/17/2014,eCNZ9YUp4LaZ7LTLIf-zUg,OUEaF3TZaCnxA19-bmh18w,1,4
Bars,Fat Tuesday,12/17/2014,5opBXIYz8ko4C5VQnQYE3g,CY6_t1Pr8OUiVjuVZ66uBg,1,5
Bars,Frankie's Tiki Room,12/17/2014,iWPJe2MhDWt7jsBZ7lNPxg,fUlSAMFfewxaRY14Ib07uw,1,5
Bars,PBR Rock Bar & Grill,12/17/2014,y4oYrRzzmJdqOWIRwzAtFw,vj-qwvhDYQvL6zyUspYvPw,1,4
Bars,Piranha Nightclub,12/17/2014,LyapmYSZBBQZYA9hgCqWhg,B7g7l3W5m45JhyN5TjAwJQ,1,4
Bars,Vesper Bar,12/17/2014,XOAzhIgOTaQXhd-yN5hqYQ,YI_a4cPwZ8K9AIsoHqKYdQ,1,3
Cafes,The Bagel Cafe,12/18/2014,OUGoWAjxtdgSPfp-0fLVDQ,YXIcpef8amUhPFNGIKwh1A,1,3
Restaurants,Canaletto,12/19/2014,YhzypP7eHVbvZHdX4WkvYw,yWOT3HQOIaTRzagRR78-mA,1,4
Restaurants,Pasta Fresh,12/19/2014,1M8X1cxc1lbNrwty2wB92A,YJwDSeAyShQx1s7tS-lBLw,1,1
Bars,The Ainsworth,12/20/2014,IO35rsEJtideLCVnU9Qjew,Sg45U2Gf7U47ee3nHUg9sA,1,3
Bars,The Beatles Revolution Lounge,12/21/2014,CIkalh1-TlAhAjXWfYFDLw,IetONsUxwUEkdeFfjaH_7g,1,4
Restaurants,Amore Taste of Chicago,12/21/2014,YKM53dd6zi9EgyZYj1VTAg,vrZzzMPAyW7ksOA_sgpZIg,1,4
Restaurants,Brio Tuscan Grille,12/21/2014,NdE5Dq8NXooUBNcqvn9SiA,zYdDx27mLcEMk1BFR513Iw,1,5
Restaurants,Buddy V's Ristorante,12/21/2014,v9NCV-U3JeGkkwJXAhVDBQ,d4N39N7NaoaiEMw-8smK1A,1,5
Bars,Blaqcat Ultra Hookah Lounge,12/22/2014,OJbJYAsuevhg2BFfL3z39A,H9aceWd87RvR98rb8atngQ,1,2
Bars,Downtown Cocktail Room,12/22/2014,7ksDpKI_7R1bi1DMAsHxVA,bWYIBFIf26ClKiweUOgN-A,1,2
Bars,Tequila Bar and Grill,12/23/2014,gI--7bnevysnZUH_YZraxA,t0KSafJud8AOzFejLiyjQQ,1,1
Restaurants,Carmine's,12/23/2014,fP8oDK1_RA3Bh0xoSPTbtg,4VaRccJxaQwtGDZgYESAjg,1,3
Restaurants,Sicily's Pizza,12/23/2014,oaqpf02hyPTZYTSfVD6aiw,RVvn6kdz3Mcbz5VSirGIYQ,1,1
Bars,MIX,12/24/2014,,1tVUQgtUUEz4L_vaAiNhjA,1,5
Bars,Numb,12/24/2014,j6Yvz5YnguWj8J6MC1SWCA,B7g7l3W5m45JhyN5TjAwJQ,1,3
Bars,Parasol Up / Parasol Down,12/26/2014,HIvpcal1QciSwyZQn6Z6Ew,VFMVKqSOjzbwephsVxBCIQ,1,3
Bars,Db's Pong & Pool,12/27/2014,3F3Eqt6HAojc-DEiirwKQA,Hw15mbwnnSxB_y3b1LUk5A,1,1
Bars,Hyde Bellagio,12/27/2014,xaINo0S6CQ5pec9SyQq3KA,bMwjnEnfYcpn5OVTni903w,1,1
Bars,Lift Bar,12/27/2014,N6bjIi_8Dx9B7kvd029uqQ,OaFcpi3W4AwxrD8W2pgC_A,1,4
Restaurants,Mac Shack,12/27/2014,rqTpOCt6CYRZt7YVeUGb8w,SLcf6lY1jz_0P3IGUBULIQ,1,5
Restaurants,Nora's Cuisine,12/27/2014,MSq937t48z89_l5gg2N0qA,08cbjv8OpXdz51OumYvs9w,1,5
Restaurants,Parma By Chef Marc,12/27/2014,nTsO7QI2DYMKfRt7m2V1qQ,v_u2ai-jicfG1eXJYj4qzw,1,1
Bars,Buffalo Wild Wings,12/28/2014,DHbK5i_JMlfYWnBAtHN0PA,HR6F6dewPay4IPq2J_sQUQ,1,4
Bars,Rose. Rabbit. Lie.,12/28/2014,LVPBrEO7_08Tu2Ae4bXCRg,nG_zliKHG2PUttJa8z2APQ,1,5
Bars,Scooter's Pub,12/28/2014,mb9NAGkWnFAi3-05P6HmEA,z0EwyTRBfjtIZfKr73jAHQ,1,2
Bars,Tequila Bar and Grill,12/28/2014,DcrsK1812UMDG-MYktNcVA,HgpVwEK2C3tE09WwIjs4MA,1,3
Bars,The Brentwood Cafe And Tavern,12/28/2014,7_RsVcPer1kXhqqVSgf3kg,3s6Wzc1PG3_ITs7yfPj6MA,1,4
Restaurants,Buddy V's Ristorante,12/29/2014,lbuKH1uR_ZSluqvFCrm-yg,Pr87Il7V82pgyFKo1tKjSg,1,2
Restaurants,Nora's Cuisine,12/29/2014,noIimrXsP4ZhIx47_TP36A,LL0nY_B503ghwe9GXGV-HQ,1,2
Bars,Charcoal Room,12/30/2014,X_wZjbzcy4gIJznT8gwZ-g,r5DbSenwDILBk6bLHlYFEA,1,5
Restaurants,Fellini's Ristorante,12/30/2014,ScsjZ21DdBhz6zDLRJ1NJQ,LOwNSLWyCYMSstMWQ5GQ2g,1,5
Restaurants,Ferraro's  Restaurant & Wine Bar,12/30/2014,jX0GqEq-t9dWCL4lbamuvQ,IgMhM28GtVdkg7qwM-auLQ,1,4
Restaurants,La Bocce,12/30/2014,Ug7Y_iNtsCLkq9ecBX1WOg,AJqw32sKh60TUEkA5_cC4Q,1,5
Bars,Velveteen Rabbit,12/31/2014,VLN0d9JTUco4rG01__zcFA,yGjsNhvM3ZHMWbCXqUeeCg,1,4
Restaurants,Don Vito's,12/31/2014,Gg8W4LWAOT1K_SXbnq_rBA,ItxHuz9j3JCvNuSyLHh6XQ,1,1
Restaurants,Parma By Chef Marc,12/31/2014,AmzRauH_DHTW_dTv_jYY5w,SHQQcSLgPuAX818Z6qF_fQ,1,5
Bars,Four Kegs Sports Bar,1/1/2015,5Ed4VAXyYrRthi7qMaNGHw,aYRFZ8N-CjG10nVYpM62aw,1,5
Bars,Morels French Steakhouse & Bistro,1/1/2015,Offdhtnt4I5IBUWz_db9rA,Iu3Jo9ROp2IWC9FwtWOaUQ,1,3
Restaurants,Brio Tuscan Grille,1/1/2015,Lh2FHnGZIGCytJlOnuBcKA,OAaHbB_81wXii2bHCCjrWg,1,2
Restaurants,The Bootlegger Bistro,1/1/2015,99kRkz_Z6SdpL1yzvvx7AA,RTPBZcbrsMDRs0r3DnK9eA,1,5
Restaurants,Trattoria Nakamura-Ya,1/1/2015,AkfCfTMzbsiuDNk0yec0Yw,xclkeD_04ximD4_Q_pTw5Q,1,5
Bars,CUT,1/2/2015,l07KlbKi2Ky6CftqnY33vQ,2ZkgdALvQ-QkROkRbCdz7g,1,2
Bars,Park on Fremont,1/2/2015,H2R1ZRzUUpz1Sbx7xKheiA,NThWE5bpjXwTE3D-2YIHLw,1,4
Restaurants,Pasta Fresh,1/2/2015,3M8ajOj1UWmGOO4vMQUpGw,4aCmadf7GaGNe0PR0GEs6A,1,3
Bars,El Segundo Sol,1/3/2015,xZXbyOUYpwNRSGxnT_8EQA,Pmv9Obxv2YyrPhkg6s_ebw,1,4
Bars,The Peppermill Restaurant & Fireside Lounge,1/3/2015,chdVrvIEl-rLWLAqmeadog,Rw5re_rjvEFw4knn4dDOcQ,1,4
Cafes,Dim Sum Cafe,1/3/2015,emzauDNXPAbonCYXPnLWvA,GLWds-jDs3Kb7YN_eCuTTA,1,3
Restaurants,Amore Taste of Chicago,1/3/2015,4d6ZVp9aaiyTyMXu4Or96w,cVv5a9mdzvxlwOlkF-vBTA,1,2
Bars,Buffalo Wild Wings,1/4/2015,BGXrRUlSs8QcUNumLt9mzQ,mgViQiuQG_3d2CmLTNW9rA,1,4
Bars,Park on Fremont,1/4/2015,YLSqdgOtwjwjc-wGS3h9-g,562yN3nT7OWj1HDEzBjyrA,1,5
Bars,PBR Rock Bar & Grill,1/4/2015,MteZr8njiOFtXA_s1CqoNA,rd-Di8kjs7f-NojwmUCeXQ,1,3
Bars,SUSHISAMBA Las Vegas,1/4/2015,5abAKjwegK9TrVtBnmKMig,g6upQ4VqVIjr9MCLRcXkjA,1,1
Restaurants,Martorano's,1/4/2015,luptf8gtJK_zRw9xsipGRA,_Jwv2QL3XswCVilGLCvhNg,1,3
Restaurants,Trattoria Nakamura-Ya,1/4/2015,CFz4giSdbBTXtFAzL9UIVg,IzpG_DbKaXnyrHvnOgs4eg,1,4
Bars,Aces & Ales,1/5/2015,v23WPwHDssAU9abrPwEIEQ,CSrrdl7uGQkcq4XxqpJxtg,1,2
Bars,Dom DeMarco's Pizzeria & Bar,1/5/2015,OgSlYj8d2-1aTvsXSudByQ,brbbVsp5bwF108pA653t8A,1,4
Bars,Mingo Kitchen & Lounge,1/5/2015,KSCFqgLQH5u-o3JbappCVw,ioYS-ZYUpTTN_WovSSe_og,1,4
Bars,The Griffin,1/5/2015,bddaePTvh7p5xHmf99WLZg,LUz-UBJHorEITAeK34ffeQ,1,5
Restaurants,Battista's Hole In the Wall,1/5/2015,cM3tMVAeWIvioTd4YIiD2w,HEP2vvehNWdsqUsaV0Ti4A,1,3
Restaurants,Dal Toro Ristorante,1/5/2015,lobbyHOs-n95M0OCO_TKjw,iNUtX8g_GSCujvyr8oEd8w,1,1
Restaurants,Parma By Chef Marc,1/5/2015,hiRse31r_1l4Sj-zZOpjxQ,WY88KVHzVqIosEfjquNHIw,1,2
Restaurants,The Bootlegger Bistro,1/5/2015,GtzFS0nt79sNJNvBM-g4Lg,6vTw-YuCpbK2gWwcFLtGbA,1,5
Bars,Lily,1/6/2015,eiGUUYcxXNO4WDIG5kxzRA,xQj0_xExIf8JUooIwjpLzA,1,1
Bars,MIX,1/6/2015,E7UthaXPjrhfKSGhA5I1Vg,viPKbRIYfT1baJqWIKpJwA,1,4
Bars,Scooter's Pub,1/6/2015,dVZ27SKANRYppaRj_bIzVg,Z0L078Q5D1FJ0IDC8r9Idg,1,5
Restaurants,Lupo,1/6/2015,qAv64GtdeHEmlS73hzDoOg,gdC6YcdzzWpK1E1Yskl9Eg,1,5
Restaurants,Wolfgang Puck Pizzeria & Cucina,1/6/2015,JSQATEckIdi2UdgtwWZpyA,Pu2xou0QCeQm2IrEhVVWqw,1,4
Bars,CUT,1/7/2015,DOl9zrwPxtuIvXaTnhNt9Q,Bvqs_gS8JqiYsWnFhogKUQ,1,2
Bars,Rose. Rabbit. Lie.,1/7/2015,J0mz8BIfn3tLU6yjEhsgWQ,LS1wvSMsjs7NbwjG3_gH9g,1,5
Cafes,Grand Lux Cafe,1/7/2015,i9vlkeDZxgTL_lf0YZ8Rpg,qX_C7zzKJfFLg1Hm97F1HQ,1,5
Restaurants,Wolfgang Puck Pizzeria & Cucina,1/7/2015,OP0CBjNvu4Rlsmn1qJ2zlg,O4DnTxwBIBCx3bwXdIXY4Q,1,5
Bars,The Peppermill Restaurant & Fireside Lounge,1/8/2015,8libjijBjC7kxZFzVG6oQQ,qqtmFGhyyHc37coT4qJxaw,1,5
Restaurants,Dal Toro Ristorante,1/8/2015,CUHIA9ff4Nk5PBgCNPoTFw,I_47QWKPUD_2VsAf8oeAlQ,1,1
Restaurants,La Bocce,1/8/2015,5gEQYPBmIDUd8jYHsnvKPA,YUxAQq8ZkWdaY043JVwfAA,1,5
Restaurants,Mizumi,1/8/2015,e7fY-cENhtZK0UrmXBGoPA,WbGtuzSQ3X7y1ckAPqkuMA,1,3
Restaurants,The Bootlegger Bistro,1/9/2015,JRzTqQrPNYk6iTPwd7UnIg,aGOGsii7W0ytK9EomcclQQ,1,5
Bars,Grotto Ristorante,1/10/2015,o2Vo4iQklK2DMhjX157lZg,yqMjaKMXsrDNSK1k_TNC2g,1,4
Restaurants,Zoozacrackers Deli,1/10/2015,CBHoqRKlzEttjo5lFvoNmg,yRubqnQy4ExPYTel7KsNog,1,3
Bars,Avenue Cafe,1/11/2015,jTFjYQU0kjZ98NepZd_Dtg,ZaJsioc2B0eMozMbYIciog,1,4
Bars,Mandarin Bar,1/11/2015,cduvMdc3Vz23-hlao1fZVQ,dIhjeb1dn2bTY9sBXPVjVA,1,5
Bars,Park on Fremont,1/11/2015,VoUcr8XCyLayDCpF3olcrw,rz3mR0OGv3iINpRoBSaAsw,1,4
Restaurants,Sicily's Pizza,1/11/2015,bevg72l7Q6nLZiqq-9hLEQ,AJpOwkU1batnxs680e-lmg,1,3
Bars,Artisan Hotel Boutique,1/12/2015,7qcl1wENS-M6w90p7N8uGQ,1ilH28ipulWU-om7NMSDJA,1,4
Bars,Backstage Bar & Billiards,1/12/2015,Mmckf3g-Lxr1PdZoFiUqGA,xUosJ49gMZn8tEkTwF87MQ,1,5
Bars,Cornish Pasty Co.,1/12/2015,7I3HN3M9GKZIVQzWzYDK4w,Z2somGuuao5z1oMKo1bfSw,1,5
Bars,Piranha Nightclub,1/12/2015,oMuHeifxwWSTLUB21j8L6w,IF2L4dVpl_OP0bAGK1RgcQ,1,5
Bars,Wolfgang Puck Bar and Grill,1/12/2015,cfFb2Yxn6UvaC6f-zzvBSQ,_YTo5aq_DesjpOQJvPfGCQ,1,4
Restaurants,Olive Garden Italian Restaurant,1/12/2015,VsDlITMtFVnetEJD0tnB2g,Aru_h7Nxzfwpu-jCEZt20g,1,4
Restaurants,Trattoria Reggiano,1/12/2015,2jj0Jgv-ocutLULbDXP8Ig,Dq51uCAFrKCOoa68OVBEqg,1,3
Bars,Cornish Pasty Co.,1/13/2015,SFwOwNg75bXNFAiSiX54lA,XZqYgm6MVnac6vJkE_84Aw,1,5
Bars,The Peppermill Restaurant & Fireside Lounge,1/13/2015,,jdM1oxIX-HDTNy4HXqskNA,1,5
Restaurants,Il Mulino,1/14/2015,Y6i_cSpVdTMEyMiFJFe6AQ,mOuqzwvq7zQo_5psE4i3dw,1,5
Bars,Mulligans Landing,1/15/2015,gGeI3bcPLzFEAEk4_m42rg,Q0XrkZwIo3g6Uh06agjT5w,1,5
Bars,The Martini,1/15/2015,PIemUCAIR0p5XO8I_Ry2Zg,OxAuWIbDTdNkt0ym1bryNw,1,5
Bars,VooDoo Rooftop Nightclub,1/15/2015,Z4S86x43P43pYD5ei8z2Yw,j-5upFHoj1LYZ7FHTZYRyg,1,4
Cafes,Sterling Spoon Cafe,1/15/2015,DISS3WB7K4atwxiIQDIwVA,BXswN0yLjLWCyq-6F0bzXQ,1,3
Restaurants,D.O.C.G. Enoteca,1/16/2015,70Gm30PmilgRNOyjfpjApw,p_N63Zf3-ZGodW0DJejqHg,1,4
Bars,Azuza Hookah Lounge & Cafe,1/17/2015,i3dNoUIZDRtc6fgpToY5SQ,OnnxErmCz4_zOnjMRhW49A,1,1
Bars,Dom DeMarco's Pizzeria & Bar,1/17/2015,YntXf14a6f1Di7Qgd3Xa-A,UBqQeB-OgEtdHYXlvlm_6w,1,5
Bars,The Peppermill Restaurant & Fireside Lounge,1/17/2015,DSWsDZYGDTsJUubJ-nyGjg,-3aMPwJfocoj5l8oltLQhg,1,4
Bars,VooDoo Rooftop Nightclub,1/17/2015,5z6h-LDlljt1uAOMN6yjCQ,oRB0JqtWTp0KNddKtz8WqA,1,3
Restaurants,B&B Ristorante,1/17/2015,6Spb_igJvpqr5ErOqv_SnQ,_a-2y9WlHWquDfwilbwSJg,1,4
Bars,PT's,1/18/2015,WZ9DAcMGlEuYw35FZdDPog,iKs4OGcsqfkYvsuhPE-0Kg,1,1
Bars,Gordon Biersch Brewery Restaurant,1/19/2015,q2U3BNsXIgmWzszo4g9Pgw,7y__hO1UupPr6ONuZABtWw,1,1
Restaurants,Terra Rossa,1/19/2015,CzwZZTMnvGptRyATbN91fg,HhW6xQsVayNfzr4PQfyzZg,1,1
Bars,Brass Lounge,1/20/2015,S9OMXPpXQKLhNtcucoaVOQ,nHrgXUAVb6gis-wITPq6iQ,1,1
Bars,Señor Frog's,1/20/2015,AopJ170Do1qdpOPT5CdYnQ,XvMPguU7BApIoT5ubT3WbA,1,5
Bars,SUSHISAMBA Las Vegas,1/20/2015,AwopQlh2y2CcDNu1EKwqAA,0ZzpJIC81hBKjfyzjSzfBw,1,4
Bars,The Whisky Attic,1/20/2015,VsQD1nM3UsOhZWvwR1h6Rg,S4JQJsxl--t4ISbP_JakLQ,1,5
Restaurants,Little Italy Pizza,1/20/2015,cyE5h6FMLm08kPzL5uZuRQ,d2cTEU9xa_vZIDWWAvHyzA,1,3
Restaurants,Lupo,1/20/2015,nKrnVJb8kmrqJZtjTykC3w,p5qb97P1otbTHxXE-vl7SA,1,3
Restaurants,Maggiano's Little Italy,1/20/2015,ULIJ1R-iNvl7DTs6BsZ5iA,bVzE_FRTtmBRomvF9MnK2A,1,4
Restaurants,Maggiano's Little Italy,1/20/2015,h0Ih_auIcLpb_xd1WQN6wg,Ni3blUM8GcUrnKsK1i-2fA,1,3
Restaurants,Mizumi,1/20/2015,DjBHoTA99WH7OnxAVlJskw,Nhp1aOJSPuTQaEJ-N3oHcQ,1,1
Restaurants,Sergio's Italian Gardens,1/20/2015,nF_R6fcNl3f1pX-0q4iM5Q,ZTijjDIAUmGq1vyY0xloqA,1,5
Bars,SUSHISAMBA Las Vegas,1/21/2015,MHzz-xMLbR8t0MdvICG16g,g20OWdxrKop-dNf4eXEc7g,1,5
Restaurants,Buca di Beppo,1/21/2015,b2_80U3GB6RbkBHskeCW2g,wr5VQSrcIb0ArNG_K4WttQ,1,3
Restaurants,Casa Di Amore,1/21/2015,7enn-5Fs6mI8sfCBeDWoUA,69nSAQsjH43ro47OKJJ3dw,1,5
Bars,Eastside Lounge,1/22/2015,YOOOXWFwJC7j29Ck-2SgJQ,6l_ATA06SBvvPDMvMiKQgw,1,4
Bars,Evening Call,1/22/2015,ZgXgwpcXcyiCtdmvlad8zQ,ZEVHOeE7fIQu_aOJS8O_2w,1,5
Bars,The Peppermill Restaurant & Fireside Lounge,1/22/2015,LRhlBtizktWJvVWczsKH5A,FNQ34OL5sAyI3-srn0VVpA,1,5
Bars,Trump Hotel Lobby Bar,1/22/2015,wloWjiyjUXgcXiuoilUJZA,Stl9WX4I8mB8raC1UGrNiw,1,3
Bars,Wolfgang Puck Bar and Grill,1/22/2015,GKD_klBn3crVkMH0NQ0jtg,AjFjYRpfSWOOrBBTb7ExEg,1,4
Restaurants,Bartolotta Ristorante di Mare,1/22/2015,sO7kshCb1qETmezqGSub7Q,4jGnjQUArjFKOnxShpGLXw,1,5
Restaurants,Mac Shack Spring Valley,1/23/2015,_N1HJ96OB_x_8RYnDLc3Mw,ghxfRXPGpvQtFZGYoSGbcw,1,3
Restaurants,Rosati's,1/23/2015,hcF_SQIYyIA9S34LT8AjvQ,g261yzRTnM3XwtoMgxUVQg,1,1
Bars,Blondies Sports Bar & Grill,1/24/2015,Ho5H8WHoK96PdEW08qDa5w,xxDx71sfIonX7PbTWzReVQ,1,1
Bars,Layla Grill & Hookah,1/24/2015,wr5_YsiFLJV64azNNbWadg,PrHOS2ULE10AogBVhMGZJQ,1,5
Restaurants,Maggiano's Little Italy,1/24/2015,_4oTmG5_VSsUuMnt9JqmJg,QsCGgWZGJQERhUMyJeoCsA,1,4
Bars,4949 Lounge,1/25/2015,gmaEu1FjN5kfkrahbHOmzQ,UqjC9dsEuLUzEESpK6dMNA,1,5
Bars,Buffalo Wild Wings,1/26/2015,kc6gur6R-Dm-4Jre1JPFgQ,Z0L078Q5D1FJ0IDC8r9Idg,1,4
Bars,Buffalo Wild Wings,1/26/2015,uJlRP6D4J25StJ29e1bbIA,Z0L078Q5D1FJ0IDC8r9Idg,1,4
Bars,Cornish Pasty Co.,1/26/2015,p4RYw0CsMCh1bFTKkKUNrA,VrfFX5aaIPkJ9gZ2VEEE7Q,1,5
Bars,PT's,1/26/2015,6Tfsg7ylAj2n6ktAWgPBAA,Z0L078Q5D1FJ0IDC8r9Idg,1,4
Bars,Rose. Rabbit. Lie.,1/26/2015,gSZaAxVShtPy3qP38KnV1g,h4RkUrmcsMc0VTUCdaY4_g,1,5
Bars,Fleming's Prime Steakhouse & Wine Bar,1/27/2015,6PbJ23PdHM7QxeYJQ7uzOA,n0GH-IAovki1Zm6bA2fCrg,1,5
Bars,RePete's,1/27/2015,La3uS7MUKjhUB3DxTicN4w,jaLmaZiuAKeF0_IjupOpuA,1,5
Bars,The Chandelier,1/27/2015,E2RH1V_2PWmiWr9rQd8evA,7Yg5pPZhXU5BXp4U3wEJSA,1,5
Bars,El Segundo Sol,1/28/2015,1YpTfCFogC3sD4eAjaDfqA,QZhAraNxstvzh7TQ_Y4TFA,1,2
Bars,Remiix,1/28/2015,uE-BAxe67WokuC8nzF7I-g,QEPAhwPFhRwnsgzJgJPYPA,1,3
Bars,Scooter's Pub,1/28/2015,k-iKhKFy2GkGchqtYZyi-A,yf12P_T0AKLNzFt12zj16g,1,4
Bars,Twin Peaks,1/28/2015,6Qf7dyfpkSnC5VpmFDNjYA,U22-GzPv14TdK2lOuz21sQ,1,5
Cafes,The Bagel Cafe,1/28/2015,sT1cS168RcDCWJhYKeaRbg,IBJwYcDz-bgc2zd9IyN7bA,1,3
Restaurants,Brother's Italian Bistro,1/28/2015,5kscHO1DxswrrsN7HBkIbQ,g90NhvASj4nnX3KuF8NJkg,1,5
Restaurants,D.O.C.G. Enoteca,1/29/2015,8kjVt5a7Yglj6uzdcpWoIw,428PIf8C6V6QTl8JD_EqCQ,1,5
Bars,Aces & Ales,1/30/2015,4kg_FdQkHrMD_X41mEaYeA,2zPE-xJBYjdr9onDlUGQpw,1,4
Bars,Gold Spike,1/31/2015,FRajPOYSAa72bwMkQYyWfw,gWlYzFFYvUmyNNr6wg_Aqg,1,1
Bars,Hyde Bellagio,1/31/2015,f4ukea6Eas94PSGtEpO-vQ,49eiiFvvoazGXiH4vRQNMQ,1,5
Bars,MIX,1/31/2015,ldm6ftkRA4FO_wCzu3CPlw,O0R4bxeIgwhTqb3r-0yrGA,1,5
Restaurants,Brio Tuscan Grille,1/31/2015,2WR04uwZXi5yJvqNjV2jxg,d6W7jMKvAVWB7lbjkOPcxQ,1,5
Restaurants,Buddy V's Ristorante,1/31/2015,MGtk1aFqcnv8Ya6jXB1Tug,RWOt8qGkKpt2T4ABPqngnA,1,5
Restaurants,Margaritaville,1/31/2015,n7msLsqggkx5glcJ4swLkA,VleHp7XuMnrs6jiDcJMLYw,1,3
Bars,Azuza Hookah Lounge & Cafe,2/1/2015,LrPzavDiWi_yF0_-ugy8JQ,gtfBObJUlm_jh7OSbImpCg,1,5
Bars,Eastside Lounge,2/1/2015,KMx-mpmdK6PgGP5Xsbuakw,ay0jwqzU3llVWG6EIe37eQ,1,2
Bars,Fleming's Prime Steakhouse & Wine Bar,2/1/2015,GgKxgquNVe6etuBTmp0kLQ,VGd71AE2briy3xm98FY1Qw,1,4
Bars,Park on Fremont,2/1/2015,D1HVUVjmYBL1ltRPkOFz2Q,n8BYRz0aKLgW9NXygUwW4g,1,4
Restaurants,Il Fornaio,2/1/2015,D4k_ELB8ltuL4_dpc-YTvw,b6D1nQTnVPX0Qm5j7gkTRQ,1,5
Bars,BJ's Cocktail Lounge,2/2/2015,Mmy6s1WyrI9UQc2CdtKdiw,8y2P_bF1qwVnVujAyer7VA,1,5
Bars,Frankie's Tiki Room,2/2/2015,7zi9jXJaIpanrgpOsDVu4Q,ucS41Inrhg3vMIEOx3DIJw,1,5
Bars,Fun Hog Ranch,2/2/2015,_2LiOITPL7LQ_mNi3NJA7g,lcqiiyCOmFZpgjQAJgQtCQ,1,1
Bars,The Tap House,2/2/2015,BR2O7OahkWH4dnjrAyvUNg,IEP9n1zYdPZtiB8GWdC1TQ,1,5
Restaurants,Brio Tuscan Grille,2/2/2015,DV80fXpkUNybEJbvfXEXkA,oSPancvFx0jf_kIcdgXoVw,1,4
Restaurants,Margaritaville,2/2/2015,9707Jxl-5oTQal07ZjyY4g,904f7f0ZINvpHNlf-N6D4A,1,5
Bars,Embers,2/3/2015,xVfO2XUXWE8SQ_GvPF44Xw,OMQfwlfvFmt7e9E2b_sa3g,1,5
Bars,Rose. Rabbit. Lie.,2/3/2015,75TnqTD2HjkODKXuLQtHAw,5CXzx8dsA6so6xaeOavuAQ,1,5
Bars,Señor Frog's,2/3/2015,cxIvcVGGgDmh6bHvvzuhHw,PyCEV0hEr2V_nuyXfoGSHQ,1,4
Restaurants,Mizumi,2/3/2015,IBL0z1u0lRD3cq6W71bdyQ,hgAA8Qx5UwN2zfTmG52fAQ,1,2
Bars,Cloud 9 Hookah Lounge,2/4/2015,iSxsTC5LPHjW7637fAGKcQ,1g3NhA3rQlzcAGWgBieOqQ,1,1
Bars,El Sombrero Cafe,2/4/2015,EwYPd09RCTzMtazJzTF5kw,TtZ6u2n0pHtWoOjk6qqOzg,1,3
Restaurants,Dal Toro Ristorante,2/4/2015,TXWGtJ2HKCfZENOPn_RATQ,Z5EpaYg4vma-ffFNwCx23Q,1,2
Restaurants,Olive Garden Italian Restaurant,2/4/2015,YsCSbeq_Sua04c1Q15QHlA,iouNLzK2mt5OF35igS-DHA,1,2
Bars,Blue Martini,2/5/2015,VI1JITWIIl6XPctbzpeiyw,Wx0d8jCqhDpX0Amblsc1pQ,1,2
Bars,Diablo's Cantina,2/5/2015,Hm8TDKGwwXAN8IWIkyxhtA,21KpqrNgthw7CQSumLbL9w,1,2
Bars,The Peppermill Restaurant & Fireside Lounge,2/5/2015,13ziyqJkMlBYMeGcdsCmog,KamVh0DPxZJHRJkYrWcB1w,1,3
Bars,King's Room,2/6/2015,ig--5xoUMixLiwumetS6RQ,SPYHHw93BPbGInahA3bkEw,1,1
Bars,Nacho Daddy,2/6/2015,2tOaECwvBWVBJ-SEhHeiGg,4Bh4Qv3Y4dwlub8TJfeguQ,1,4
Bars,Rose. Rabbit. Lie.,2/6/2015,,iucKmLE-Q6I6dAI0ttR85Q,1,4
Restaurants,Buca di Beppo,2/6/2015,dZHsIsfezKaBgk77kMjoYg,TP0uwE_WffcQlO-3gf6tzQ,1,1
Restaurants,Country Club,2/6/2015,j2QMQVE0hq4wAHujms8j0A,tUaYPkP8k5bBaHJ58y1yHg,1,4
Bars,Aces Bar & Grill,2/7/2015,xepcazLvHZGke9qAeB-2IA,gxIcRvCD5-FGPilVBFddOA,1,5
Bars,Chayo Mexican Kitchen + Tequila Bar,2/7/2015,O5PRFYLvAwFUdBlv_ejPmQ,I1zM2-ZduoROyCO8CiqUtA,1,5
Bars,Hyde Bellagio,2/7/2015,MvfPZHW2ZRQWCJYBZZVlGA,iucKmLE-Q6I6dAI0ttR85Q,1,4
Bars,Level 107 Lounge,2/7/2015,pYfaC-UFGhmCkpTXZrx9_w,nF1L-f4l1DfghyHVZXUR7Q,1,4
Bars,Rose. Rabbit. Lie.,2/7/2015,TXoEtNNr-QdTg7KodPckAg,3FMdOQ2g9ANQgV33FtxW8A,1,2
Restaurants,Trattoria Reggiano,2/7/2015,ZUQRl2mj1lwewxCu0gIqiw,fUh377S-JWMpqHRIkS1f6g,1,3
Bars,Wolfgang Puck Bar and Grill,2/8/2015,trciRoCJKqHCi5ExTyZZFg,8KtNAgyoLS2pUGQONxx0vQ,1,3
Bars,Park on Fremont,2/9/2015,L7IYlaIlhAuKsd9EK4QnFA,gsdSJTKtaLtjynSD6hgQVw,1,4
Bars,The Chandelier,2/9/2015,sRQbO6aWyVY776Hwwf7eGQ,jE5xIZ5ZyVsYwcC-0agyYQ,1,5
Restaurants,Olive Garden Italian Restaurant,2/9/2015,ybuDMvffzhIQQ60UmZfRyA,CgoY-GMVUsZJdbsPM1OEmA,1,4
Bars,Aces & Ales,2/10/2015,9M7FTXVBB-pEmv_NuaWhdg,XHkzCzmIAB3DnjQO7v6jww,1,3
Bars,Cornish Pasty Co.,2/10/2015,Wp_ikVZ1Lf_Je4Zbd_bCCg,KSWrZDKsUCcRvLqpnwtRGA,1,5
Bars,CUT,2/10/2015,,n7Tzk_UhPEtSa_T6j8tFXg,1,5
Restaurants,Bacio,2/10/2015,_MC5gge-L72izXbr41qq8Q,KIKmorsGu-a86NwcoTTiTQ,1,4
Restaurants,Parma By Chef Marc,2/10/2015,RH9-ozmNPVFCIsPmEaSMqA,fqmZGwz4fFNXUB1taWW-WQ,1,1
Bars,Andrea's,2/11/2015,795Fg8vsC6SbSvzpVWKWTA,BN32Oqcyi1uL9YU3XQYb3Q,1,4
Bars,PBR Rock Bar & Grill,2/11/2015,jeYr0L5TIIOM4vx5M9rL3g,zPYfdSSKa1IkMFCfWErGeg,1,2
Restaurants,Cafe Volare,2/11/2015,G4HCh9Ro8i-qcObAzyXG7A,6l_ATA06SBvvPDMvMiKQgw,1,2
Restaurants,Scarpetta,2/11/2015,ct4PTqRUo_0djqReLFCV5Q,3gIfcQq5KxAegwCPXc83cQ,1,4
Bars,Don't Tell Mama,2/12/2015,nYsaKMgA092jO9WMUeFjjw,t6QAnX66QlTsa2g0pE-H5Q,1,4
Bars,Commonwealth,2/13/2015,wr1yGNG_4tnQlwiUxxjQ0A,bOatz7BH4oEyzpim6bjrcg,1,4
Bars,Cornish Pasty Co.,2/13/2015,hIFhDKCdgCphNgdKsurUoA,ZZXSK75aq25RQgo2eG-EbQ,1,4
Bars,Park on Fremont,2/13/2015,mziHEmYZQHLkxXD8bUAnbQ,bOatz7BH4oEyzpim6bjrcg,1,2
Bars,Mob Bar,2/14/2015,XXM1cAmb1VW_e2CVA6nsqA,JCAMf5uqifwWFqQReaDN0A,1,3
Bars,Piranha Nightclub,2/14/2015,9yu8eoY-IHnMqHhDiweR0Q,3Y27vBOZzbkBhelwqu0rIQ,1,4
Bars,Rose. Rabbit. Lie.,2/14/2015,nULeFAUDzV0K_B3So2zqWw,Fw6JlLpwcg1abSIYedbQJA,1,2
Bars,Zodie's,2/14/2015,uRZt4D6jEAx9CQdpXTa4xg,EjVJIn6NVH-fc7LffL1LYg,1,5
Restaurants,Olive Garden Italian Restaurant,2/14/2015,E6ZByz-YWpkq_5udCvWbRA,5ZlrjJ7yMiEfZq2YnqFPkQ,1,4
Bars,Hacienda Del Rey,2/15/2015,TdhfhYbZ3WHtZIYuY0oOiA,jbsIg4bpl3oaNmbz4mrvRQ,1,2
Cafes,The Bagel Cafe,2/15/2015,uEh1ffV3PQ-lACjvqgMc2g,RKVUU3Iwg6GN2kAk0WjXYA,1,2
Restaurants,Brio Tuscan Grille,2/15/2015,MA0MycMfxQ1qTazGTeclaA,K65-2VsS6SwsFlOgzii-8w,1,2
Restaurants,Scarpetta,2/15/2015,Pcm6H5lfTAs85sxSckMfJw,MXeqeJ8HsQF1OiYI_XlrLQ,1,5
Restaurants,Trattoria Reggiano,2/15/2015,QwbW7BMALYomwnMdEPXaxA,g71ynXJkxsXp2gCqdWcs9A,1,4
Restaurants,Wolfgang Puck Pizzeria & Cucina,2/15/2015,wNsNB6I5baAEiSYmmNPYZw,t57LnzTE0T_9o-sWQkK_TA,1,1
Bars,Fleming's Prime Steakhouse & Wine Bar,2/16/2015,XRNV8IN1B6zVRpnaRgC9hg,WD6asPwvq7K8itTyxMFmlA,1,5
Restaurants,Buddy V's Ristorante,2/16/2015,9cnkmqGlVLIEXtrHzRR3RQ,GKaExnD1ElNiIRUM-0Zeqg,1,1
Restaurants,Buddy V's Ristorante,2/16/2015,xUOJb2ylj8GZnrqyHoGmfw,iQTOwoJxHobk4kidfUIW9Q,1,4
Restaurants,Mezzo Bistro and Wine,2/16/2015,oVBcVe3YkuCElwDOYKAdvQ,Z2VQxuQ_hhJi_zfAnUJcZw,1,5
Restaurants,Pasta Fresh,2/16/2015,2CWXPwvfwBKT82UIlLhVOw,ia1nTRAQEaFWv0cwADeK7g,1,5
Restaurants,Sinatra,2/16/2015,DWPA4EhO-UsZVywmdW7hpQ,RZijoU1yaze7SDN8NSNt7A,1,5
Bars,Carnaval Court Bar & Grill,2/17/2015,forEMh8v3JHOBeRXLEgRhQ,OZfcuoU9kyVgyzcPee_4cw,1,4
Bars,Chayo Mexican Kitchen + Tequila Bar,2/17/2015,yCi8_375fnSs7YqNkBBPkw,a1THqVs9gQtu_GAQXPLuig,1,1
Bars,Panevino Restaurant,2/17/2015,ww_Qe3-cYLebjSJE4zqynw,mQNkYgA-a3KXhP7S08scIA,1,5
Restaurants,Parma By Chef Marc,2/17/2015,GtkVXmI6IzzAeF8MPGzpmA,Vc448k1yKmS03GPIc_NXXw,1,5
Restaurants,Brio Tuscan Grille,2/18/2015,6ZlUrolZl8-9Gfv3Zenf_A,wdk23Z76EwJCMO2Qywx2-g,1,5
Bars,La Casa Cigars & Lounge,2/19/2015,81TgdEl_Pzko9dBTUqtXFw,xQG_s1LkXzOVPLOIYpngjg,1,1
Bars,Badlands Saloon,2/20/2015,JbogjFE4Ba3IdVV-T82wTw,wD2G9V91N08pG9sJ-3hVIA,1,5
Bars,Slice of Vegas,2/20/2015,AbkRS74LtFwjFgLEQkpmqg,brPRPh0zO-lfoiEJlNRLmw,1,5
Bars,Tequila Bar and Grill,2/20/2015,OV5yEucpgxD_kOMHkJM3nQ,WMQxH-6zZOgzZuJB4zemHA,1,3
Restaurants,Allegro,2/20/2015,mes_e-LJK66qtYaSknDgoQ,T9XyrG42521vgrHKQMBeVw,1,3
Restaurants,Bartolotta Ristorante di Mare,2/20/2015,Vc_SDwMWNkwrEs5Ic2xsMA,27Nf__I_M58pjtBEon6lJw,1,1
Restaurants,Allegro,2/21/2015,,pTCuf66nOSqX_RV3IML7EQ,1,4
Restaurants,Buddy V's Ristorante,2/21/2015,,D0fV9JwkOPxNsbtSA_lu4w,1,4
Restaurants,Ferraro's  Restaurant & Wine Bar,2/21/2015,E7b4T9-vaQZ1bIBM-qNFsQ,4IXrPP5SpLeFziRxh-hxpg,1,5
Restaurants,Sicily's Pizza,2/21/2015,hgITghV_CjKLss1syZo9ww,_kjenHnyhQJoKIOYWwwhgg,1,2
Bars,Ceo Hookah Lounge And Bar,2/22/2015,qZRdN0dpxcz4ul8XqBCF3A,QObxLjm1gLFlGtrYWJmNow,1,3
Bars,The Deuce Lounge,2/22/2015,SQsr4yFqsASiyboziNg6eQ,nbhtOgefD8vIqQiwHDaRGg,1,5
Cafes,Dim Sum Cafe,2/22/2015,I1F9rvhXzS9tYhHZKDy0Cw,TlBlV5aru5FsvCgF99Qydg,1,2
Restaurants,Amore Taste of Chicago,2/22/2015,RNAgdSSK5iBIwc0jfjGSfg,INWQK1GWW8gv3EZB-JH6XQ,1,5
Bars,CUT,2/23/2015,pCHyWf3QvlHWW68EB7B-ZA,kMF-xaou3PEH9o8aMuhV_w,1,5
Bars,Hogs and Heifers,2/23/2015,0TOJI2MqZTTC8uleSpPf0Q,K-_p8TUzvIJvo7Ciphcuqw,1,1
Bars,The Blind Pig,2/23/2015,wCRtl2hIMjZ9R1ucj-sahA,CY5c3_SWo5hJfc82mGOtJQ,1,5
Restaurants,Lupo,2/23/2015,tmZZhAibfkH9dkRtAIzftQ,R0nLKkdi3qbRgfD4eYXq8g,1,3
Bars,CUT,2/24/2015,icK0Gi331RtLfQ6tespwAQ,4G_0tRg_p-anD7keCGpO_g,1,5
Bars,CUT,2/24/2015,XMVVPXQeByil9wS-1lPc9g,lHbeDjwP3jUAud5598-WXA,1,5
Bars,Gold Spike,2/24/2015,7MZq5ab6oCIiZJyBaCUh9A,n1BWg2ZfGb8zemNMnBZFDA,1,4
Bars,Lagasse's Stadium,2/24/2015,2iZ96yjV6cP81Zh0y2ks7Q,Ur388nOdFnZeLxDYftf3TA,1,3
Bars,Mad Matty's Bar & Grille,2/24/2015,LnKmVvRz1ZSZQo8sOkEvtQ,zPp7m6oDCDz0A4FxFQMkYw,1,4
Bars,Scarlet Bar,2/24/2015,9lQKp_qNepSzUMYTS56fJQ,rUBDY8uN12QX07G8u7HXyQ,1,5
Restaurants,Bartolotta Ristorante di Mare,2/24/2015,YNaA2-eflz9iD7Zmp9-AWA,MR1X9tO3YsYfsF9lY4nOQQ,1,4
Restaurants,Mac Shack,2/24/2015,XyxyifuUQf8t1Yp7O5WDEA,WaadgVcGvWR4tdIQAtgFdw,1,4
Restaurants,Mizumi,2/24/2015,o7i_7Br4BDY5zUSOIgYyNQ,lHbeDjwP3jUAud5598-WXA,1,4
Restaurants,Scarpetta,2/24/2015,_nJXKzWLkcq8ir_FNHDJnw,c7kvyDjNE9g1rmeCo3BjuQ,1,5
Restaurants,The Sicilian Restorante,2/24/2015,RGqfOuOhd2dzk3i0hwKDKw,n1BWg2ZfGb8zemNMnBZFDA,1,2
Bars,McMullan's Irish Pub,2/25/2015,OI6BA3Rto6HsI8FMkyt0iA,kMKGMnsBTNdT49ARFPAsGQ,1,5
Bars,Mob Bar,2/25/2015,tZV7iiZfQX1cLT3m232x9w,eOUd8YjZISG75y5zkikk1Q,1,1
Bars,SUSHISAMBA Las Vegas,2/25/2015,YKxr24q2fruBZYxngVlv5Q,jilzpqYoFO-gM3dMt2BvvQ,1,5
Restaurants,Brother's Italian Bistro,2/25/2015,sTolJXH_jJmWmfj1Ks87Pw,ck3pXc6VnXkYucB_CQcovg,1,1
Restaurants,Casa Di Amore,2/25/2015,8SFnE9ghBNRxY8VbCFoxUg,N7wNlo3_EaHUWHiFDyGh5g,1,3
Bars,Buffalo Wild Wings,2/26/2015,SMs6C0g4d7NeXECaoUeFhA,A77Yq9wvaDwGceg7UI8NVg,1,4
Bars,Mandarin Bar,2/26/2015,sZBZ5EHinshTnHTpR0MSiw,xT3nCjsC6LHtrid-0LWQ_w,1,2
Bars,The Lady Silvia,2/26/2015,bTSL-ujcEo0fsDDMBZ7mhA,oGJOY8nY81A1IgPAT_KXGw,1,5
Restaurants,Brio Tuscan Grille,2/26/2015,lk9kwQOBYFtn-2DxVoSrlA,12GDbDND8Kex7MsxB4e8Og,1,5
Restaurants,Buddy V's Ristorante,2/26/2015,mSmdHGS9Ja3R3ROHGB3uRw,wsA9kEzZ8QMn7g-NuHXSJA,1,4
Restaurants,Salvatore's,2/26/2015,rSJ_adUNeCnFwpIupAxVoA,wcspCwHj1kGIzYVM_IHdcA,1,5
Bars,Frankie's Tiki Room,2/28/2015,uuDxaG-wGQrlxPV1BMwYQQ,aJ_WN6XfI0XeVtmrPQbWuQ,1,5
Bars,Rose. Rabbit. Lie.,2/28/2015,O3r_8x5Y4JTq7mXahQ4brQ,PTQ4JM73S5Sl_TvIEiMzog,1,4
Bars,SUSHISAMBA Las Vegas,2/28/2015,3CzGLopWh8o19eglEpfAvQ,qa50nkC5QFrE47ME7K4zlw,1,5
Cafes,Fresh Mama,2/28/2015,RVc56hTum-OESPavmXO0ow,Ox7DnjGXOOeCd5LGx23jNw,1,2
Bars,Chayo Mexican Kitchen + Tequila Bar,3/1/2015,kF8X9BZunH51x1WbkvMheQ,_l6LD7f0kWpkcolQ9bdP_w,1,4
Bars,Mob Bar,3/1/2015,fmqmRmLq6wotAkzcI6EAUA,TUa2lq7MZ7_dKKVDDKRLIw,1,5
Restaurants,Battista's Hole In the Wall,3/1/2015,,TXXydQ7RgEpAPJh1YIp2zA,1,5
Restaurants,Martorano's,3/1/2015,gFX-1lYQXzS4c7TMhr3mrA,vZTMpshIUAVTQzjhfyqN-A,1,5
Restaurants,Wing Lei,3/1/2015,wfuEHw3fWia50hC5Yfi04w,XpxK7cAT4R3wQjHOZccasw,1,4
Bars,Azuza Hookah Lounge & Cafe,3/2/2015,n1qAomEYKGNaHFCl4VjIqA,Hua-OqvZ3aWAzed7KpWNgQ,1,5
Bars,Mulligans Landing,3/2/2015,ILJFPMtQodlK2R7cFlID9A,2xgvMsY8EQD_NGc6l1Pj0g,1,3
Bars,Piranha Nightclub,3/2/2015,3oO3f2HW9OGGiTJ-cXOpRQ,RLgauFovW4634gZJlRCfzA,1,4
Bars,She by Morton's,3/2/2015,OyNE4BPxFQ6XhcDG9H0b-g,C6wP3TzOYV_vKvUzh6IoCQ,1,4
Bars,Tommy Rocker's,3/2/2015,9cfUWcdipSHsSeas40pUOg,wi6_QE6XhHjcIYI_zP0BQQ,1,5
Cafes,The Bagel Cafe,3/2/2015,iy-hjwv_GrvvMswLknXt7g,SicbPpGwJbMOhYiCuXJv9A,1,1
Bars,SUSHISAMBA Las Vegas,3/3/2015,Gch3ciaoTdFVM79SmM9WXw,qtaXru23k-37b5L5jLDJOQ,1,5
Bars,The Chandelier,3/3/2015,bsx8QdaGiNguSJuPBs6Y9g,uHPanuM45jKlLfkfI6DBSw,1,4
Restaurants,Carmine's,3/3/2015,JYFYsfDE_N8u8H5WDYr8EA,5TexH7m0fEUM-qKF23nYTQ,1,4
Restaurants,Otto Enoteca Pizzeria,3/3/2015,z-QneRJ9hgrP5HPNRUyAwA,srpdiDC8rj52aSq26WCYTg,1,5
Bars,Rhumbar,3/4/2015,3aaN7LPW5X1t4kcAynlXHw,doNamOIq4WZnaTtlfh9HLg,1,5
Bars,SUSHISAMBA Las Vegas,3/4/2015,fY7wv7gggbxC0skV_fBfSQ,qf-qXBys062QRrdrX_Tq3g,1,2
Restaurants,Wolfgang Puck Pizzeria & Cucina,3/5/2015,lzlTnbH4svkTU3xZV4eoJw,NfHxV49mtVRq8enjdq1CeQ,1,5
Restaurants,Brio Tuscan Grille,3/6/2015,,Wx0d8jCqhDpX0Amblsc1pQ,1,2
Bars,Double Barrel Roadhouse,3/7/2015,2SMuAlnJExodzooMQmytRA,u2OeUAdLrZG4rUOvXWyCew,1,3
Bars,MIX,3/7/2015,_xKrpaRlx39WxBH9ICBbTQ,XAe8QMzNULnAlTPAkJSP_Q,1,3
Restaurants,Cafe Volare,3/7/2015,VIrBT-6vKSpVT2MEwc-T4g,6g2kdvO_ZeFkXheLZdQA_Q,1,4
Bars,Fleming's Prime Steakhouse & Wine Bar,3/8/2015,e8mYfZ8zw4F8D6skL8jU4w,3gXSBmwDDYfERKLGoVj3qw,1,5
Bars,The Chandelier,3/8/2015,zCB7UWA16n5YFSfDzWIq8g,O7KXKIy8OG9DcdkBK7mY6g,1,1
Bars,Cornish Pasty Co.,3/9/2015,OpK-kSie5wqmwP1y0enlcA,2HmHgW3hRYvXYFmQyQtLuw,1,4
Bars,MIX,3/9/2015,21TX1pRFiRCFOY3FIt3aVg,WAZjeligKET07zPCtGPKjQ,1,4
Restaurants,Trattoria Reggiano,3/10/2015,RK201KTpHgeQ0w5H0xxKyw,MIEayLZgxbU2z_i7o_L2IA,1,4
Bars,Andrea's,3/11/2015,Wh0Li0Ykxh_Gse0SvfbGZw,hdkhQVWj8HzlBFklHuZk6g,1,4
Bars,Gold Spike,3/11/2015,ZOsqhEyIyNtUjnKbcPYBdg,M692cAsdoXNtfHSGZseByw,1,3
Bars,Hogs and Heifers,3/11/2015,Jt4es1b-_e5_3zhU2oeu2g,vLjKm-WzYDOjKPBKvgDh9w,1,1
Bars,She by Morton's,3/11/2015,vO-iZN1w_shDDYXjCkR7oA,D9_Z7NgKHOC4jJLhXujrOw,1,4
Restaurants,Bartolotta Ristorante di Mare,3/12/2015,,mb7e8_R23RL3q5IMHkURWA,1,5
Restaurants,Vit's Pizza,3/12/2015,ktbU3PpVpRq-QQso6-D4bw,kKGJNwPYuNtif4uwwv2u6Q,1,3
Bars,Blondies Sports Bar & Grill,3/13/2015,ipjYJJ8ZD3PlLBZKzuA34w,AzjAZSR1MDQNBPwWoLZXZg,1,5
Bars,Cheyenne Saloon,3/13/2015,tfvDOac_kAeoa_RGuNQcDw,MBZDzN04PlnKUnWUw6-yTQ,1,4
Cafes,The Bistro Buffet,3/14/2015,2Jyc5BXVLXPHmMYxNgL0-w,MbrquU3MmopdnAWrF38D_w,1,2
Restaurants,Buca di Beppo,3/14/2015,qWA7YwPaSqZ8IiMvYyXPhw,7N0D2Z1DAFMyzNVfkIwwCg,1,4
Bars,Nacho Daddy,3/15/2015,XAaCdSLaetb5rKpPjZDtZA,4La9J_QAZ9sEkCCO1cYVVA,1,2
Bars,TGI Friday's,3/15/2015,KT82RLOYLNw3bLB3ivi-TA,y2zwsT-arc0H2rR5yKR2XQ,1,2
Restaurants,Buddy V's Ristorante,3/15/2015,zs38MYA3qZ9ir1Do7lDaHA,2WwMizvZVAwp8C_BXdigpw,1,1
Restaurants,Rocco's NY Pizza,3/15/2015,KhiBaX85mPFoitbZ1Te6jg,zQSsG3m36qZAu02688G8-Q,1,5
Bars,Azuza Hookah Lounge & Cafe,3/16/2015,HrtBArrRnalGz6QpK6ZrJg,p1v8t9bq1MkLDHu2dDdQxw,1,5
Bars,Bar 702,3/16/2015,Pg7frkp-jrr3RpXTw02drw,tKOv-oqIof-zFhypm15dNg,1,2
Bars,The Blind Pig,3/16/2015,4M2IDrBwxgZgaO4n4gScYQ,pKMMRWZDTCqfRSXkPKyo4Q,1,4
Restaurants,Bacio,3/16/2015,kKV9gZOAjnG5nISXBXD77Q,YFUtsFgXA1hAbT2BfQ7VmA,1,3
Restaurants,Buddy V's Ristorante,3/16/2015,nEvhbjhsE5ExS1F9qS212A,3X35uWkQSL2h7FcXqfDmqg,1,3
Restaurants,Rao's,3/16/2015,e26qWoudSBOODQiBA90CwA,JVCuLfMIkAhdn2DzX7FMBQ,1,5
Bars,Blvd. Cocktail Company,3/17/2015,ql1ShzC-sHPhVy0614aCjg,JMH9QGF5MQR1hXCk42aV4g,1,3
Bars,Fleming's Prime Steakhouse & Wine Bar,3/17/2015,ccG75Hli3w3u-txUBbmVXw,6UDerGj4xukPy6hBrOxZVA,1,4
Bars,Slice of Vegas,3/17/2015,oibbAM5yNo9jMzc_VJ_JbQ,6GlZxuf27X7olrtkj09rRQ,1,2
Cafes,The Bagel Cafe,3/17/2015,6MxGdAm7Z4Z6eDapSJcEAw,SM9pUee9_mKBUglbSYwadQ,1,4
Bars,Double Barrel Roadhouse,3/18/2015,fMIwelavY_tXEo5MjNOHKA,WZgq2LvPI3wZPWCla00COg,1,1
Cafes,The Bagel Cafe,3/18/2015,R2QGPbEc-JEGnwihKMMaEA,FdH0LcC1vDPSf2DQ3E0C0Q,1,5
Restaurants,Rao's,3/18/2015,eS_M6yGFPhtenuEE4x2G-A,p7dvahRPZIWL7T6pFA_0dg,1,3
Restaurants,Wolfgang Puck Pizzeria & Cucina,3/18/2015,gY5gWMsOyYuXRT-7BTrmkA,ThYCpRTc8xp3ugerUKgppA,1,4
Bars,Cornish Pasty Co.,3/19/2015,OFHfLk4TIyi88EY5X-kt6A,ynFKEc3rx43CHDbNY1VMsA,1,5
Bars,Minus 5 Ice Lounge,3/19/2015,I7FAhXFQTyyTz4Nf37qhfg,_6QXt-6I2QjvpQ-Yvkwd0A,1,3
Bars,Nacho Daddy,3/19/2015,_R8YHyHi6ycnxGFxviArUw,EjDUk4NealHevRUluLWrUw,1,2
Bars,Rhumbar,3/19/2015,WNjYausLVNAIGRAI-xkoZQ,qQREKuWET5A8lj3B2niArQ,1,4
Bars,The Martini,3/19/2015,iHhhTiD0cFoX_sSz6KII1A,CbXuIuuO05kLx95JhthHcA,1,5
Bars,Morels French Steakhouse & Bistro,3/20/2015,JqhIsV5cAf0VUvzUPEYGCg,nOgvhHtEUhEFomMei2C0Zw,1,5
Bars,SUSHISAMBA Las Vegas,3/20/2015,AqtBvAlUnSNNTGZCxfXavQ,DJHr--nGL1qpBcazPjwLlg,1,2
Bars,Art Bar,3/21/2015,AnLH6BV_EJbZ5SeTVmm_Ug,gz0KE2ovHMcaqQ2-gR1w3g,1,3
Bars,The Peppermill Restaurant & Fireside Lounge,3/21/2015,DQ5M54GoBjGVBb1pEX8KsQ,SEe2Zrn3-P-pQ02STGBYoA,1,4
Bars,Art Bar,3/22/2015,O4fd_RZze3rH_Kpum28lXA,p3ByTmxSRTgVde4IYMXySw,1,5
Bars,Bjs Cocktail Lounge Decatur,3/22/2015,j-iHJG55h2_8v0y0VZVL1Q,4fcRjq0HzDlNsK1GnvFlxA,1,4
Bars,Cornish Pasty Co.,3/22/2015,Hi53ZC9pd68-fenvJfbEvw,L6j7KNncXIOrinkUB-rrXA,1,4
Bars,Dom DeMarco's Pizzeria & Bar,3/22/2015,y0mNu1gO-ocfwZ0phWRuJA,XAh7WAe5hhuKyxW8XQgghw,1,2
Bars,Fleming's Prime Steakhouse & Wine Bar,3/22/2015,OTiKedr6zQTPPU1S5ZvBHw,qctReIfsN-72uZK6L9UNbw,1,5
Bars,Free Zone,3/22/2015,MGAqbnoJDAulm2V65NxMvQ,iM2ChilW9K3-wWb_qGR9pQ,1,2
Bars,The Chandelier,3/22/2015,QJlKW8jhbNlCCU4KLKV58A,jx021JgSzi7TVOMEIJWv-Q,1,4
Bars,The Peppermill Restaurant & Fireside Lounge,3/22/2015,cjc9goZK6mETqObBbVkW2w,_WWeaHWFwFxSjtU-iCy9eQ,1,5
Bars,The Peppermill Restaurant & Fireside Lounge,3/22/2015,Ilf4xwj5o4aIC6ZQqvBCNg,ArpmY3sIbNDJgVfbItWh2Q,1,1
Restaurants,Olive Garden Italian Restaurant,3/22/2015,EFcD9_JFsAEp4TbGimVKbQ,gVoBNmIbFWqtTVHkrHWwYw,1,1
Restaurants,Terra Rossa,3/22/2015,rXpBN_bZYP75zTNog6nOJg,kspiBiIPKDRrwOKkdZjTEg,1,2
Bars,Backstage Bar & Billiards,3/23/2015,z-tQITFM_lTgT1EnaT61UA,JIfwx7kQkp7dOBpqDoCeQg,1,4
Bars,Eastside Lounge,3/23/2015,NICNbyPm4i5CC-hcS1xocQ,RT-_N6f23C0H3PEsU0nPrg,1,5
Bars,Fleming's Prime Steakhouse & Wine Bar,3/23/2015,uZx_aFCObQ8gntwww0j-lQ,xV1hf20ZFDSoaMZmwLoHNg,1,4
Bars,Chayo Mexican Kitchen + Tequila Bar,3/24/2015,,tzD0Vbq85GAa39h4x2e57Q,1,1
Restaurants,Il Fornaio,3/24/2015,PPK1MHUdUwLAizU7R89RTw,werERpDETpVrvywRIroX-Q,1,3
Restaurants,Gina's Bistro,3/25/2015,MDVMaBszhMISpIo0pKZiPA,5xJif2ga7axvRib1x-HKiA,1,5
Bars,Aces Bar & Grill,3/26/2015,GbHFZ-o5Ta4FfRBppceK-A,RbbIahWLojqPIoMNXT9CYg,1,5
Bars,McMullan's Irish Pub,3/26/2015,aN3Oh2xvaEi7BiOyoib6Rg,c_ya0JgYKX_yLRcCOcIBKA,1,5
Bars,VooDoo Rooftop Nightclub,3/26/2015,rgwjc3pb1OilY1pKPy5GYg,f81VwQV4O3AP5cbrVbXIVg,1,2
Cafes,Tiffany's Cafe,3/26/2015,Uzevqn4W0mb1nSXSajKh8w,6z9TXK9z7FbuRvMY-Grccw,1,4
Restaurants,Allegro,3/26/2015,J7yGEOSXTHfds01JKE-4Sg,myiIyacW_soLwlc1plU3Qg,1,4
Restaurants,B&B Ristorante,3/26/2015,CMuDwBXff3rWu3oX9tQ09g,SqRRxi_5IA2QekFEh6NFkw,1,5
Restaurants,Carmine's,3/26/2015,ChGEAw1-vx3_hqUE4O2mIg,Mh3wL6T-sX9sDel2bbQkjQ,1,4
Bars,Blvd. Cocktail Company,3/27/2015,jg02v72I2YSDgFp4WnfR6w,ci67CmnSsnvjiC3xlG_N0A,1,5
Bars,Cornish Pasty Co.,3/27/2015,u8JQi9vX_g5URvkBKrLWpw,rzHZ3iYVQe_8h2e42DbUsw,1,4
Bars,Office 5 Bar & Grill,3/27/2015,fjGLw2Uo71wQBlha2yIqQg,8gii5buZod8elTujOCK9Qw,1,4
Bars,Señor Frog's,3/27/2015,ELNFliUNKNRETsWriI9n5g,7_XwjOebd1temr3CaqGwpg,1,2
Restaurants,Cafe Chloe,3/27/2015,gQzE5soq9RP_ZqhjHd2lSw,RBh6157C2Qz_J2sNUeUdaw,1,2
Restaurants,Capo's Italian Cuisine,3/27/2015,sWOcaEVC8V8PCXgH6MrOWw,Hrj8gWt4OaEEnqSQBdaR6w,1,4
Restaurants,Strings Italian Cafe,3/27/2015,6bpbWB62kRLvLr7Spl1OOA,X2Ap-PQx5DHPLCOtaG1Wvg,1,1
Bars,Park on Fremont,3/28/2015,fnXqpCArP2tQKADMuPDDmg,14f6m6_lU943aWTTddYyGg,1,2
Bars,Social House,3/28/2015,OLqJsDhF7xXhOSqYPLU7Nw,pKMMRWZDTCqfRSXkPKyo4Q,1,4
Bars,The Garage,3/28/2015,wcvln8ZrkVVbl6yXpQf1Dg,950QPXozhc_44mMEC8JAxQ,1,4
Restaurants,Margaritaville,3/28/2015,71T8Hqifzy8yWU5OSlAHnA,6qSmIhagAmOiheS2WKBDwg,1,4
Bars,Hyde Bellagio,3/29/2015,5-z23fXz5AlV5UUnxhXHwQ,ac5LQkf58PRjQq2Xgufc1Q,1,1
Bars,All-American Bar & Grille,3/30/2015,i3kkKKDwH8oTJqvxGfYZ5g,e-80Kq91REJu2WnuZPwYAQ,1,5
Bars,Commonwealth,3/30/2015,DLISz8dRqaB1DZWzSZnquA,MWlXsotx1HW-3iXMLu0zaw,1,2
Bars,Minus 5 Ice Lounge,3/30/2015,10GgGvDf7_Xhlnl-m6weFg,FIuMt7vNZ812YYJ24rgBhw,1,3
Bars,SUSHISAMBA Las Vegas,3/30/2015,-vlj4iQduB-0nHtfcKpyKw,R5EoJtHDggU_-EpNKHoDpA,1,4
Cafes,The Bagel Cafe,3/30/2015,6wLaC-VF7rdocH8OwZ3LeQ,zl-NWC5npTiklGaMyZpz1w,1,2
Restaurants,Trattoria Nakamura-Ya,3/30/2015,BpKuWbvY9FXFrBNmoZOcXQ,5HeTig4-lLFlYcb5QckZMw,1,5
Bars,Chayo Mexican Kitchen + Tequila Bar,3/31/2015,I97j4lp0EkIQdXitOAoPzQ,1ky-tQdc3j-1ShFvBovjsw,1,1
Bars,The Blind Pig,3/31/2015,LK5dbz9Ms6YcLXQI8HHrIQ,TP7sLkFx66AYCIcfOdlQHA,1,4
Restaurants,Battista's Hole In the Wall,3/31/2015,HBjJ8VEWE2rTyibeIbmHpg,h-WzC1CeV0VJ-MN6Hnhvmw,1,2
Restaurants,Il Fornaio,3/31/2015,Jlo9HqHQ5gGKcnieIgauAg,zkPL5xmpm_XUSQjYuiPlhg,1,1
Bars,Chayo Mexican Kitchen + Tequila Bar,4/1/2015,l8A7kV2UeNDcJWFGnd5fOg,X3l57cT2C4DzZVP0K8I8qA,1,2
Bars,MIX,4/1/2015,ODE8fSsGwiiGwUl5uI53ig,enaF8bv_4zSC3CrpjGVnBA,1,5
Bars,Mob Bar,4/1/2015,7F0rWHlDmqgyyQ0R6BvmOw,qGCa7Zi791PkOOsFgyfonw,1,4
Restaurants,Amore Taste of Chicago,4/1/2015,gmPAKrIbB56s5pSpgIy2Tw,_54tqTfa7iYiQeSxFzR9pw,1,1
Restaurants,Brio Tuscan Grille,4/1/2015,JHXmRD_URkmKYAN70CTO3w,RlEoXAedTdXx615J0JhSOQ,1,3
Restaurants,Rocco's NY Pizza,4/1/2015,J9ntuMVo8--mOHnz30kBmA,yKfXwOlOBvp7FP2fnhPWOw,1,5
Bars,Cornish Pasty Co.,4/2/2015,tmY2W7QEWz3dfOWF6ZZHPg,51gS2JHgVj-vdS26avLfhw,1,5
Bars,Diablo's Cantina,4/2/2015,gik3jlPwCWRfoJHtflCe8g,qmbJnum9I3IXI_mDVnyNpQ,1,1
Bars,Frankie's Tiki Room,4/2/2015,ARUSTzq9M3lkfIfrHTWWhQ,6YIDcz5adapxOsZURfTgOA,1,4
Restaurants,Rao's,4/2/2015,1PkgOFKh3Fy8U3X-HAIyfw,r-OZSniS8cxUGzysMSnOHw,1,5
Bars,Dom DeMarco's Pizzeria & Bar,4/3/2015,ChYtxs9wIwEWok1uncCeSA,eTGuciESK_UCP8HVu21iXA,1,5
Bars,Lagasse's Stadium,4/3/2015,MNghYDF6seE1IHLVVjy9BA,5JqLiB__wOB5vf6tHx-FLg,1,3
Bars,The Chandelier,4/3/2015,AAGssElsjeTjkeNzpTG1Pw,DVgMp_EoGArPkl_4CBW-lg,1,5
Restaurants,Scarpetta,4/3/2015,pHbhaKNMYK0WQrY6YlFEqA,sUxzewQLKvHc9RcsdBP7jQ,1,5
Bars,Vesper Bar,4/4/2015,6lwzCcHuyNkbtYyPGdwJAg,jbYzXyVsIiBDjpUykg1Qtg,1,4
Bars,The Peppermill Restaurant & Fireside Lounge,4/5/2015,vUyKIlOROcS17Vl-gVX__A,bxmzbiflVc2UQJ7xN4Lutw,1,5
Restaurants,B&B Ristorante,4/5/2015,CFZQqQyfoC7UZx2NbMDwxA,C-EnCxQ9j2q43stQ1P_Gtw,1,4
Bars,Artisan Hotel Boutique,4/6/2015,cjVEON4xdDLKAmL6gLwDWw,ZTijjDIAUmGq1vyY0xloqA,1,1
Bars,Commonwealth,4/6/2015,SBd1dkQME5PjObuXlzXcMw,lHHwLi_YZuDSfdlSShFkug,1,4
Bars,Gold Diggers,4/6/2015,MfSj_GkzJAvxms6N4Y860g,_FBmWTiq37OphKPtLZNfMw,1,2
Bars,T-Bird Lounge & Restaurant,4/6/2015,SqUNf3KLtVopcW1mf_BAlA,HwuAC0BGIZcC3c-vkVQpgg,1,1
Bars,Wolfgang Puck Bar and Grill,4/6/2015,DneR7PU1bsvw4Xhs9l9JoA,6RsB6eGpgAs5qeshK6HUuQ,1,5
Restaurants,Mezzo Bistro and Wine,4/6/2015,lBlmTob10i172csHESAc8A,-6pHk0DArNj0O7Q-QfAuHg,1,2
Bars,PBR Rock Bar & Grill,4/7/2015,e9fYWbyeVskHB-UyrPUwwQ,3VxbxXMkRm_jtxvzWT2f5g,1,5
Bars,Scarlet Bar,4/7/2015,Lhzw3msQlFgz1xjnpwXzLg,hcnHQ3NSgtASSAJHrD4ZxQ,1,3
Restaurants,Buddy V's Ristorante,4/7/2015,0N--eJkHe8_4ZBtVFYFOOA,otQp5eq9RkAGoPl0-68QZg,1,5
Restaurants,Mac Shack,4/7/2015,Tbsu6W9mCKKKLeCPbuEZlw,XpxK7cAT4R3wQjHOZccasw,1,2
Bars,Avenue Cafe,4/8/2015,MgIXdntRKhL8gTo-q5SkGw,jm8S2APwICr1Z4fhD-A-UA,1,4
Bars,Buffalo Wild Wings,4/8/2015,JPctY8arTnM7dadPYb1LJg,8Mcye83wl80ZB7bRvFq5Sg,1,3
Bars,Minus 5 Ice Lounge,4/8/2015,PwW5QXWTV1EDPTBGdE2nwQ,sMg3uPsdBmlzMD0hsQMMMA,1,1
Bars,Panevino Restaurant,4/8/2015,CLF1936dzp3Jfwy57EMurQ,cO1tsUKk5WaAZpsqST1zjA,1,5
Bars,The Peppermill Restaurant & Fireside Lounge,4/8/2015,UhgtAcKVTBdDV2aoLRo6jA,QKbBtORzDDEqzr09d7RF5Q,1,1
Restaurants,Brio Tuscan Grille,4/8/2015,7Z_llkNqlJ6hFF-3K5ainw,EhcZKrQJIS226xdm_qJ71w,1,3
Restaurants,Casa Di Amore,4/8/2015,lnvL25EoBCZaDJRShJf5yw,axdbwQyUpPYWeA4eCMcRkA,1,5
Restaurants,Maggiano's Little Italy,4/8/2015,EIgxrh7xZMmoqC6nfw9A4A,Mcx_ucK5D0qoLtMR22-dAg,1,4
Bars,Chayo Mexican Kitchen + Tequila Bar,4/9/2015,evr5QC0UQJlQf-xZG7CrvA,9CMX-FXQwWulku4vITQspA,1,2
Bars,The Laundry Room,4/9/2015,OxKruRxmwvxdq_Jb684w3g,NsSjQFZc4WmASZr8xKmuqA,1,5
Cafes,Café Casera,4/9/2015,NXS8dGF-FozqPFAMsebfpw,lVB2vVsITEPtg4yjqk3oxg,1,4
Restaurants,Fazoli's Italian Restaurant,4/9/2015,6UAUz1uocHexR1vq2_JSnQ,BtyYjhJVn4o1XX0qSfk3BA,1,5
Bars,Chayo Mexican Kitchen + Tequila Bar,4/10/2015,z5os1oIGP5gyh2BwkpIo-g,arWtaRu3Irww153CCC6Vmw,1,1
Bars,Gordon Biersch Brewery Restaurant,4/10/2015,Cxgt_hbRa4dVSssElkSAnw,gqkKPS92L_qG03gHaEtIsQ,1,4
Bars,SUSHISAMBA Las Vegas,4/10/2015,eNG0K-j0dEWka8b8JlaS1w,cmwVaxT1IUVhelvH7eXFGQ,1,5
Bars,The Peppermill Restaurant & Fireside Lounge,4/10/2015,BpvYKJEovoBMAm5fV9KdqQ,yB4kD58uUQQIQyIX3-IrMg,1,2
Bars,TGI Friday's,4/11/2015,hPI-dht5FbxGz16IZ7XbUQ,QMTQNQmp4hQ2o6hkRX_Uxg,1,1
Bars,Chayo Mexican Kitchen + Tequila Bar,4/12/2015,QulGdWWOMp0-iKYPPmIOpg,bWSflTGjNX9-7e4zwoS8zg,1,3
Bars,Wolfgang Puck Bar and Grill,4/12/2015,yZNUTcOidTL7m9Ac3aINEw,a_JHUPgs_T18Lfa-GmirWQ,1,3
Restaurants,Canaletto,4/12/2015,A6U1As-urZnH8EYkOP-6UA,_l5C_NfddOM1vOMCUIwIlQ,1,5
Restaurants,Rao's,4/12/2015,mmDKpmTjRD_xZkZS1YqZXA,5XGd9XnxOQrEWKEpfp7POw,1,5
Bars,Chayo Mexican Kitchen + Tequila Bar,4/13/2015,b1qp9eXcL5knohRBW9qJbg,Q0yn8cmAPlZuUWCpYlFR8g,1,2
Bars,Whiskey Down,4/13/2015,dWyCxE4k5rjU2YDJJ6VW0A,qhooXf7Uh8NP3mX6YG3Drw,1,3
Restaurants,Bonanno's New York Pizzeria Restaurant & Bar,4/13/2015,GavgIzs_Ll9Ta8_uhEjOJw,qlLTJ5Qm4UUIhNnzoRyslA,1,4
Restaurants,Mac Shack,4/13/2015,TXUNDO8TZa3CCCxKnQdXWg,XweddetOpWNuJQ5mLb_5JQ,1,3
Restaurants,Sicily's Pizza,4/13/2015,d5RBNLKU6LYaXB-b7wlVCw,rPxSQJCJKOe6mudWtsaZ5g,1,1
Bars,Chayo Mexican Kitchen + Tequila Bar,4/14/2015,kn7BL9sySc6t3ZNX-hojbg,iKqez4IuR4eWZv11E5xOww,1,4
Bars,Lucky Bar,4/14/2015,iZWAE5Ai_zpZGei_a7Wzpg,54CUfipKhygk1oGtYVwfbA,1,1
Bars,Myxx Hookah Lounge,4/14/2015,eFNFUEBFcBDPz6Wa2LnncQ,rmXjVfzcBKWShZcdxp6RRg,1,5
Restaurants,Capo's Italian Cuisine,4/14/2015,ocAKBmF9VOPu0WNqkf6XQQ,BH2SoUp_EBfzzTd7aU7zZw,1,5
Restaurants,LAVO Italian Restaurant & Lounge,4/14/2015,bLf-v5APD9sxphkch0u_Kg,9zYr0eNt-vwDRhk8xmtHQA,1,5
Restaurants,Mac Shack,4/14/2015,4e6aKXj7AJGOcorgEeZfng,aYc71liUI4vu1F4-FWEfdA,1,4
Bars,Double Barrel Roadhouse,4/15/2015,bhq-Wn4YlKFFPqa-ING-Lw,t3AoeIUm_cJEh-OU7kxBHg,1,3
Bars,El Sombrero Cafe,4/15/2015,M1oppdHi957ZqI6vNN9afw,byNXdH7mSkbrkNac6PE8vQ,1,5
Bars,MIX,4/15/2015,yJugr-SIe1xJljjHXTpVzA,7CjXfvnVxL1OJO1Tboq01Q,1,4
Bars,The Peppermill Restaurant & Fireside Lounge,4/15/2015,VZpDiqVBPFg9DkVwtHuocQ,J79SAyvg_nJPdz2c9KGi9w,1,5
Restaurants,Amore Taste of Chicago,4/15/2015,gaUOiS2dVGDpwO9kHLhlzw,cvO5zTZXW0n610CkmjpE8Q,1,5
Bars,Chayo Mexican Kitchen + Tequila Bar,4/16/2015,FpuF4VoYHlOaDh__c4XhGQ,DlzFNu0B40XMROB01NopeQ,1,5
Bars,Chayo Mexican Kitchen + Tequila Bar,4/16/2015,ymD4uCE6iu1Iowe417kMpQ,ZwqPuZqc-ZRlzoTTw_nFCQ,1,4
Bars,Twin Peaks,4/16/2015,gu76AhI7Z7VKxs5suYStTQ,D_ienjKY0LmGSE3oe1RNJA,1,5
Bars,Cloud 9 Hookah Lounge,4/17/2015,y3NJTgIYtaEVeTyU0hCcwQ,QhFVn8lJKBfDhht9x0AFaw,1,5
Restaurants,Casa Di Amore,4/17/2015,OcDtVqu7zHHWfBnPOm6DwA,_FdnQnPuCBvfkODM6e_isA,1,5
Bars,Cornish Pasty Co.,4/18/2015,AGiAZ5pn6vgWMQgBppQkUw,5uH0xiqIaF_0BSWiglZPJg,1,5
Bars,Hyde Bellagio,4/18/2015,s_FTTIqK-QX78OYcAMJpzw,1Ld-v_V_xefpVGnpp-R-fQ,1,1
Bars,PBR Rock Bar & Grill,4/18/2015,QmjR7fwDsLeNGROHuzxxfA,gwJQ5vHxce2Zvnf6u_8nnw,1,2
Cafes,Café Casera,4/18/2015,mbHyVCf1f1VZlSjRMPQYqg,TeQhkYFglW7WUylM4FWfrQ,1,5
Bars,Gold Spike,4/19/2015,5gn-scLHTAan-7eRi9l9qw,f3r3W8YPUcgRB41J8JE5EA,1,4
Bars,Rose. Rabbit. Lie.,4/19/2015,1t0PJ-UESXm2wG7tfqX7nQ,ylro2_-UkDo7SupizWiE4Q,1,4
Bars,Torrey Pines Pub,4/19/2015,yG5xM_mBnklg0UE2QbYyKA,K2mU3X55NLbSZg1q7AlqlA,1,5
Bars,Chayo Mexican Kitchen + Tequila Bar,4/20/2015,MkPi8yuTdtoV2NRCmGw5QA,xMhhEIIb1gQXurw6z2tFxA,1,3
Bars,Foundation Room,4/20/2015,In5HrEW9FeuZr2CZwIW9wg,K8MrEqq7IXevGsEuffm5zQ,1,4
Bars,Gold Spike,4/20/2015,crmqQl6zM3RgHJh48nDyVA,GPIV41wpKGS5XNvQeBtYjQ,1,4
Bars,Park on Fremont,4/20/2015,TQmLMjMjx5QsgTURjVr4ag,fmDuPq42vLKkOej3eHGAsA,1,4
Bars,Slice of Vegas,4/20/2015,h2Otgs5wPRi5mRUhBbDixg,45d4NABr6Q3jThFY9gJs6w,1,1
Bars,Tequila Bar and Grill,4/20/2015,e5qQT2tSF_1bQ9v2hKa0hw,ASKp7UnL6EJusGIBCOMVmA,1,1
Restaurants,Allegro,4/20/2015,6s0Z3NEYH5f6-ndgDRptyA,ApeMpN4okmvRtxzEG6zo_A,1,4
Restaurants,Pasta Mia West,4/20/2015,AUt1RtR2azVAj2WLSOIFxA,9gWfA0MHsMoFedeizZre_g,1,5
Bars,Hyde Bellagio,4/21/2015,nEeiHtmfpoZiFE7E4D9ryg,UiVbzPg1MB0wywgTiVVCfw,1,1
Bars,All-American Bar & Grille,4/23/2015,SdXpC747xBEFPY-LKC7EoQ,8NYTy5h7k0XXzNO8NISEXg,1,5
Bars,Chateau Beer Garden,4/23/2015,YSSTubU87cvMbGYFUPBimQ,Ib5rVkUUNJLJjs0VgKimaA,1,3
Cafes,Dim Sum Cafe,4/23/2015,mTmjVL0MPZDi3mTxooNBWQ,Kxz1FKtzKF9YVZ-PCXCaZg,1,1
Bars,Vesper Bar,4/24/2015,PFMWRJ_ORBkT2A6e5RAecg,N_X1lcwjagwALKv-fJ0KOA,1,3
Restaurants,Brio Tuscan Grille,4/24/2015,BocZp_AyIHchX0IkM9DXJg,CCcmolSvh4PQfMiAKr1uGQ,1,5
Restaurants,Nora's Cuisine,4/24/2015,FC74ruF4-cJDExlVwECQOQ,LgnH8cGafXxDyDUdFcYiNw,1,5
Bars,Azuza Hookah Lounge & Cafe,4/25/2015,XJ70IBlEM9RbxteaLWAsSw,vuwOThdCViquaEEd84S4Qw,1,4
Bars,Fleming's Prime Steakhouse & Wine Bar,4/25/2015,lbQcxhbGuwQbecWkLREBJQ,4TJabRONOA4UciuheMjaJg,1,4
Bars,Sporting Life Bar,4/25/2015,m3Xhj95jC8kEKFiErbk63w,MoDi0qua2MyFpUEE6xf0xQ,1,2
Bars,SUSHISAMBA Las Vegas,4/25/2015,g2H_511QEhIOT_3gPP-C9g,LbEK-rXn5dKvuMonJKve_Q,1,5
Restaurants,Rao's,4/25/2015,SMJj-k5PcMtsQLjhYbmSnQ,jtQUkzpBgqw1onh1C1vrjw,1,1
Restaurants,Trattoria Reggiano,4/25/2015,fiC8T9kOEs_ser1VtBYLxw,KcTx5WN5zMKoDbfaLXDhAQ,1,5
Bars,Gold Diggers,4/26/2015,N7s4KEIgxK1xV2086zIgEw,iUw1iMNhytJV8OJ0CGK1Yg,1,4
Bars,The Blind Pig,4/26/2015,te0bDiLrWT2Jr1ijlSyJtQ,UtOmwlCrQOp-GgLuRPs_ZA,1,5
Bars,The Lady Silvia,4/26/2015,F3NfUPsW7bqY8gE5ZM9yyg,8q46j4Hxe1fo_9iqVJRWGg,1,5
Restaurants,Sinatra,4/26/2015,NjjIbOp3FdCxudCRVDVvsg,iab63UWBhf5SKSW6Ds7ysA,1,4
Restaurants,World of Feng Shui,4/26/2015,JQSC_vdIq66eBkuA52p6SQ,eLq9Q6TMTNtvQCCxTxQAvQ,1,5
Bars,The Lady Silvia,4/27/2015,6F9Yql5hMmCPPyzOfoBa6A,n0QbPiZ8i2fp9OVmUcwIfw,1,5
Restaurants,Trattoria Reggiano,4/27/2015,FTrOQXQW75BsdoiP0_0qCg,gt_LBRc1eGiIMgL9--Q5Fg,1,4
Restaurants,Trattoria Reggiano,4/27/2015,Smv-Tof9CJQK58EY262p-w,K8CVT1bU_gbxAAc5N3FcuA,1,4
Bars,Aces Bar & Grill,4/28/2015,AXto4BoKHXymY3bMkMzIaA,BRPrYEn1pIAOaL-lBzfa-g,1,5
Bars,Rhumbar,4/28/2015,IoG8qnMDK1PVVJMxQSXykg,QlnV4GYRtdmDJU5PYT9FhQ,1,3
Bars,The Blind Pig,4/28/2015,1omVDBNTtWYHZ9HhBLI7DA,EGusnNdAf8GfI-3k_aeSjw,1,5
Bars,The Garage,4/28/2015,fj6uF4kPNffUipnzZCRoNQ,WCGN00qndYvxBjQw-CPq_w,1,4
Bars,Diablo's Cantina,4/29/2015,RXBeAKs8bJ7J0YoY8jHD9Q,jMbb2qCgggO5ahRiMqGxNA,1,2
Bars,Fat Tuesday,4/29/2015,eId57VBlETsAjIY3w6pCQA,4X0j8qWPEcwN87ckLsPJ6w,1,4
Bars,Oracle Nightclub,4/29/2015,lZ87ujyqaXHGvYK-J3IkAg,QZOVHeYPombEVl5_JQk_LA,1,4
Bars,Señor Frog's,4/29/2015,cxtyFVuSztgQ9Stin5Vz0Q,uDXok5aK7hkqBucGhoRURg,1,1
Bars,City Bar,4/30/2015,FtHDJBNxwQI5FXmoOO6v0g,a72gMj4auzn6PaAqqHK8rg,1,1
Bars,Fleming's Prime Steakhouse & Wine Bar,4/30/2015,uqZc81TCXu3FGelrfQv9YA,aOkY5qvqaDC7-HDO0WA6WA,1,2
Bars,The Peppermill Restaurant & Fireside Lounge,4/30/2015,UESyB5r1Z3dzkuRbIHp3bw,FXlRbPVfwzkLoUCxISEBFQ,1,4
Restaurants,Brio Tuscan Grille,4/30/2015,rMu5DCqsigSbBY4gfGnjvQ,Xg1cr7H3zvckzBRu7HU3PQ,1,5
Restaurants,Mac Shack,4/30/2015,3o6pIxvgFDjQ_UuZdfKVkg,W-aHAtlNA4WY5xvnedBh9A,1,4
Restaurants,Trattoria Reggiano,4/30/2015,pWY_UkH8pjcS2ADBeI3-_A,xS1UjWUaIOxpLU5PuSFdUQ,1,4
Bars,Park on Fremont,5/1/2015,FGvzLq2-Fvu6VbNmpeORPg,mEUYsdyDIefaIuCPSZ_i3A,1,5
Bars,Rose. Rabbit. Lie.,5/1/2015,QTaBA2T-NFoJC4DJ958-Xg,2YE8dhBnc5eBQ10HinWeFQ,1,5
Bars,Timbers - Azure,5/1/2015,Q8aggXwdIqiHj6zq1q76Qg,hFnMQwXIcWXQm2cJ8cjp8g,1,1
Bars,Fat Tuesday,5/2/2015,yiqnVe_FrcuxaPg6UXfZkw,MMIWXnZJ4O597-R28JwpKg,1,5
Bars,Morels French Steakhouse & Bistro,5/2/2015,LgqwJ26mB1anNhYFWVr9qA,b9_bWB81ihxwnAVjvkZKRw,1,1
Bars,SUSHISAMBA Las Vegas,5/2/2015,0O88a-Z_pS89YABaWed21w,T6eCxu_2oJZO_FA0d_AfaQ,1,1
Restaurants,Amore Taste of Chicago,5/2/2015,5ZxJ6FPVxsaw9YXKORYSrA,qwz6zcWC0N_Fs5PwSiKrvg,1,5
Restaurants,Scarpetta,5/2/2015,FlkO9t_h6kaEJEPBUOGGZA,Bjr1R8WNLgMrf8fa3u3Dxw,1,2
Bars,Hyde Bellagio,5/3/2015,q994Yak7XYs7QufF_FkD9g,2776pw1eObKxbznvV5xjHA,1,4
Bars,Slice of Vegas,5/3/2015,cm0YmCxh8szYUgNpUD_4dg,a31_3cVJYPhBm16zArP0nQ,1,5
Bars,Wolfgang Puck Bar and Grill,5/3/2015,jL6nMybLqUp8AlKVK4OZ0Q,y73f-Vv38NWs2wIXOemfuQ,1,2
Restaurants,LAVO Italian Restaurant & Lounge,5/3/2015,9xYSvUE3rKU7OONTMD_mFA,BQXLpZC-w2QbJRYKryBxqA,1,1
Restaurants,Nora's Cuisine,5/3/2015,ZQFBxeswGLYjhDigBnS-ww,l1VO_q9kD6es5BfxVRmeTw,1,5
Bars,All-American Bar & Grille,5/4/2015,c1YslyxE8eu8EAtZBIfYnQ,trW5X9ELacUKTfaPqRDvlw,1,5
Bars,Morels French Steakhouse & Bistro,5/4/2015,HmfqFDWqRNECBFTfbOeqTg,chQRm-RndQjTOFdYW_WR_Q,1,1
Bars,Picnic,5/4/2015,XdYeZmoOJDcAIlr8MEiplg,vy23HnjYq0jTYk_KGA_Hmw,1,4
Restaurants,Mac Shack Spring Valley,5/4/2015,HjJPIqXc4_JyR1GIwVdHbA,8IyskQCJn5d1ooiNawMFYQ,1,2
Restaurants,Trattoria Reggiano,5/4/2015,d8t6FiG-AV93dEnCXYNYlg,ialu9AZfrU27aqNxBbh_tA,1,5
Bars,Frankie's Tiki Room,5/5/2015,k3P7iNrNNuZKVHiti-ufow,MYKxjuFw2pLfKEmxap4xeg,1,5
Bars,Señor Frog's,5/5/2015,,1CR_9iLBhFTvUzmk7KDmHQ,1,3
Bars,The Blind Pig,5/5/2015,RFaurEsBoaPlPQX53edx0w,vyiHjaQlESGcXgEfEmH4ow,1,5
Bars,Wolfgang Puck Bar and Grill,5/5/2015,U4tfFJGvMH9ru97HPQq_HA,lXaUIDTDrsK2OX3x5xTtgw,1,2
Restaurants,Maggiano's Little Italy,5/5/2015,,ghxfRXPGpvQtFZGYoSGbcw,1,3
Bars,West Wing Cigar Lounge,5/6/2015,dstDdjRgT0rNsPg16EdLxg,HKGniJd__ClfdzZNKIXxMw,1,5
Restaurants,Mezzo Bistro and Wine,5/7/2015,NT1k4vriXA_12o_hRoZeIg,QFeT_zh20sJA6NgR--b18A,1,2
Restaurants,Rao's,5/7/2015,KhSKZvctMmGvGD-uScMYfg,QPT_c6ICG_ZNNUErWKJxJA,1,3
Bars,Eyecandy,5/8/2015,uGwm1KqoKMPwMOvvaKnrNQ,en7X7aQeFspoAmvpkt2JNA,1,3
Bars,McMullan's Irish Pub,5/8/2015,aJp1CXrxHdHEoLIS-1n71w,fTcwDDa-tyEdGfqbSFmYLg,1,1
Bars,Minus 5 Ice Lounge,5/8/2015,_WKT58dIE4S7OcqH2yLQNA,Fb_8z6KImssELPYhutOhPA,1,1
Bars,Park on Fremont,5/8/2015,4fzhWEg7QzygbHh50Y2eYg,Fx9VaMn47yIftDOTg20usQ,1,5
Bars,Park on Fremont,5/8/2015,DQ6JUeOviH8jmintU5XZ_Q,Lm8mrnaU51fX30TRoeyDpQ,1,4
Bars,The Sporting House Bar & Grill,5/8/2015,qF0-pKHCamHXTPLBiY7Vxg,UzaftO3nGQkx5QKlAWMf1w,1,3
Bars,Andrea's,5/9/2015,sa0awyq0McGomwdrABNjxQ,zdBfSsVoVo4AH78sYJC4xA,1,2
Bars,Rose. Rabbit. Lie.,5/9/2015,sXW83DF3MY64P6XBvfclpA,hc2AB4HcG42QN132LxDxZQ,1,5
Bars,Slice of Vegas,5/9/2015,3nWgPHMi07q6jY9zhHVcmQ,7VVpOs93hRAxMlzb_Rmv5Q,1,5
Bars,Blvd. Cocktail Company,5/10/2015,O2t__cyLXw7-utNnFxo26g,y7gJZa_1LFu-wZVckXLakg,1,5
Bars,The Blind Pig,5/10/2015,PTCrJ1-4fitPeyJysiBTzg,WSd7RS-Xa5bRCpuys0WoaA,1,3
Bars,Lagasse's Stadium,5/11/2015,Z3vNHTaR1lgMw9g-0i6MPg,OdF9BXrT1CRxQ7ZS8mXJig,1,5
Bars,Rehab,5/11/2015,FpIWYbOfAm0ZSJm26rBfOQ,Hv6DIPmV6Alw5_fQvq0qjg,1,4
Bars,Rhumbar,5/11/2015,xLxxDdzReOdkReqouzNY0g,b6U7A70F_hZtbCfL0OHMHg,1,5
Restaurants,Encore Beach Club,5/11/2015,o3iTcCi2lnrTRGSY2JyvJA,jF-H6Dzlgt8J_PAgznRN1g,1,5
Bars,All-American Bar & Grille,5/12/2015,32Fppk75kiiLsffEjm0j0A,j9-yUCuRgCUZefNp9a6RkA,1,2
Bars,Cadillac Mexican Kitchen & Tequila Bar,5/12/2015,wMfB7dx2IXhA5FPuZ-Futg,402qxdEycQaOCrHaLLp7RQ,1,3
Bars,Lagasse's Stadium,5/12/2015,qAaoDADKBOWAyuOlxZprjA,6k8O7Eb7sJq4djYSccqwJg,1,1
Bars,SUSHISAMBA Las Vegas,5/12/2015,lK2FZzcrXN-3VGJUPdbBoA,Y4U7Q5hpxXL0hr7G2h38tw,1,4
Bars,Andrea's,5/13/2015,eAuy60VsdNswfD7scc34cA,djylpDzSo8iHMv0V2ltgSQ,1,4
Bars,Buffalo Wild Wings,5/13/2015,sCuSDmAba9r8R_HzH2vtXg,doNamOIq4WZnaTtlfh9HLg,1,4
Bars,Chayo Mexican Kitchen + Tequila Bar,5/13/2015,yV4DISGzjb0iHuboTSB4Lw,dZyMcnUexnIz5m8ATf_HDQ,1,5
Restaurants,Scarpetta,5/13/2015,ACsauEgOgwS5QmpPifoYRQ,4uurdscn7Ay0WPT0fe5t_A,1,5
Bars,Blondies Sports Bar & Grill,5/14/2015,pWS3kJPUc3J-phOkZolV0Q,krzN_CXLDnuhqz-L-ijHKA,1,4
Bars,Hyde Bellagio,5/14/2015,ojPA8eOnqbBBkawx0bkBZg,4OjV3A7q9ZZMRccO3EMBMQ,1,4
Bars,Imperial Tacos & Beer,5/14/2015,d7Jsa7t7_PfLW31xqpFmnQ,AhILvNK56fm6q5gGWSLjAg,1,4
Bars,SUSHISAMBA Las Vegas,5/14/2015,AmT9Lnk5epxms3_85NRYJA,3Qif44hcSs6U3vtbnb1GRw,1,5
Cafes,Café de Cebu,5/14/2015,cATfiPAmLFflTIE8lhXjoQ,g4j8YBrLAUa1cDZJ699eng,1,5
Restaurants,Nora's Cuisine,5/14/2015,HAh6PvddZQ50E_39KyaE6A,TG3t6cwckF7Kk2Bgb0TgRQ,1,5
Restaurants,Parma By Chef Marc,5/14/2015,baZ_16xYCXrix-YnQiqhnQ,RyzN2svTnlOGFcsj-z3ZUg,1,4
Restaurants,Tuscany Gardens,5/14/2015,6CJE1aljLyjYmixsOGuLig,xPVn4vdPsYeBCPBAOLX3bg,1,3
Bars,The Peppermill Restaurant & Fireside Lounge,5/15/2015,23ulv_0CrbNXxLRNidABUQ,6dnsxJTBe1xL7yVfR5aGdw,1,5
Restaurants,B&B Ristorante,5/15/2015,rny9cwAlD0wtdqWBFI1Lsg,2T4WnDlpw4JPpWlS08Jasw,1,2
Bars,Beauty Bar,5/16/2015,mXWHU25XEneqZR3hPkYgkQ,nDjiuzYrSzd007JHCnmCaQ,1,2
Bars,Mr D's Sportsbar & Grill,5/16/2015,d1pQIecxY6SusEmN8GGmoA,dyQ6Y7n1lYkfKrE2Ko8BrA,1,5
Bars,Midtown,5/17/2015,dOydp0G1tYl6yj8nKNOl3g,Sw2wfweR2D9rrvbwu6d9LA,1,5
Bars,Parasol Up / Parasol Down,5/17/2015,ag90cMot0Cqx6qtl4nkLTQ,1KHWjeGhRKqk1PpPHUNOdg,1,4
Bars,Remiix,5/17/2015,Y-Tyt3G-miCRGtghlsudYg,b1IBftHdMwRCo7w1qJ-15g,1,5
Restaurants,Mac Shack,5/17/2015,YOHlJ24SWBEcfEJryXypMQ,Zm2kAERA5jzdUrgn6hCPWQ,1,3
Bars,Jackson's Bar & Grill,5/18/2015,opbyOcAJEMUzW7B0rQQ4wA,3Ak0T_UToT5ViQGCppiQHw,1,4
Bars,Rose. Rabbit. Lie.,5/18/2015,Uth5x2p-7e-yEDypr14bcg,lHHwLi_YZuDSfdlSShFkug,1,5
Bars,TGI Friday's,5/18/2015,SmRvLvikymovyLOHu5EkjQ,DsBRO3LKDiV15S3ToyU2_w,1,2
Restaurants,Lupo,5/18/2015,yWMSiVDgxj0BWJjxlmpjJw,zwvDYqq9XZ02_qOKCL7Jbg,1,5
Restaurants,Nora's Cuisine,5/18/2015,oSRL6d1Tai1AOL1m7qqYXQ,hMoVNShp4aJu4MlzUpK0Vw,1,5
Bars,Blvd. Cocktail Company,5/19/2015,oeAiKjRdB90HlXEL59Wc9g,aZLKilvzmvFwR0oDpK3qPg,1,3
Bars,Chayo Mexican Kitchen + Tequila Bar,5/19/2015,LNWS50EkkLtlIgJcsfkoKw,n3CBzv66LbNfvDjm0tMmrQ,1,5
Bars,She by Morton's,5/19/2015,We0Z_kedYWgdlWjqvW2zfg,9FREcX4YFGxa0PcARzJW8A,1,4
Bars,Charcoal Room,5/20/2015,DixDu1vsFk2IRWQI5-o4yg,xQpO4Jfi-Np3HLmJrQAe0Q,1,4
Bars,Velveteen Rabbit,5/20/2015,KcMn75K1kQO9GpD95QDPTg,EDumNGEcuPB0tQA0apkzVA,1,5
Bars,Wolfgang Puck Bar and Grill,5/20/2015,P1MJcntEHUGooXtlNHBFMw,N2Q6dzeEzbFu_ynXuTJAyg,1,4
Restaurants,Romano's Macaroni Grill,5/20/2015,DFnFU0tnnSjC6rg1xi4pew,nnn2DwQa1JXmzdWzhjTCPg,1,5
Restaurants,Scarpetta,5/20/2015,I0JYs4sK6MO9hG25ms_c7Q,XsYbFr1hiJ_un_HlBPcbyQ,1,5
Bars,Forbes KTV Restaurant & Bar,5/21/2015,bTlakbR73EropXghvRuH2Q,Rw6oRXlV9GX4n_YURc8f4Q,1,5
Bars,SUSHISAMBA Las Vegas,5/21/2015,dSfMJlqjRLGiI0Y7zIQu6Q,OgoGIIRzwYG6PIvHB_0Hdw,1,1
Bars,Whiskey Down,5/21/2015,gBVjMyd_RtVGnu8YQjUEVw,HltTqFcusgJEanjyVBAGTA,1,4
Restaurants,Gina's Bistro,5/21/2015,4kvWW7K5CeIU3FvNSEiYog,jZZw8BDg4vzypMA27Guqbw,1,2
Restaurants,Mac Shack Spring Valley,5/21/2015,c2W4hblQ_4nAMDG2dnkL9g,yUpQAY_M18_lkEJbYDyDbg,1,1
Restaurants,Rocco's NY Pizza,5/21/2015,j9v1ppVzwvxl4Y_ugwUQDQ,nDB3eVYxcRv0IMPrh7N-9g,1,5
Restaurants,The Bootlegger Bistro,5/21/2015,0SIslqVxje_AqDOawCShMg,its2D1yA7x7IoXKFhc89nA,1,5
Restaurants,Rao's,5/22/2015,tlW57TPcrctI8CTK7982mg,h60rSKNSin-vAfjH_vGZ2Q,1,5
Bars,Avenue Cafe,5/24/2015,ZVLuUxIxxvetjTyPH1q7AQ,dxl9ZmoFYymlf6q3pQqXww,1,1
Bars,Evening Call,5/24/2015,aiPK1Ex6V2NoIOrbIsVn9A,dxl9ZmoFYymlf6q3pQqXww,1,5
Bars,Fat Tuesday,5/24/2015,n0qA_MgvsuSHF4MCSKTQnQ,QhVMRycaxLqK7KL81dxFJQ,1,4
Bars,Twin Peaks,5/24/2015,GhRTTBwqihcC6r0639HTYQ,t4Mrpow1KEgbu7oZF50_7Q,1,4
Cafes,Café de Cebu,5/24/2015,Wx4u33NY2Ru7hpQr31pLLA,UeMR3y4L0ekaV4HBmP3HNA,1,4
Cafes,The Bagel Cafe,5/24/2015,WYAx3VpwTKY6wnyxdEQxLQ,2alekr8fj4797PSw-X1fzA,1,5
Restaurants,Scarpetta,5/24/2015,9z23vSkI949Biw4yIeCo1w,Ep4mQO6q0NAyv42ZtxlhXw,1,5
Bars,Hyde Bellagio,5/25/2015,hmXvqAGwqO5fMLMtGmtOZA,JX05zIdQ6EvxLc5W3gEXog,1,1
Bars,Park on Fremont,5/25/2015,fEj3QPK6C1WA8eEXjynszQ,xT2feJcbWTz57OT4Ops-3Q,1,5
Bars,RePete's,5/25/2015,DQTkScsD-QTAXpJmQ09rBg,ymkGNo_fv52yBKi8CEYmdQ,1,4
Restaurants,Allegro,5/26/2015,faEXo2Dc_wf-d2NY9Vdopg,loYhfZiQL70J-5QftlAL5A,1,5
Restaurants,Brio Tuscan Grille,5/26/2015,wZ-6QcxsAOzWBAKfS-4xMg,9p3frYfm3WHjO2I09ZMbjA,1,4
Restaurants,Sicily's Pizza,5/26/2015,5d2xUb3Q7SQFRA4n0kx8JQ,yME2Jpi-y3yzU9hWzOM9VQ,1,4
Bars,Chayo Mexican Kitchen + Tequila Bar,5/27/2015,8-mb7i78nLXcDTwBArVHjQ,1nQpAf42M-C7h3mIUOPSqg,1,5
Bars,Fireside Restaurant & Tavern,5/27/2015,KtO5QMg-gzMetsQLIYQpAQ,NSFMcRwQyweHWUwL4W7q2A,1,5
Bars,Mandarin Bar,5/27/2015,Sfngnmy0XLoIidhLhf78SA,oLAbWZXHwqOdbnVo9_mfww,1,4
Bars,The Blind Pig,5/27/2015,80dLKWwoMf-tHxaHqvXO3A,UHPHGCYBMLIvKr7d-8Opww,1,4
Cafes,The Bagel Cafe,5/27/2015,vk_OD6fQAyZyKPuqz4gRsw,uoNb5WFQYJ09eeXBOr5xMA,1,5
Restaurants,Bartolotta Ristorante di Mare,5/27/2015,fb_LaE-WbQbRbHWCyTc_aA,DHjk0hWvlFPVfGo6Lqhf0w,1,2
Restaurants,Rhodes Ranch Club House Restaurant,5/27/2015,4eRoQprYbpUHfZvX11v9yg,vcWOk-RXKJZTFDCBhoOqgQ,1,3
Bars,Andrea's,5/28/2015,pchs2ah3da8J0wjwVA-yKQ,nsPfA6jLMZDYW_gO1uoN5Q,1,5
Bars,Foundation Room,5/28/2015,qIYOT00M3u05cmzCeFt79A,vSZ11GKJGCKhIw-_Z7kBnQ,1,5
Restaurants,Casa Di Amore,5/28/2015,LcH1QAsvye5PFsCgOuc10A,ENd6V_UlRCUIwY1FP-GeYw,1,3
Restaurants,Mac Shack,5/28/2015,Tl635EtriNKQokwsyYaR-w,ChgmBht69bnqSdDxpWMAqQ,1,4
Bars,Picnic,5/29/2015,YfkS5FL6WoocSRvmEl2nag,ohEAfgrkKGKEf0L2pFdfxw,1,5
Bars,The Blind Pig,5/29/2015,gNTKjZZFwYJLqFTn_u7olw,WriGeUYvWoQ-ginLrGzDAg,1,4
Bars,The Peppermill Restaurant & Fireside Lounge,5/29/2015,RxobNg6AAM5EoHqMj4dl4Q,VVsuTB3VNL9j-8PEp7s6EA,1,2
Restaurants,Buca di Beppo,5/29/2015,0Fufmhm_kzuSvI6D5kvOoQ,6qEkGwvs839vQJrg2BLhlw,1,1
Restaurants,The Bootlegger Bistro,5/29/2015,sghR0kF7MZHo4OtFpxQxaA,9p3frYfm3WHjO2I09ZMbjA,1,4
Bars,Charlie's Down Under,5/30/2015,CXPvzH8NQGj8xxgS_TTk1A,bn2-HqP7rsIW5Jt5pJN4bQ,1,5
Cafes,The Bagel Cafe,5/30/2015,xlCgZTBa6WKbX28hEcJsSA,fCJ0yVKHBnpeIw2I2rGMXA,1,4
Cafes,The Bagel Cafe,5/30/2015,oTUU-_2jK3DkHjkQALNelQ,zbUpiea2aiJSKXjj2zQ5yw,1,4
Bars,Kahunaville Island Restaurant,5/31/2015,KD1i5CHwPIl5-BSDs1f8Aw,LOwGWfQlVUxHPQZycy3bJA,1,2
Restaurants,Margaritaville,5/31/2015,z1i0zDuSeP6tpWpMAXbMww,jzU5xfRMSSlj3nVbhrJXVA,1,4
Restaurants,Terra Rossa,5/31/2015,nktMRsH8vxam-LfY7kCwwQ,sY8xW8-Bum_s1NEuKdkyLA,1,3
Bars,Hammer & Ales,6/1/2015,KYLZ6cZMe_PWvwo-DpB49w,mD1uXKXoCgxfpf9wz_1utA,1,4
Bars,Hyde Bellagio,6/2/2015,qfOU-8BSftPyj2u7aohcWA,oLAbWZXHwqOdbnVo9_mfww,1,3
Bars,Social House,6/2/2015,Tkc-RqznjXfNG1dsjek8-w,a7hdiNwRDKKM0b_Is3XBpw,1,1
Bars,Blue Martini,6/3/2015,LHS_SGVzGw7CqbUbDmw0IA,ELxmzz2S-dN8gf9Zp-DHhA,1,3
Restaurants,The Bootlegger Bistro,6/3/2015,7gMv6cFGtzSXujPclQ67AA,4xbZHfOwcI3h0pMkgZdpTg,1,4
Bars,Four Kegs Sports Bar,6/4/2015,eMvqVYgDlEnEpS2qYj7_wA,FgNnGMtLze7jQ9nOUf4ekQ,1,4
Bars,Grotto Ristorante,6/4/2015,lI2uTXrqzlHAG0ti6UJPjg,RkNcFw5kgQHSmKrHbXKWEA,1,2
Restaurants,Chicago Joes,6/4/2015,P5g5Eu-ddStfcJfqhWzSnw,V-G9FtqmhFrAvBgfAC-83A,1,5
Restaurants,Lakeside,6/4/2015,9j_Q--y8-F0A44vSKFZD2A,CNHzZJ1MlbOCdBjV9PdUtQ,1,1
Bars,Parasol Up / Parasol Down,6/5/2015,_Z64YtqI25WA-EIpw9gyXA,Vojwco4zx95skmrprcJeLQ,1,5
Restaurants,Giada,6/5/2015,ZmcqDBuZFEhjxofnX3vEbw,t3Bntc1o9iP06fTpAeHuQw,1,5
Restaurants,Trattoria Reggiano,6/5/2015,T8Qls8tHhluqH0zgu23X8w,DSM-6zk5pyqgbPZhPBu8sQ,1,5
Bars,Bond,6/6/2015,8elDmzIO0VhM8eDaYhr76g,uowGzlY43N1rIZF5tOIOKA,1,5
Bars,Tag Bar,6/6/2015,AW7yjyWUBKvna8GVWlKgZQ,2NCA0pGpJ13O9xF8wTxIqg,1,5
Bars,The Peppermill Restaurant & Fireside Lounge,6/6/2015,Z_ONZqxaJnTdoC3gXiLW2w,IPnjMf7DdoYCJdKyYVEHOw,1,5
Restaurants,Bonanno's New York Pizzeria Restaurant & Bar,6/6/2015,pmyZmRFhaF5ljUjMowopJQ,x7OykGVmeK3TqNrpxiK7oA,1,1
Restaurants,Casa Di Amore,6/6/2015,pVyQn7NFCVdxKAApD62rAw,J7LZQ-tTmRAOfj4tO7THXA,1,2
Restaurants,Scarpetta,6/6/2015,7XYcfLDCVipJ5R0PYmBkuA,M9No0Jf44V89ljKd73u7vA,1,4
Bars,Commonwealth,6/7/2015,g8fF962XkgDqPPJmOdwRgg,WvfIBSiA-zwI9ktzBKfR-Q,1,5
Bars,Mandarin Bar,6/7/2015,XJXKip9tj3k5Gdr0bULpVQ,WSd7RS-Xa5bRCpuys0WoaA,1,5
Bars,Porchlight Grille,6/7/2015,fhtj7bKqXDzZaIGqCIoYDQ,hPzKt9Opw598KNjIP1nsag,1,5
Restaurants,Mezzo Bistro and Wine,6/7/2015,acltpajeMSFoBLoD2wQusg,FgNnGMtLze7jQ9nOUf4ekQ,1,5
Bars,Rose. Rabbit. Lie.,6/8/2015,X-b5qaZ5O4s5jVnxHLT7VQ,8jz3ko2xqdxpAJz9O8VZdQ,1,1
Bars,Rose. Rabbit. Lie.,6/8/2015,lrHlfnsBTw-nvlDIQ6qTGw,stLUAl9ZlJO0TRNliSgcMg,1,5
Bars,The Chandelier,6/8/2015,xelIsseBckoPva4d5ebHYA,lHRYXWVurN3WqEoddtZomA,1,5
Bars,Wolfgang Puck Bar and Grill,6/8/2015,Jx0ljR7a0X0LBfaFwNqKOg,gvjQxneMjT8l_A64QAHE0w,1,5
Restaurants,Giada,6/8/2015,coc2SqC3GCOP0lpjsvZGSw,1ojp1M9WiLnej0rcmwEAgA,1,5
Restaurants,Giada,6/8/2015,xiNAutHDFkUKfw9Zbk8TrQ,bZRQxgeB8KBpmEapImZ9bQ,1,5
Restaurants,Lakeside,6/8/2015,qjwlfPqk-609nq8pSNyQOQ,PLhsEVnqZv2a1y6J0pVAsQ,1,5
Bars,Bond,6/9/2015,vs1ogjhmRahe7TyYdOBGLg,1EZSrlW6gUvjayYqhstWaw,1,4
Bars,The Brentwood Cafe And Tavern,6/9/2015,,gBoMkFuGtVBUpJqtRL3qAw,1,4
Restaurants,Buddy V's Ristorante,6/9/2015,9eJSQxA2wSH2uSxr02fTnw,s0byId--erazZoJITTBG5Q,1,2
Restaurants,Zeffirino's,6/9/2015,pxutKrAkt__WE4A8CyTUKA,ytKHcMvTIY7E3Q9akNhBMg,1,5
Bars,Blue Martini,6/10/2015,3ayPjPqjDohB1yyJAIWHcw,3Ak0T_UToT5ViQGCppiQHw,1,5
Bars,Blue Martini,6/10/2015,Gh8IxUShCQ4HwkIUINVqRg,uSDW_cHBHSiQ4Msk2UK6Yw,1,5
Bars,Blvd. Cocktail Company,6/10/2015,cObDSKCWqj6TkMZF31k2mQ,FY5XfaXhYv8iMH3vlvmuKA,1,4
Bars,Imperial Tacos & Beer,6/10/2015,o-Y7h2AwMsNoCP0H3n8NWg,PACu8rM1GLb9Bh72UtA0gg,1,4
Bars,T-Bird Lounge & Restaurant,6/10/2015,0rEAbcbRe86SOsIWCwE07A,5eHCVa2kBzYRyRiI6V96jg,1,4
Bars,Tequila Bar and Grill,6/10/2015,18jak3XVb71OPDDs2VaJOA,DFbDRDqEIph-GflsGv1fWw,1,2
Bars,The Peppermill Restaurant & Fireside Lounge,6/10/2015,a5HaEJ2aOnWgAqJ1mAXFUQ,QJNzunddCLjHMytjamByHA,1,3
Restaurants,Buca di Beppo,6/10/2015,kLOtIM-esDOY8uRqMF_nUw,9BXctVOUJYOrGOJs39T7IA,1,2
Bars,VooDoo Rooftop Nightclub,6/11/2015,qZMfTNtlOS9Sn6t73eF9Rw,OUGmPa1x3LH2LpzA-UqG2A,1,3
Bars,Four Kegs Sports Bar,6/12/2015,uoDPJZrMLId2WCE4djEeOA,C-aLambSnmC4j1JCHlQFcw,1,3
Bars,Level 107 Lounge,6/12/2015,IznB7bE6dXLcPi2t-l2NPw,0_YGdwQ_UqFB1ar3AFyS1Q,1,5
Restaurants,Brother's Italian Bistro,6/12/2015,dtZB27M7ZyBxpBq0q5_WMw,bSPUfe7iHZgL2X6nZIWKIg,1,3
Restaurants,Mezzo Bistro and Wine,6/13/2015,Z4QXu3GVPkRZJskKiahNRA,jTnja8li37duusoYXEJ7Yg,1,5
Bars,Tilted Kilt Pub & Eatery,6/15/2015,rWSQob31yqhnc1KV15udGw,aDeWL749QPMdSyZiw2pJmw,1,5
Restaurants,Amore Taste of Chicago,6/15/2015,RuEunTOXGkldWcicNj5VSw,huKYBfeFtYCOWs4I-GESSw,1,5
Restaurants,Scarpetta,6/15/2015,,JbKmrGeUJoO4oTtrxtq8pw,1,5
Bars,Embers,6/17/2015,DapHxIF6yWzjeQUGoCXcxw,ETfCjEwSI0bzvcnnGIw-vQ,1,4
Bars,Layla Grill & Hookah,6/17/2015,gHe8HwpRKyVZLwmSc-tFMA,kTcrPHzp-XvJaPVCS5PCWQ,1,5
Restaurants,Ferraro's  Restaurant & Wine Bar,6/17/2015,ByoaOrY1s8LvDeI7wns_PQ,cTitLwSO2eSTn3UX6OJQAQ,1,5
Restaurants,Terra Rossa,6/17/2015,4wzEczqoLHhHCSjMmdx_Ug,Yns3Bj_gCgICeR1XMvsQNA,1,4
Bars,Bond,6/18/2015,yqHRTAj2J25ciJZIsQKe5w,BVZCEL0fmyuFRMPW01EAqQ,1,3
Bars,Islands Restaurant,6/18/2015,4GzcDXIcTOs7-kzDuFpJXg,kqWJT9JpOOG5kz4uiN3sYw,1,4
Bars,The Chandelier,6/18/2015,wcM1zalgGHLkug5GsG8vzA,Q5MmRXrmFwTbUyPq3QuUqA,1,5
Cafes,Café Casera,6/18/2015,GmiL6AnHOdZbt1uHntibOA,6gAUg6gUBZT4bYCQztZxgA,1,4
Restaurants,Giada,6/18/2015,Fwu6VVSeTO9OJJzKvOxtxA,2nM6phE0Emudtw-feBLWtg,1,5
Bars,Backstage Bar & Billiards,6/19/2015,DHYqP6LMbtSuTuvgLYJ7gQ,DOmHGajzkALlrga7KzryJQ,1,1
Bars,Diablo's Cantina,6/19/2015,8-losVt3heupurFsQnPxdg,gSLy4fdXb2smyGGJ7TAxNQ,1,1
Restaurants,LAVO Italian Restaurant & Lounge,6/19/2015,D2NK38Qm0FDqB_Vm61GwHg,jYkXycBe9zPggbOUX0rqEA,1,1
Bars,Buffalo Wild Wings,6/20/2015,Zrxdzd_rfjn7IE-Ou2uy5g,ommQ_F7kQ-FVyS4QMDDf0w,1,5
Bars,Gold Spike,6/20/2015,ZlvSYc9Q4Z-QzoJoMql6iw,0BVvTLuCNrW4oj-o2yZD9g,1,1
Bars,The Peppermill Restaurant & Fireside Lounge,6/20/2015,zpBzSDIGReUvLS-XwKLhJw,sN12nxQH_X6FtCQe6tWa5g,1,5
Restaurants,Circo,6/20/2015,x6Cv9n7A8zI6d_xeWLhk-A,GmdwVJ78pJPeZkPrWA8UMA,1,4
Restaurants,Lupo,6/20/2015,eJvvyWT3rmAJtfDTO5sUCw,MFqYAOAF-RKr14j4Orx75w,1,3
Restaurants,Nora's Cuisine,6/20/2015,zvM6y1hfIE3K9muqxleBPw,lPB-R1QMVjJ0cpl4SkD-lA,1,4
Bars,Buffalo Wild Wings,6/21/2015,kg66DG7-hP27c7mWnTqQpg,O6vudcMGcGDXNlLhE1svwA,1,3
Bars,Hyde Bellagio,6/21/2015,Y8pakD-rPdv7Y3XW3mZFSw,TmgMwqu9Isbklg69AZrpcw,1,4
Bars,MIX,6/21/2015,2oF6geipHUbzpKok-f6wSQ,Jg0A7JnhX7XXo_JrTaqbtA,1,2
Bars,The End,6/21/2015,8od6qxE_Zz3_dRXU262ELg,HKGXB_xUIc48Meixgr9dZw,1,5
Restaurants,Buca di Beppo,6/21/2015,gNM-LbolLVlGKrwhX-dWjA,jXHjrcPC8qseC_8mc6zjKA,1,3
Restaurants,Giada,6/21/2015,RXdWR9s3Vm_SESVMfmx0Zw,WvTeukR8oFpViG-Jl8sPBw,1,1
Restaurants,Mac Shack,6/21/2015,AHBbgvXMdMZdJvdWaJ0UfA,aaYvX_YccsQ3lwGS3rJJ2Q,1,2
Bars,Bar 702,6/22/2015,Y335gbKN7g0u-QgiV-Xziw,9J678VVUYLIvnYm6-hgZ5g,1,1
Restaurants,Nora's Cuisine,6/22/2015,DZigfcjR2kWUUuxstAy3Gw,MK7O8EitQxTB479O3vLzCA,1,5
Bars,Dom DeMarco's Pizzeria & Bar,6/23/2015,vT8DllXsbDQblXV8e-DuBA,zk9RRMWFIvZxFTYwfBMsCA,1,5
Bars,Four Kegs Sports Bar,6/23/2015,0vxPn99Mhnyh1BSANvUD_A,8mgyJHYKxIV5iccyJwdxyg,1,4
Restaurants,Encore Beach Club,6/23/2015,0k05lzZ8pRLLbf13uPUIvQ,D-AqRF0clJQZelYyAjgMpA,1,4
Bars,Imperial Tacos & Beer,6/24/2015,lDwnE2onBGldDBV7vYM-QQ,fnwpkTisn9p1jjRzDxlf_A,1,5
Bars,Mr. Shesha Hookah Lounge,6/24/2015,crFaKUQgwPpOkCDtdhfQXA,OE9DydSyg9QLB7qVPyPB0w,1,5
Bars,Sierra Gold,6/24/2015,BV6V-EKHmYWJ_A5ie0HN2g,cozZf4a0DnrIg_xXy0caSA,1,4
Bars,The Laundry Room,6/24/2015,UWqXAliJUK9GYstSQmgWjQ,f0vmbwwXEZiARCwfJMqwHA,1,5
Bars,Tilted Kilt Pub & Eatery,6/24/2015,_PXQ-LpbhoinPMZA0Rz5Pw,aa_2z3GQQXv97xRi1RAEZw,1,4
Restaurants,Encore Beach Club,6/24/2015,k6k78fQJ1Nk4-tM03Qj9PQ,NipVmpb1HtycV-eceK21RQ,1,4
Bars,Five Star Tavern,6/25/2015,AsLb83kpmFb_AG2cfngpUg,_ZDBQbWgf1kQ1SWgtPwTxg,1,4
Bars,Rose. Rabbit. Lie.,6/25/2015,xsJcDJA3qhnOSXCav8C6dA,3xmdCeTGOQLB9w2qXk5QGA,1,5
Bars,Tilted Kilt Pub & Eatery,6/25/2015,uxyNoNSUUQcDTyLOUxYF1A,4Q6zWWfRQ6ked3KXedYQkw,1,3
Restaurants,Encore Beach Club,6/25/2015,t6ByFTUnp4KHxcFu92ha8w,t3AoeIUm_cJEh-OU7kxBHg,1,5
Restaurants,Nora's Cuisine,6/25/2015,DcjotvPgjqSX4gUx0g4Jjg,wD2G9V91N08pG9sJ-3hVIA,1,5
Restaurants,Romano's Macaroni Grill,6/25/2015,KDPVWY_T31J1yCo9alZ4YA,8uad4Tk1pXs3A5UM3-TKJg,1,2
Bars,Layla Grill & Hookah,6/26/2015,LlKWVhR-QcZ_a9XnxF--rg,7bAorXHtIYaNR7ScdBv8_w,1,4
Bars,Slice of Vegas,6/26/2015,N_L0pj4Z7cllXOSgMfFaZQ,gL_ZCYyJCnxzhdZzgcDTMg,1,5
Cafes,Sterling Spoon Cafe,6/26/2015,zUaLhEax-4Ar7FK6ZsITrw,0oRRgipwHG-_yMlh6sp60g,1,4
Bars,The Brentwood Cafe And Tavern,6/27/2015,wqsYRP_A5xgyV9odawGhdQ,ILldYvVupWZBHvQ1W4ob4A,1,3
Bars,The Peppermill Restaurant & Fireside Lounge,6/27/2015,gppJLJ17odQiIAIqbLjVfw,RpAX7fYyObx3qedceKPbUA,1,4
Restaurants,Battista's Hole In the Wall,6/27/2015,_OXZ-nYTdWt0BnXwiPXCMA,RpAX7fYyObx3qedceKPbUA,1,3
Bars,Frankie's Tiki Room,6/28/2015,AR7Fns8g8eEybSkdHHhlfg,FA_fz1A-FciwVGgN0H6pTw,1,5
Bars,Hogs and Heifers,6/28/2015,,JdA3ngplH94WtukfmZnqOg,1,2
Restaurants,Buddy V's Ristorante,6/28/2015,KSTJH-Oj3hly2ng1W4iZvg,veIah3vVQ-yKQT1xvXCJOg,1,5
Bars,Blue Martini,6/29/2015,5nNi9NIePdL3Xnz72U5NAQ,7fRcuNzduMINVyUhPdmV4Q,1,4
Bars,Commonwealth,6/29/2015,M2WZ__S7nPvfc3Ru2EYbzg,xj6NkHKs40GSnhRrWOuzUQ,1,3
Bars,I-Bar,6/29/2015,3STbN9HE6pGEFTCeKz8CGQ,nQlVAsx3OT38pn6feoQGIg,1,4
Bars,Park on Fremont,6/29/2015,PatZcZjJtFi1WeVbYv021g,xj6NkHKs40GSnhRrWOuzUQ,1,4
Bars,Sierra Gold,6/29/2015,pJdDLpfrSkKURv83MK-xnQ,fjDVJfVSRd-NcFjW9XcZxw,1,3
Restaurants,Tuscany Gardens,6/29/2015,nvtG6TSaWu1klQpRQE7i2w,9g55g1EYVbdwUUF80MVTIA,1,4
Bars,CUT,6/30/2015,XvpkFHW60NH1rTtNio4wag,X-kqqci2HUZjcOAiOPhtxA,1,5
Bars,Double Barrel Roadhouse,6/30/2015,rjEGjoD5dEeT_abiR_la1Q,Qew7qNGE8ksnrZmwrOvAQg,1,3
Bars,SUSHISAMBA Las Vegas,6/30/2015,l-L1NmnMs-DhONLbgKwU0g,0Ie8aHRDYl5d9J0vUpvVDA,1,5
Restaurants,Buddy V's Ristorante,6/30/2015,ZXKM8g9ZBB_yY0q6M4VJ9w,hq58wVaBGIQi950ScNdYbQ,1,3
Bars,Nacho Daddy,7/1/2015,QNg0WgriyZiUgW2zFEfjJg,pYz7z_1130tw21C47GNKHg,1,4
Bars,Social House,7/1/2015,L2bXeCBe9zmjLLB7Uc449Q,pUzI2QbbXsjcwkqiGgpG1g,1,4
Bars,SUSHISAMBA Las Vegas,7/1/2015,5K9HmzZ5ERz2Vm-LrJOQcg,xj6NkHKs40GSnhRrWOuzUQ,1,5
Restaurants,Giada,7/1/2015,x48JU7NE4uoRGyGk2QB7mQ,0WSxBCyKoa1SvXFRtatF1w,1,5
Restaurants,Nora's Cuisine,7/1/2015,QJTz_tUnZ8EA3pdyMOptCw,fYyZovYIF9fxU0muOoVXzw,1,5
Bars,PBR Rock Bar & Grill,7/2/2015,z2Kor8AOCDx2XfrmYYKHww,aOijjqh04YgfNSWVsRQIew,1,4
Bars,Velveteen Rabbit,7/2/2015,7W_iND9y02rOS9QLXLdXZw,hqP2xTf9QGwjOfCSTS1B6A,1,5
Bars,Center Bar,7/3/2015,4U3bb_9l5KK_FP6aYmjDyQ,S4L7sHE3h55tNcWQ_2hFTg,1,1
Bars,PBR Rock Bar & Grill,7/3/2015,ZKxgo7en4b1vZ7OrY5PSoA,nEYPahVwXGD2Pjvgkm7QqQ,1,2
Bars,Dom DeMarco's Pizzeria & Bar,7/4/2015,9xyjvHcG-HU8HkDgqO0cMA,uzEwKP_Hej2I92ri2PbHQQ,1,3
Bars,Embers,7/4/2015,2p3mBJekgdJqvi_nvcjcig,Bf_3lZAWvB3rclxGRuXpbA,1,3
Bars,Mandarin Bar,7/4/2015,NRvVBsdNMf9opvjYY2AP5A,pzmzWFoVIKpuYYG_b9bgJQ,1,5
Bars,Embers,7/5/2015,ZX6Kv6_xT_b5j73qFfkqlg,y_jhaycPCL_L4hOSFrFzjw,1,5
Bars,Gold Spike,7/5/2015,ruT6HJ5O83yhwY7W7szWLg,cPPCupyGZbRr8xmBx4OfYA,1,4
Bars,Rose. Rabbit. Lie.,7/5/2015,EIAxpi8SuTGNj7yMlyisoQ,n5OTUtP61i_VixZ9esrJbw,1,4
Restaurants,Buddy V's Ristorante,7/5/2015,YZuQqtnsuUATdHMF-a51eQ,b0W8EUA6TSl8HIV-j2PMFQ,1,5
Restaurants,Buddy V's Ristorante,7/5/2015,VehjcsV-uvWKbpRsCkSgSw,R6wKmnJ6b4sIBNTGJ446ZQ,1,4
Bars,Buffalo Wild Wings,7/6/2015,8kL8BVTk-kJpbB8FHcA0Ow,mmjhfsOCrVImBBYFqSt7DA,1,1
Bars,Buffalo Wild Wings,7/6/2015,4utBUe-_c2ZnECPdqs6mRQ,TiR4prDjhk1BQCQH8HiZyw,1,1
Bars,Kahunaville Island Restaurant,7/6/2015,rNhAvZPQ5PCf_ReOsPtd5A,IUcNQl34g0NM4oylXHY5Og,1,1
Restaurants,Il Fornaio,7/6/2015,zzD1NZShtcPSeVlPrxwelQ,8wVEQFuvnYk3eR9AiISyMA,1,4
Restaurants,LAVO Italian Restaurant & Lounge,7/6/2015,qRpK4J9NlAl91cbxf20SQg,wVu8zWd7hvHFCkB3Yg3zXA,1,1
Bars,Hyde Bellagio,7/7/2015,ZWJL-4VOtl0jogIjvx9nKA,8fQFYaOJsMZdBTKYqphyug,1,5
Bars,Imperial Tacos & Beer,7/7/2015,nc-hhZYMFUvvtpuL4Ky1Aw,792QE076zGPh2w2CDciVRA,1,5
Bars,PT's,7/7/2015,25tdFGc6DNaytazfCY_0kw,lAxx1fR0izJcIGw12lx8lw,1,2
Bars,Slice of Vegas,7/7/2015,Wns6nRoTHOY0hjD7rlpbaA,hWItFT8Zsxqy-TcW4XLJGA,1,1
Bars,Layla Grill & Hookah,7/8/2015,EMtbQB9QmAXSHpsDvdRXaQ,anK3zOi5LLiNQbMyOxXUaA,1,5
Bars,Park on Fremont,7/8/2015,ua9UEMpBET_Gk7MPXEhV6w,nNkPl6f8IJ51EF1H92Iubg,1,4
Bars,Tilted Kilt Pub & Eatery,7/8/2015,coZqhwqoB3oHnoOxdvHgOg,9ujvnz_POhGBFhOVzcNkrg,1,1
Restaurants,Solaro,7/8/2015,Gw5JWy9S5IQFLy3ZVD5v6g,9rbWvL31DweO3qxjPMNoGQ,1,2
Bars,Andrea's,7/9/2015,RDgceRSJ-RqtBnDtNcA-YA,FWg8GVx5krehRG3IekNhxA,1,5
Bars,Diablo's Cantina,7/9/2015,-ef-6euiLuN1MDQJyb5hMg,tDfRLH0zkC7skvOg0OLMEw,1,3
Bars,Frankie's Tiki Room,7/9/2015,BB54XXd42gmt6F0_EoUTew,Bf_3lZAWvB3rclxGRuXpbA,1,4
Bars,PT's,7/9/2015,VQJGDfQ89ktZ7LbI_zA6Fg,agYGon1OXsW-AXvz6UnwbQ,1,5
Bars,Rose. Rabbit. Lie.,7/9/2015,cG6CmUv1TjDMsxJG2Euqvg,a63C-WCze8wHkMw4tbBEcw,1,2
Bars,Slice of Vegas,7/9/2015,cw310CITavDTFhaoYMmhLg,oZpJWyKHwFJwSmavJxn5oA,1,2
Restaurants,Il Fornaio,7/9/2015,G1WBwZssfacfRadqufs73A,hRtmhUB-oHYnNXCdlp6ARQ,1,2
Restaurants,Tuscany Gardens,7/9/2015,DH4IK3VfScdGmuwDKazo5Q,WTT0hi0IOO-zl_s5e-qQ4Q,1,5
Bars,Minus 5 Ice Lounge,7/10/2015,6baY7-p1argZvkI8TjFNzQ,fW9LVqzhuvzu_mryi83Dog,1,4
Bars,Señor Frog's,7/10/2015,8mcOP4p4y1771EWOKzQwdA,X_CNKPJf5z_xosxYXf0IJg,1,4
Bars,Sierra Gold,7/10/2015,n5Nmqfpjv1Hzm2fUwJdRjA,R6Hy_V_HoHuCpIubgV8umg,1,5
Bars,Social House,7/10/2015,YrAVeIqUTVFAX3QGkgYEng,lI3D6PjsILGfPhCAkGuIEw,1,4
Bars,SUSHISAMBA Las Vegas,7/10/2015,7hl5QIzdx9a3COYVPUyorA,CUgE2pKQ7TXVcxunDtqmmA,1,5
Bars,The B Lounge,7/10/2015,vR7bZ7FvHP1EeLjTytgg9Q,fW9LVqzhuvzu_mryi83Dog,1,2
Cafes,Café Casera,7/10/2015,2wZCFixEk4j-R8IJIOU0IA,ojqSz7Hs2owJlBOMlvA2MA,1,5
Cafes,Wake Up Coffee Cafe,7/10/2015,1AcLeDlVx5kdhmphypVj5w,8ESQqvaT1qwdV7l6XfN_Hg,1,5
Restaurants,Il Fornaio,7/10/2015,7UzcexJL_ByO9s0wN89keQ,LFZEPbbOMHJRBLki7V5XNg,1,2
Restaurants,Maggiano's Little Italy,7/10/2015,sK3_X97jAKEwv2OFZ8yzOg,f_p0zaGd6Gm5SBVycANznw,1,4
Bars,Morels French Steakhouse & Bistro,7/12/2015,g58e5vJmBr3M4YBzAezpvg,Qql6iP5GcXKyii9iIBoQgQ,1,5
Bars,PT's,7/12/2015,VZhZ7fTIY_FZigriA0WCnA,bNg_ujmPTXRQTovG1JSLaA,1,1
Bars,SUSHISAMBA Las Vegas,7/12/2015,LuDKfUw34zuKx65q-KALVg,bJZpA9_zstijiME0jqrUxA,1,5
Bars,The Blind Pig,7/12/2015,uzSIAJytG8GNMDyLRrApWw,Z81MOZubkQAvai-JzVplQA,1,5
Restaurants,Buca di Beppo,7/12/2015,kxyY5w06DNGUs7vxafztiw,8yIfFdRAJFzfv61omVeQ2g,1,5
Restaurants,Buddy V's Ristorante,7/12/2015,2z3UuTaqAi021jHcZ0Bpqg,vUb1Gcmp4bj8-_tL8HYfXg,1,2
Restaurants,Giada,7/12/2015,hjqaQz7woY4Rm6dnVI4f-Q,0GSMN8Elx-K6kbd6c3wS-g,1,5
Restaurants,Giada,7/12/2015,MGRDmohTYuGXO4UZN3SYKA,LEL1_6acicC5d-HFZ02ZLQ,1,4
Restaurants,Margaritaville,7/12/2015,3-6BC2joYwHWKCrehtSwNA,cf-8rfl-qSMgnktuP7at2Q,1,4
Restaurants,Margaritaville,7/12/2015,5ucRgXk8Z4crVIf69QTvoQ,w80e2zT2bJ2I8XZZL-q4Qw,1,5
Restaurants,Parma By Chef Marc,7/12/2015,fMlHaf77AND7XN_QIEWzhA,u-z4zWDTW604g_N63hXqUw,1,5
Bars,Blue Martini,7/13/2015,2w1zdbKEc0Dz_B1tGBGTNw,73-3VyvxLfKJvTehtesDDw,1,3
Bars,CUT,7/13/2015,RYSvaLXmtcnY6d84lMHNIA,MrSZXLtWpwexR_9_av4B5A,1,5
Bars,The Garage,7/13/2015,eeXyAScsIUFnpu1bnaP0tg,RZtzfSsUjQuUOuDG2DV0EQ,1,5
Bars,The Peppermill Restaurant & Fireside Lounge,7/13/2015,Z3Aqm2Ut1GzSvvLpd1TrOg,IiHleuQ259pw5SzE-zFnlg,1,4
Cafes,Grand Cafe At Red Rock,7/13/2015,vsl5YMA8zjE8aN94tPW2bA,yXR1wQSgM3DBugF_90RYgg,1,1
Restaurants,Buddy V's Ristorante,7/13/2015,Ud88HMwS5YEpMRxO0sngQQ,cuMGx_fmgfT-pEs3k8ijlg,1,5
Bars,Fleming's Prime Steakhouse & Wine Bar,7/14/2015,GFJQ-KnGMSF8mkDqWIhWug,pOf3--Xak-eJDAAhjYzpNA,1,3
Bars,Hyde Bellagio,7/14/2015,zzzcgHVQ_wt9Bwpgcd0zRw,iW24k1M4KQvY-yWodlPbNw,1,1
Bars,Rose. Rabbit. Lie.,7/14/2015,IHDsxMoXr99u_awLlXL-Pg,1fgKqvcZbFpY7sbgCxxyvA,1,4
Bars,Rose. Rabbit. Lie.,7/14/2015,K4HEtAfUgIDA1PszjcOW4A,lfVgsnU5vED3wy5aIC6LGw,1,4
Bars,T-Bird Lounge & Restaurant,7/14/2015,lN2Se43G6O0rNy7sv0LCgQ,XfqGao3kjs4JjvvLWI5Tww,1,3
Bars,Wolfgang Puck Bar and Grill,7/14/2015,CMJSOihu82oFVbLcClZvFQ,6vAr_bLcgMDlYNotMm9k5g,1,2
Restaurants,Buddy V's Ristorante,7/14/2015,zz8cJsw8FqfM6GnBKDeIgA,CdPU0QYV3QTwJfQovMPpag,1,5
Restaurants,Giada,7/14/2015,ytlEBB9kuAysTSeTGJADog,BdvzXubYzaYhDEyRtEwX8g,1,5
Restaurants,Giada,7/14/2015,BDhPbO1zsL37BheMhg22Iw,cTU1DSkKH8b1DyQbNIsW2g,1,4
Restaurants,LAVO Italian Restaurant & Lounge,7/14/2015,L4izGh_Iztroast7nTNAOg,n4DdYdaBimuNncdKKPKsKQ,1,5
Bars,Avenue Cafe,7/15/2015,A_vnqjYTdABuNJkDH04tOQ,2J8zVsFBHmVYL70snDmjuQ,1,4
Bars,Park on Fremont,7/15/2015,TYw4dXpo5nVzLP_H6frJvQ,lkUcGqnsb9Jm8V4QxU7OJg,1,3
Bars,Twin Peaks,7/15/2015,Ou8BAct3TugCU8qWBbItSA,oYM1vtgK2lSbHZ_wFjsqVQ,1,1
Restaurants,Casa Di Amore,7/15/2015,KLH6-K-J_dx5cijeHZiPHQ,SjKnYKM-wrBVK52lw3tjxw,1,5
Restaurants,Scarpetta,7/15/2015,3PXmEgoWlcq72SNVYBAUng,Mw4T4LeSdwnoHif7Voay8A,1,3
Restaurants,Margaritaville,7/16/2015,hdnxZgEPK02XKxeT65nWiQ,ck3CqaiWwpaPyaPXRC7fKQ,1,3
